index,type,name,resident,streamed,parentStack
1,string,,50337,0,||assetlist
2,xmodelmesh,p7_zm_zod_table_ritual_cloth_lod726915de0,3576,0,|p7_zm_zod_table_ritual_cloth|xmodel|maps/zm/zm_nightmare.d3dbsp|gfx_map|zone_source/zm_nightmare.zone|csv
3,xmodelmesh,p7_zm_zod_beast_basin_lod7eeac6dab,352,4320,|p7_zm_zod_beast_basin_pap|xmodel|maps/zm/zm_nightmare.d3dbsp|gfx_map|zone_source/zm_nightmare.zone|csv
4,xmodelmesh,p7_debris_concrete_rubble_med_05_no_metal_lod020a39d74,1120,0,|p7_debris_concrete_rubble_med_05_no_metal_warm|xmodel|maps/zm/zm_nightmare.d3dbsp|gfx_map|zone_source/zm_nightmare.zone|csv
5,xmodelmesh,p7_debris_concrete_rubble_med_07_no_metal_lod05c455e6a,1136,0,|p7_debris_concrete_rubble_med_07_no_metal|xmodel|maps/zm/zm_nightmare.d3dbsp|gfx_map|zone_source/zm_nightmare.zone|csv
6,xmodelmesh,p7_debris_concrete_rubble_med_02_lod0ad9eb495,1616,0,|p7_debris_concrete_rubble_med_02|xmodel|maps/zm/zm_nightmare.d3dbsp|gfx_map|zone_source/zm_nightmare.zone|csv
7,xmodelmesh,c_zom_zod_zombie_fem_body1_g_rarmspawn_lod08fd8a2fc,1344,0,|c_zom_zod_zombie_fem_body1_g_rarmspawn|xmodel|c_zom_der_zombie_gib_def|scriptbundle|c_zom_der_zombie2_nohat|character|spawner_zm_factory_zombie|aitype|maps/zm/zm_nightmare.d3dbsp|col_map|zone_source/zm_nightmare.zone|csv
8,xmodelmesh,c_zom_zod_zombie_fem_body1_g_rlegspawn_lod03da2116b,1392,0,|c_zom_zod_zombie_fem_body1_g_rlegspawn|xmodel|c_zom_der_zombie_gib_def|scriptbundle|c_zom_der_zombie2_nohat|character|spawner_zm_factory_zombie|aitype|maps/zm/zm_nightmare.d3dbsp|col_map|zone_source/zm_nightmare.zone|csv
9,xmodelmesh,c_zom_zod_zombie_fem_body1_g_larmspawn_lod0f35667dd,1168,0,|c_zom_zod_zombie_fem_body1_g_larmspawn|xmodel|c_zom_der_zombie_gib_def|scriptbundle|c_zom_der_zombie2_nohat|character|spawner_zm_factory_zombie|aitype|maps/zm/zm_nightmare.d3dbsp|col_map|zone_source/zm_nightmare.zone|csv
10,xmodelmesh,c_zom_zod_zombie_fem_body1_g_llegspawn_lod034c88b59,1360,0,|c_zom_zod_zombie_fem_body1_g_llegspawn|xmodel|c_zom_der_zombie_gib_def|scriptbundle|c_zom_der_zombie2_nohat|character|spawner_zm_factory_zombie|aitype|maps/zm/zm_nightmare.d3dbsp|col_map|zone_source/zm_nightmare.zone|csv
11,xmodelmesh,p7_zm_vending_packapunch_lod0e27f6c62,1360,9616,|p7_zm_vending_packapunch_on|xmodel|zmcore_packapunch|zbarrier|maps/zm/zm_nightmare.d3dbsp|col_map|zone_source/zm_nightmare.zone|csv
12,xmodelmesh,p7_zm_der2_vending_packapunch_sign_wait_lod012e8b576,2048,0,|p7_zm_der2_vending_packapunch_sign_wait|xmodel|zmcore_packapunch|zbarrier|maps/zm/zm_nightmare.d3dbsp|col_map|zone_source/zm_nightmare.zone|csv
13,xmodelmesh,p7_zm_zod_table_ritual_lod74c0f527a,240,4544,|p7_zm_zod_table_ritual|xmodel|maps/zm/zm_nightmare.d3dbsp|col_map|zone_source/zm_nightmare.zone|csv
14,xmodelmesh,p7_zm_der_magic_box_fake_trunk_lod06a9106b2,2640,0,|p7_zm_der_magic_box_fake_trunk|xmodel|p7_zm_der_magic_box_fake|xmodel|zmcore_magicbox|zbarrier|maps/zm/zm_nightmare.d3dbsp|col_map|zone_source/zm_nightmare.zone|csv
15,xmodelmesh,p7_zm_der_magic_box_fake_lod0d37d3899,352,5248,|p7_zm_der_magic_box_fake|xmodel|zmcore_magicbox|zbarrier|maps/zm/zm_nightmare.d3dbsp|col_map|zone_source/zm_nightmare.zone|csv
16,xmodelmesh,p7_zm_zod_table_ritual_cloth_lod6ee736c23,352,4208,|p7_zm_zod_table_ritual_cloth|xmodel|maps/zm/zm_nightmare.d3dbsp|gfx_map|zone_source/zm_nightmare.zone|csv
17,xmodelmesh,p7_zm_zod_beast_basin_lod623677450,352,8768,|p7_zm_zod_beast_basin_pap|xmodel|maps/zm/zm_nightmare.d3dbsp|gfx_map|zone_source/zm_nightmare.zone|csv
18,xmodelmesh,p7_debris_concrete_rubble_med_05_no_metal_lod07cd25155,1664,0,|p7_debris_concrete_rubble_med_05_no_metal_warm|xmodel|maps/zm/zm_nightmare.d3dbsp|gfx_map|zone_source/zm_nightmare.zone|csv
19,xmodelmesh,p7_debris_concrete_rubble_med_02_lod019c75efb,2336,0,|p7_debris_concrete_rubble_med_02|xmodel|maps/zm/zm_nightmare.d3dbsp|gfx_map|zone_source/zm_nightmare.zone|csv
20,xmodelmesh,p7_zm_zod_pap_door_chunk_d_lod040621c24,1328,0,|p7_zm_zod_pap_door_chunk_d|xmodel|maps/zm/zm_nightmare.d3dbsp|gfx_map|zone_source/zm_nightmare.zone|csv
21,xmodelmesh,p7_zm_zod_pap_door_chunk_a_lod070a27716,1344,0,|p7_zm_zod_pap_door_chunk_a|xmodel|maps/zm/zm_nightmare.d3dbsp|gfx_map|zone_source/zm_nightmare.zone|csv
22,xmodelmesh,c_zom_zod_zombie_fem_body1_g_rarmspawn_lod015c23f93,1904,0,|c_zom_zod_zombie_fem_body1_g_rarmspawn|xmodel|c_zom_der_zombie_gib_def|scriptbundle|c_zom_der_zombie2_nohat|character|spawner_zm_factory_zombie|aitype|maps/zm/zm_nightmare.d3dbsp|col_map|zone_source/zm_nightmare.zone|csv
23,xmodelmesh,c_zom_zod_zombie_fem_body1_g_rlegspawn_lod0c7aec304,1552,0,|c_zom_zod_zombie_fem_body1_g_rlegspawn|xmodel|c_zom_der_zombie_gib_def|scriptbundle|c_zom_der_zombie2_nohat|character|spawner_zm_factory_zombie|aitype|maps/zm/zm_nightmare.d3dbsp|col_map|zone_source/zm_nightmare.zone|csv
24,xmodelmesh,c_zom_zod_zombie_fem_body1_g_larmspawn_lod0e0592c13,2048,0,|c_zom_zod_zombie_fem_body1_g_larmspawn|xmodel|c_zom_der_zombie_gib_def|scriptbundle|c_zom_der_zombie2_nohat|character|spawner_zm_factory_zombie|aitype|maps/zm/zm_nightmare.d3dbsp|col_map|zone_source/zm_nightmare.zone|csv
25,xmodelmesh,c_zom_zod_zombie_fem_body1_g_llegspawn_lod0d8f17acf,1504,0,|c_zom_zod_zombie_fem_body1_g_llegspawn|xmodel|c_zom_der_zombie_gib_def|scriptbundle|c_zom_der_zombie2_nohat|character|spawner_zm_factory_zombie|aitype|maps/zm/zm_nightmare.d3dbsp|col_map|zone_source/zm_nightmare.zone|csv
26,xmodelmesh,c_zom_der_helmet_1_lod6b584e3ce,1504,0,|c_zom_der_zombie_helmet1|xmodel|c_zom_der_zombie2|character|spawner_zm_factory_zombie|aitype|maps/zm/zm_nightmare.d3dbsp|col_map|zone_source/zm_nightmare.zone|csv
27,xmodelmesh,c_zom_der_head_1_lod6229e2b02,208,4688,|c_zom_der_zombie_head1|xmodel|c_zom_der_zombie_headalias|xmodelalias|c_zom_der_zombie2_nohat|character|spawner_zm_factory_zombie|aitype|maps/zm/zm_nightmare.d3dbsp|col_map|zone_source/zm_nightmare.zone|csv
28,xmodelmesh,c_zom_der_head_2_lod66291cdde,4336,0,|c_zom_der_zombie_head2|xmodel|c_zom_der_zombie_headalias|xmodelalias|c_zom_der_zombie2_nohat|character|spawner_zm_factory_zombie|aitype|maps/zm/zm_nightmare.d3dbsp|col_map|zone_source/zm_nightmare.zone|csv
29,xmodelmesh,c_zom_der_head_3_lod6b8e32972,208,4928,|c_zom_der_zombie_head3|xmodel|c_zom_der_zombie_headalias|xmodelalias|c_zom_der_zombie2_nohat|character|spawner_zm_factory_zombie|aitype|maps/zm/zm_nightmare.d3dbsp|col_map|zone_source/zm_nightmare.zone|csv
30,xmodelmesh,c_zom_der_zombie_body1_g_behead_lod6cfec6cba,1696,0,|c_zom_der_zombie_body1_g_behead|xmodel|c_zom_der_zombie1_nohat|character|spawner_zm_factory_zombie|aitype|maps/zm/zm_nightmare.d3dbsp|col_map|zone_source/zm_nightmare.zone|csv
31,xmodelmesh,c_zom_der_zombie_body1_g_lowclean_lod6fa3102be,224,6864,|c_zom_der_zombie_body1_g_lowclean|xmodel|c_zom_der_zombie1_nohat|character|spawner_zm_factory_zombie|aitype|maps/zm/zm_nightmare.d3dbsp|col_map|zone_source/zm_nightmare.zone|csv
32,xmodelmesh,c_zom_der_zombie_body1_g_rlegoff_lod659e69f26,320,6112,|c_zom_der_zombie_body1_g_rlegoff|xmodel|c_zom_der_zombie1_nohat|character|spawner_zm_factory_zombie|aitype|maps/zm/zm_nightmare.d3dbsp|col_map|zone_source/zm_nightmare.zone|csv
33,xmodelmesh,c_zom_der_zombie_body1_g_llegoff_lod67f9aa231,320,6960,|c_zom_der_zombie_body1_g_llegoff|xmodel|c_zom_der_zombie1_nohat|character|spawner_zm_factory_zombie|aitype|maps/zm/zm_nightmare.d3dbsp|col_map|zone_source/zm_nightmare.zone|csv
34,xmodelmesh,c_zom_der_zombie_body1_g_blegsoff_lod6d37207be,320,6144,|c_zom_der_zombie_body1_g_blegsoff|xmodel|c_zom_der_zombie1_nohat|character|spawner_zm_factory_zombie|aitype|maps/zm/zm_nightmare.d3dbsp|col_map|zone_source/zm_nightmare.zone|csv
35,xmodelmesh,c_zom_der_zombie_body2_lod69430e7c6,608,25680,|c_zom_der_zombie_body2|xmodel|c_zom_der_zombie2_nohat|character|spawner_zm_factory_zombie|aitype|maps/zm/zm_nightmare.d3dbsp|col_map|zone_source/zm_nightmare.zone|csv
36,xmodelmesh,c_zom_der_zombie_body2_g_upclean_lod62fc55a40,608,18240,|c_zom_der_zombie_body2_g_upclean|xmodel|c_zom_der_zombie2_nohat|character|spawner_zm_factory_zombie|aitype|maps/zm/zm_nightmare.d3dbsp|col_map|zone_source/zm_nightmare.zone|csv
37,xmodelmesh,c_zom_der_zombie_body2_g_rarmoff_lod69af9f1c9,704,15136,|c_zom_der_zombie_body2_g_rarmoff|xmodel|c_zom_der_zombie2_nohat|character|spawner_zm_factory_zombie|aitype|maps/zm/zm_nightmare.d3dbsp|col_map|zone_source/zm_nightmare.zone|csv
38,xmodelmesh,c_zom_der_zombie_body2_g_larmoff_lod62ba30807,704,16736,|c_zom_der_zombie_body2_g_larmoff|xmodel|c_zom_der_zombie2_nohat|character|spawner_zm_factory_zombie|aitype|maps/zm/zm_nightmare.d3dbsp|col_map|zone_source/zm_nightmare.zone|csv
39,xmodelmesh,c_zom_der_zombie_body2_g_behead_lod633e7b02c,1552,0,|c_zom_der_zombie_body2_g_behead|xmodel|c_zom_der_zombie2_nohat|character|spawner_zm_factory_zombie|aitype|maps/zm/zm_nightmare.d3dbsp|col_map|zone_source/zm_nightmare.zone|csv
40,xmodelmesh,c_zom_der_zombie_body2_g_lowclean_lod69154bfa3,320,7664,|c_zom_der_zombie_body2_g_lowclean|xmodel|c_zom_der_zombie2_nohat|character|spawner_zm_factory_zombie|aitype|maps/zm/zm_nightmare.d3dbsp|col_map|zone_source/zm_nightmare.zone|csv
41,xmodelmesh,c_zom_der_zombie_body2_g_rlegoff_lod6760fa259,416,7808,|c_zom_der_zombie_body2_g_rlegoff|xmodel|c_zom_der_zombie2_nohat|character|spawner_zm_factory_zombie|aitype|maps/zm/zm_nightmare.d3dbsp|col_map|zone_source/zm_nightmare.zone|csv
42,xmodelmesh,c_zom_der_zombie_body2_g_llegoff_lod6a21441c3,416,7440,|c_zom_der_zombie_body2_g_llegoff|xmodel|c_zom_der_zombie2_nohat|character|spawner_zm_factory_zombie|aitype|maps/zm/zm_nightmare.d3dbsp|col_map|zone_source/zm_nightmare.zone|csv
43,xmodelmesh,c_zom_der_zombie_body2_g_blegsoff_lod6fec7049e,416,7552,|c_zom_der_zombie_body2_g_blegsoff|xmodel|c_zom_der_zombie2_nohat|character|spawner_zm_factory_zombie|aitype|maps/zm/zm_nightmare.d3dbsp|col_map|zone_source/zm_nightmare.zone|csv
44,xmodelmesh,p7_fxanim_zm_zod_drop_down_buy_gate_lod0b2fae28f,656,4304,|p7_fxanim_zm_zod_drop_down_buy_gate_mod|xmodel|maps/zm/zm_nightmare.d3dbsp|col_map|zone_source/zm_nightmare.zone|csv
45,xmodelmesh,p7_zm_vending_packapunch_lod0154ac890,1376,19152,|p7_zm_vending_packapunch_on|xmodel|zmcore_packapunch|zbarrier|maps/zm/zm_nightmare.d3dbsp|col_map|zone_source/zm_nightmare.zone|csv
46,xmodelmesh,p7_zm_zod_table_ritual_lod6f5ca6f77,240,6784,|p7_zm_zod_table_ritual|xmodel|maps/zm/zm_nightmare.d3dbsp|col_map|zone_source/zm_nightmare.zone|csv
47,xmodelmesh,p7_zm_der_magic_box_fake_trunk_lod03cd1fa2a,352,4448,|p7_zm_der_magic_box_fake_trunk|xmodel|p7_zm_der_magic_box_fake|xmodel|zmcore_magicbox|zbarrier|maps/zm/zm_nightmare.d3dbsp|col_map|zone_source/zm_nightmare.zone|csv
48,xmodelmesh,p7_zm_der_magic_box_fake_lod090d351d4,352,9776,|p7_zm_der_magic_box_fake|xmodel|zmcore_magicbox|zbarrier|maps/zm/zm_nightmare.d3dbsp|col_map|zone_source/zm_nightmare.zone|csv
49,xmodelmesh,p7_cinder_block_lod2c5f233b5,2528,0,|p7_cinder_block|xmodel|maps/zm/zm_nightmare.d3dbsp|gfx_map|zone_source/zm_nightmare.zone|csv
50,xmodelmesh,p7_debris_wood_plank_old_96_lod0eba59731,1152,0,|p7_debris_wood_plank_old_96|xmodel|maps/zm/zm_nightmare.d3dbsp|gfx_map|zone_source/zm_nightmare.zone|csv
51,xmodelmesh,p7_zm_zod_table_ritual_urn_lod580b206b9,2720,0,|p7_zm_zod_table_ritual_urn|xmodel|maps/zm/zm_nightmare.d3dbsp|gfx_map|zone_source/zm_nightmare.zone|csv
52,xmodelmesh,p7_zm_zod_table_ritual_cloth_lod55b5c398f,464,9264,|p7_zm_zod_table_ritual_cloth|xmodel|maps/zm/zm_nightmare.d3dbsp|gfx_map|zone_source/zm_nightmare.zone|csv
53,xmodelmesh,p7_zm_zod_beast_basin_lod52b2b8443,352,15280,|p7_zm_zod_beast_basin_pap|xmodel|maps/zm/zm_nightmare.d3dbsp|gfx_map|zone_source/zm_nightmare.zone|csv
54,xmodelmesh,p7_debris_concrete_rubble_med_05_no_metal_lod03612aa99,3088,0,|p7_debris_concrete_rubble_med_05_no_metal_warm|xmodel|maps/zm/zm_nightmare.d3dbsp|gfx_map|zone_source/zm_nightmare.zone|csv
55,xmodelmesh,p7_debris_concrete_rubble_med_07_no_metal_lod0bfdc6ce3,1936,0,|p7_debris_concrete_rubble_med_07_no_metal|xmodel|maps/zm/zm_nightmare.d3dbsp|gfx_map|zone_source/zm_nightmare.zone|csv
56,xmodelmesh,p7_debris_concrete_rubble_med_02_lod0c99108d,3936,0,|p7_debris_concrete_rubble_med_02|xmodel|maps/zm/zm_nightmare.d3dbsp|gfx_map|zone_source/zm_nightmare.zone|csv
57,xmodelmesh,p7_zm_zod_pap_door_chunk_d_lod08f7db03c,2336,0,|p7_zm_zod_pap_door_chunk_d|xmodel|maps/zm/zm_nightmare.d3dbsp|gfx_map|zone_source/zm_nightmare.zone|csv
58,xmodelmesh,p7_zm_zod_pap_door_chunk_a_lod0eaffa86d,2208,0,|p7_zm_zod_pap_door_chunk_a|xmodel|maps/zm/zm_nightmare.d3dbsp|gfx_map|zone_source/zm_nightmare.zone|csv
59,xmodelmesh,c_zom_zod_zombie_fem_body1_g_rarmspawn_lod075527b40,2992,0,|c_zom_zod_zombie_fem_body1_g_rarmspawn|xmodel|c_zom_der_zombie_gib_def|scriptbundle|c_zom_der_zombie2_nohat|character|spawner_zm_factory_zombie|aitype|maps/zm/zm_nightmare.d3dbsp|col_map|zone_source/zm_nightmare.zone|csv
60,xmodelmesh,c_zom_zod_zombie_fem_body1_g_rlegspawn_lod0c5acd6f,2656,0,|c_zom_zod_zombie_fem_body1_g_rlegspawn|xmodel|c_zom_der_zombie_gib_def|scriptbundle|c_zom_der_zombie2_nohat|character|spawner_zm_factory_zombie|aitype|maps/zm/zm_nightmare.d3dbsp|col_map|zone_source/zm_nightmare.zone|csv
61,xmodelmesh,c_zom_zod_zombie_fem_body1_g_larmspawn_lod0567f2c88,3440,0,|c_zom_zod_zombie_fem_body1_g_larmspawn|xmodel|c_zom_der_zombie_gib_def|scriptbundle|c_zom_der_zombie2_nohat|character|spawner_zm_factory_zombie|aitype|maps/zm/zm_nightmare.d3dbsp|col_map|zone_source/zm_nightmare.zone|csv
62,xmodelmesh,c_zom_zod_zombie_fem_body1_g_llegspawn_lod041c78fa2,2672,0,|c_zom_zod_zombie_fem_body1_g_llegspawn|xmodel|c_zom_der_zombie_gib_def|scriptbundle|c_zom_der_zombie2_nohat|character|spawner_zm_factory_zombie|aitype|maps/zm/zm_nightmare.d3dbsp|col_map|zone_source/zm_nightmare.zone|csv
63,xmodelmesh,c_zom_der_helmet_1_lod55a672d53,3392,0,|c_zom_der_zombie_helmet1|xmodel|c_zom_der_zombie2|character|spawner_zm_factory_zombie|aitype|maps/zm/zm_nightmare.d3dbsp|col_map|zone_source/zm_nightmare.zone|csv
64,xmodelmesh,c_zom_der_head_1_lod5943b21d9,208,8928,|c_zom_der_zombie_head1|xmodel|c_zom_der_zombie_headalias|xmodelalias|c_zom_der_zombie2_nohat|character|spawner_zm_factory_zombie|aitype|maps/zm/zm_nightmare.d3dbsp|col_map|zone_source/zm_nightmare.zone|csv
65,xmodelmesh,c_zom_der_head_2_lod51fd00a8a,208,8016,|c_zom_der_zombie_head2|xmodel|c_zom_der_zombie_headalias|xmodelalias|c_zom_der_zombie2_nohat|character|spawner_zm_factory_zombie|aitype|maps/zm/zm_nightmare.d3dbsp|col_map|zone_source/zm_nightmare.zone|csv
66,xmodelmesh,c_zom_der_head_3_lod53d40255c,208,10416,|c_zom_der_zombie_head3|xmodel|c_zom_der_zombie_headalias|xmodelalias|c_zom_der_zombie2_nohat|character|spawner_zm_factory_zombie|aitype|maps/zm/zm_nightmare.d3dbsp|col_map|zone_source/zm_nightmare.zone|csv
67,xmodelmesh,c_zom_der_zombie_body1_g_behead_lod586d08846,2160,0,|c_zom_der_zombie_body1_g_behead|xmodel|c_zom_der_zombie1_nohat|character|spawner_zm_factory_zombie|aitype|maps/zm/zm_nightmare.d3dbsp|col_map|zone_source/zm_nightmare.zone|csv
68,xmodelmesh,c_zom_der_zombie_body1_g_lowclean_lod517213356,224,10128,|c_zom_der_zombie_body1_g_lowclean|xmodel|c_zom_der_zombie1_nohat|character|spawner_zm_factory_zombie|aitype|maps/zm/zm_nightmare.d3dbsp|col_map|zone_source/zm_nightmare.zone|csv
69,xmodelmesh,c_zom_der_zombie_body1_g_rlegoff_lod5cb3b0646,320,7584,|c_zom_der_zombie_body1_g_rlegoff|xmodel|c_zom_der_zombie1_nohat|character|spawner_zm_factory_zombie|aitype|maps/zm/zm_nightmare.d3dbsp|col_map|zone_source/zm_nightmare.zone|csv
70,xmodelmesh,c_zom_der_zombie_body1_g_llegoff_lod514b66699,320,8896,|c_zom_der_zombie_body1_g_llegoff|xmodel|c_zom_der_zombie1_nohat|character|spawner_zm_factory_zombie|aitype|maps/zm/zm_nightmare.d3dbsp|col_map|zone_source/zm_nightmare.zone|csv
71,xmodelmesh,c_zom_der_zombie_body1_g_blegsoff_lod52a8483e9,320,6560,|c_zom_der_zombie_body1_g_blegsoff|xmodel|c_zom_der_zombie1_nohat|character|spawner_zm_factory_zombie|aitype|maps/zm/zm_nightmare.d3dbsp|col_map|zone_source/zm_nightmare.zone|csv
72,xmodelmesh,c_zom_der_zombie_body2_lod57a787b77,704,41360,|c_zom_der_zombie_body2|xmodel|c_zom_der_zombie2_nohat|character|spawner_zm_factory_zombie|aitype|maps/zm/zm_nightmare.d3dbsp|col_map|zone_source/zm_nightmare.zone|csv
73,xmodelmesh,c_zom_der_zombie_body2_g_upclean_lod529f358be,704,28240,|c_zom_der_zombie_body2_g_upclean|xmodel|c_zom_der_zombie2_nohat|character|spawner_zm_factory_zombie|aitype|maps/zm/zm_nightmare.d3dbsp|col_map|zone_source/zm_nightmare.zone|csv
74,xmodelmesh,c_zom_der_zombie_body2_g_rarmoff_lod5c9791d5a,800,23376,|c_zom_der_zombie_body2_g_rarmoff|xmodel|c_zom_der_zombie2_nohat|character|spawner_zm_factory_zombie|aitype|maps/zm/zm_nightmare.d3dbsp|col_map|zone_source/zm_nightmare.zone|csv
75,xmodelmesh,c_zom_der_zombie_body2_g_larmoff_lod5db695c0c,800,25872,|c_zom_der_zombie_body2_g_larmoff|xmodel|c_zom_der_zombie2_nohat|character|spawner_zm_factory_zombie|aitype|maps/zm/zm_nightmare.d3dbsp|col_map|zone_source/zm_nightmare.zone|csv
76,xmodelmesh,c_zom_der_zombie_body2_g_behead_lod592058fd9,1920,0,|c_zom_der_zombie_body2_g_behead|xmodel|c_zom_der_zombie2_nohat|character|spawner_zm_factory_zombie|aitype|maps/zm/zm_nightmare.d3dbsp|col_map|zone_source/zm_nightmare.zone|csv
77,xmodelmesh,c_zom_der_zombie_body2_g_lowclean_lod5bcac4582,320,13488,|c_zom_der_zombie_body2_g_lowclean|xmodel|c_zom_der_zombie2_nohat|character|spawner_zm_factory_zombie|aitype|maps/zm/zm_nightmare.d3dbsp|col_map|zone_source/zm_nightmare.zone|csv
78,xmodelmesh,c_zom_der_zombie_body2_g_rlegoff_lod52ab33a06,416,11600,|c_zom_der_zombie_body2_g_rlegoff|xmodel|c_zom_der_zombie2_nohat|character|spawner_zm_factory_zombie|aitype|maps/zm/zm_nightmare.d3dbsp|col_map|zone_source/zm_nightmare.zone|csv
79,xmodelmesh,c_zom_der_zombie_body2_g_llegoff_lod51fe99774,416,11584,|c_zom_der_zombie_body2_g_llegoff|xmodel|c_zom_der_zombie2_nohat|character|spawner_zm_factory_zombie|aitype|maps/zm/zm_nightmare.d3dbsp|col_map|zone_source/zm_nightmare.zone|csv
80,xmodelmesh,c_zom_der_zombie_body2_g_blegsoff_lod5c35191e1,416,9824,|c_zom_der_zombie_body2_g_blegsoff|xmodel|c_zom_der_zombie2_nohat|character|spawner_zm_factory_zombie|aitype|maps/zm/zm_nightmare.d3dbsp|col_map|zone_source/zm_nightmare.zone|csv
81,xmodelmesh,p7_fxanim_zm_zod_drop_down_buy_gate_lod0eb4135d8,672,8416,|p7_fxanim_zm_zod_drop_down_buy_gate_mod|xmodel|maps/zm/zm_nightmare.d3dbsp|col_map|zone_source/zm_nightmare.zone|csv
82,xmodelmesh,p7_zm_vending_packapunch_lod0c57e5236,1488,33040,|p7_zm_vending_packapunch_on|xmodel|zmcore_packapunch|zbarrier|maps/zm/zm_nightmare.d3dbsp|col_map|zone_source/zm_nightmare.zone|csv
83,xmodelmesh,p7_zm_zod_table_ritual_lod53556f142,240,11168,|p7_zm_zod_table_ritual|xmodel|maps/zm/zm_nightmare.d3dbsp|col_map|zone_source/zm_nightmare.zone|csv
84,xmodelmesh,p7_barricade_metal_gate_02_lod0b5ffb840,4624,0,|p7_barricade_metal_gate_02_black|xmodel|maps/zm/zm_nightmare.d3dbsp|col_map|zone_source/zm_nightmare.zone|csv
85,xmodelmesh,p7_zm_der_magic_box_fake_trunk_lod0d243ccf1,352,8544,|p7_zm_der_magic_box_fake_trunk|xmodel|p7_zm_der_magic_box_fake|xmodel|zmcore_magicbox|zbarrier|maps/zm/zm_nightmare.d3dbsp|col_map|zone_source/zm_nightmare.zone|csv
86,xmodelmesh,p7_zm_der_magic_box_fake_lod0b7c08597,352,18816,|p7_zm_der_magic_box_fake|xmodel|zmcore_magicbox|zbarrier|maps/zm/zm_nightmare.d3dbsp|col_map|zone_source/zm_nightmare.zone|csv
87,xmodelmesh,p7_zm_der_magic_box_lod41c5f5361,928,68080,|p7_zm_der_magic_box|xmodel|zmcore_magicbox|zbarrier|maps/zm/zm_nightmare.d3dbsp|col_map|zone_source/zm_nightmare.zone|csv
88,xmodelmesh,p7_crate_wood_01_lod29a1133d8,2048,0,|p7_crate_wood_01|xmodel|maps/zm/zm_nightmare.d3dbsp|gfx_map|zone_source/zm_nightmare.zone|csv
89,xmodelmesh,p7_cinder_block_lod26133b898,4112,0,|p7_cinder_block|xmodel|maps/zm/zm_nightmare.d3dbsp|gfx_map|zone_source/zm_nightmare.zone|csv
90,xmodelmesh,p7_zm_zod_table_ritual_tablet_lod4a1dd0f35,3200,0,|p7_zm_zod_table_ritual_tablet|xmodel|maps/zm/zm_nightmare.d3dbsp|gfx_map|zone_source/zm_nightmare.zone|csv
91,xmodelmesh,p7_zm_zod_table_ritual_urn_lod4cad0572f,4320,0,|p7_zm_zod_table_ritual_urn|xmodel|maps/zm/zm_nightmare.d3dbsp|gfx_map|zone_source/zm_nightmare.zone|csv
92,xmodelmesh,p7_zm_zod_table_ritual_cloth_lod4b6cb48a4,464,15536,|p7_zm_zod_table_ritual_cloth|xmodel|maps/zm/zm_nightmare.d3dbsp|gfx_map|zone_source/zm_nightmare.zone|csv
93,xmodelmesh,p7_zm_zod_beast_basin_lod4eec13726,464,30176,|p7_zm_zod_beast_basin_pap|xmodel|maps/zm/zm_nightmare.d3dbsp|gfx_map|zone_source/zm_nightmare.zone|csv
94,xmodelmesh,p7_debris_concrete_rubble_med_05_no_metal_lod0bc0f3d0f,256,5056,|p7_debris_concrete_rubble_med_05_no_metal_warm|xmodel|maps/zm/zm_nightmare.d3dbsp|gfx_map|zone_source/zm_nightmare.zone|csv
95,xmodelmesh,p7_debris_concrete_rubble_med_07_no_metal_lod0206bba55,3184,0,|p7_debris_concrete_rubble_med_07_no_metal|xmodel|maps/zm/zm_nightmare.d3dbsp|gfx_map|zone_source/zm_nightmare.zone|csv
96,xmodelmesh,p7_debris_concrete_rubble_med_02_lod04c2cafe6,240,7104,|p7_debris_concrete_rubble_med_02|xmodel|maps/zm/zm_nightmare.d3dbsp|gfx_map|zone_source/zm_nightmare.zone|csv
97,xmodelmesh,p7_zm_zod_pap_door_chunk_d_lod0c27faa65,3888,0,|p7_zm_zod_pap_door_chunk_d|xmodel|maps/zm/zm_nightmare.d3dbsp|gfx_map|zone_source/zm_nightmare.zone|csv
98,xmodelmesh,p7_zm_zod_pap_door_chunk_a_lod0d8b86ef6,3568,0,|p7_zm_zod_pap_door_chunk_a|xmodel|maps/zm/zm_nightmare.d3dbsp|gfx_map|zone_source/zm_nightmare.zone|csv
99,xmodelmesh,c_zom_zod_zombie_fem_body1_g_rarmspawn_lod08155b704,368,5296,|c_zom_zod_zombie_fem_body1_g_rarmspawn|xmodel|c_zom_der_zombie_gib_def|scriptbundle|c_zom_der_zombie2_nohat|character|spawner_zm_factory_zombie|aitype|maps/zm/zm_nightmare.d3dbsp|col_map|zone_source/zm_nightmare.zone|csv
100,xmodelmesh,c_zom_zod_zombie_fem_body1_g_rlegspawn_lod053f29eef,4304,0,|c_zom_zod_zombie_fem_body1_g_rlegspawn|xmodel|c_zom_der_zombie_gib_def|scriptbundle|c_zom_der_zombie2_nohat|character|spawner_zm_factory_zombie|aitype|maps/zm/zm_nightmare.d3dbsp|col_map|zone_source/zm_nightmare.zone|csv
101,xmodelmesh,c_zom_zod_zombie_fem_body1_g_larmspawn_lod0539c617e,368,5088,|c_zom_zod_zombie_fem_body1_g_larmspawn|xmodel|c_zom_der_zombie_gib_def|scriptbundle|c_zom_der_zombie2_nohat|character|spawner_zm_factory_zombie|aitype|maps/zm/zm_nightmare.d3dbsp|col_map|zone_source/zm_nightmare.zone|csv
102,xmodelmesh,c_zom_zod_zombie_fem_body1_g_llegspawn_lod056fb478,4240,0,|c_zom_zod_zombie_fem_body1_g_llegspawn|xmodel|c_zom_der_zombie_gib_def|scriptbundle|c_zom_der_zombie2_nohat|character|spawner_zm_factory_zombie|aitype|maps/zm/zm_nightmare.d3dbsp|col_map|zone_source/zm_nightmare.zone|csv
103,xmodelmesh,c_zom_der_helmet_1_lod440e19ebe,224,4352,|c_zom_der_zombie_helmet1|xmodel|c_zom_der_zombie2|character|spawner_zm_factory_zombie|aitype|maps/zm/zm_nightmare.d3dbsp|col_map|zone_source/zm_nightmare.zone|csv
104,xmodelmesh,c_zom_der_head_1_lod4c1179c01,208,16304,|c_zom_der_zombie_head1|xmodel|c_zom_der_zombie_headalias|xmodelalias|c_zom_der_zombie2_nohat|character|spawner_zm_factory_zombie|aitype|maps/zm/zm_nightmare.d3dbsp|col_map|zone_source/zm_nightmare.zone|csv
105,xmodelmesh,c_zom_der_head_2_lod410b5a201,208,14720,|c_zom_der_zombie_head2|xmodel|c_zom_der_zombie_headalias|xmodelalias|c_zom_der_zombie2_nohat|character|spawner_zm_factory_zombie|aitype|maps/zm/zm_nightmare.d3dbsp|col_map|zone_source/zm_nightmare.zone|csv
106,xmodelmesh,c_zom_der_head_3_lod4e605e8d0,208,17952,|c_zom_der_zombie_head3|xmodel|c_zom_der_zombie_headalias|xmodelalias|c_zom_der_zombie2_nohat|character|spawner_zm_factory_zombie|aitype|maps/zm/zm_nightmare.d3dbsp|col_map|zone_source/zm_nightmare.zone|csv
107,xmodelmesh,c_zom_der_zombie_body1_g_behead_lod4e68ab97e,2800,0,|c_zom_der_zombie_body1_g_behead|xmodel|c_zom_der_zombie1_nohat|character|spawner_zm_factory_zombie|aitype|maps/zm/zm_nightmare.d3dbsp|col_map|zone_source/zm_nightmare.zone|csv
108,xmodelmesh,c_zom_der_zombie_body1_g_lowclean_lod41da35f97,320,23600,|c_zom_der_zombie_body1_g_lowclean|xmodel|c_zom_der_zombie1_nohat|character|spawner_zm_factory_zombie|aitype|maps/zm/zm_nightmare.d3dbsp|col_map|zone_source/zm_nightmare.zone|csv
109,xmodelmesh,c_zom_der_zombie_body1_g_rlegoff_lod4b95a1e19,416,16112,|c_zom_der_zombie_body1_g_rlegoff|xmodel|c_zom_der_zombie1_nohat|character|spawner_zm_factory_zombie|aitype|maps/zm/zm_nightmare.d3dbsp|col_map|zone_source/zm_nightmare.zone|csv
110,xmodelmesh,c_zom_der_zombie_body1_g_llegoff_lod472b7e0e,416,20544,|c_zom_der_zombie_body1_g_llegoff|xmodel|c_zom_der_zombie1_nohat|character|spawner_zm_factory_zombie|aitype|maps/zm/zm_nightmare.d3dbsp|col_map|zone_source/zm_nightmare.zone|csv
111,xmodelmesh,c_zom_der_zombie_body1_g_blegsoff_lod4e6f7b2a0,416,13024,|c_zom_der_zombie_body1_g_blegsoff|xmodel|c_zom_der_zombie1_nohat|character|spawner_zm_factory_zombie|aitype|maps/zm/zm_nightmare.d3dbsp|col_map|zone_source/zm_nightmare.zone|csv
112,xmodelmesh,c_zom_der_zombie_body2_lod42f45ba3f,608,71280,|c_zom_der_zombie_body2|xmodel|c_zom_der_zombie2_nohat|character|spawner_zm_factory_zombie|aitype|maps/zm/zm_nightmare.d3dbsp|col_map|zone_source/zm_nightmare.zone|csv
113,xmodelmesh,c_zom_der_zombie_body2_g_upclean_lod4e3ae1925,608,51072,|c_zom_der_zombie_body2_g_upclean|xmodel|c_zom_der_zombie2_nohat|character|spawner_zm_factory_zombie|aitype|maps/zm/zm_nightmare.d3dbsp|col_map|zone_source/zm_nightmare.zone|csv
114,xmodelmesh,c_zom_der_zombie_body2_g_rarmoff_lod4e6aed839,704,42736,|c_zom_der_zombie_body2_g_rarmoff|xmodel|c_zom_der_zombie2_nohat|character|spawner_zm_factory_zombie|aitype|maps/zm/zm_nightmare.d3dbsp|col_map|zone_source/zm_nightmare.zone|csv
115,xmodelmesh,c_zom_der_zombie_body2_g_larmoff_lod4ca247a33,704,47472,|c_zom_der_zombie_body2_g_larmoff|xmodel|c_zom_der_zombie2_nohat|character|spawner_zm_factory_zombie|aitype|maps/zm/zm_nightmare.d3dbsp|col_map|zone_source/zm_nightmare.zone|csv
116,xmodelmesh,c_zom_der_zombie_body2_g_behead_lod4adfd81c9,2288,0,|c_zom_der_zombie_body2_g_behead|xmodel|c_zom_der_zombie2_nohat|character|spawner_zm_factory_zombie|aitype|maps/zm/zm_nightmare.d3dbsp|col_map|zone_source/zm_nightmare.zone|csv
117,xmodelmesh,c_zom_der_zombie_body2_g_lowclean_lod42f32ddfb,320,20240,|c_zom_der_zombie_body2_g_lowclean|xmodel|c_zom_der_zombie2_nohat|character|spawner_zm_factory_zombie|aitype|maps/zm/zm_nightmare.d3dbsp|col_map|zone_source/zm_nightmare.zone|csv
118,xmodelmesh,c_zom_der_zombie_body2_g_rlegoff_lod4f6abfafb,416,15696,|c_zom_der_zombie_body2_g_rlegoff|xmodel|c_zom_der_zombie2_nohat|character|spawner_zm_factory_zombie|aitype|maps/zm/zm_nightmare.d3dbsp|col_map|zone_source/zm_nightmare.zone|csv
119,xmodelmesh,c_zom_der_zombie_body2_g_llegoff_lod4501501a8,416,16864,|c_zom_der_zombie_body2_g_llegoff|xmodel|c_zom_der_zombie2_nohat|character|spawner_zm_factory_zombie|aitype|maps/zm/zm_nightmare.d3dbsp|col_map|zone_source/zm_nightmare.zone|csv
120,xmodelmesh,c_zom_der_zombie_body2_g_blegsoff_lod4b5d88c29,416,12384,|c_zom_der_zombie_body2_g_blegsoff|xmodel|c_zom_der_zombie2_nohat|character|spawner_zm_factory_zombie|aitype|maps/zm/zm_nightmare.d3dbsp|col_map|zone_source/zm_nightmare.zone|csv
121,xmodelmesh,p7_fxanim_zm_zod_drop_down_buy_gate_lod09ee47cce,672,13088,|p7_fxanim_zm_zod_drop_down_buy_gate_mod|xmodel|maps/zm/zm_nightmare.d3dbsp|col_map|zone_source/zm_nightmare.zone|csv
122,xmodelmesh,p7_zm_vending_packapunch_lod053be907d,1600,63280,|p7_zm_vending_packapunch_on|xmodel|zmcore_packapunch|zbarrier|maps/zm/zm_nightmare.d3dbsp|col_map|zone_source/zm_nightmare.zone|csv
123,xmodelmesh,p7_zm_zod_table_ritual_lod4511955c8,352,22960,|p7_zm_zod_table_ritual|xmodel|maps/zm/zm_nightmare.d3dbsp|col_map|zone_source/zm_nightmare.zone|csv
124,xmodelmesh,p7_barricade_metal_gate_02_lod047e1843e,464,6720,|p7_barricade_metal_gate_02_black|xmodel|maps/zm/zm_nightmare.d3dbsp|col_map|zone_source/zm_nightmare.zone|csv
125,xmodelmesh,p7_zm_der_magic_box_fake_trunk_lod0a953f994,352,13680,|p7_zm_der_magic_box_fake_trunk|xmodel|p7_zm_der_magic_box_fake|xmodel|zmcore_magicbox|zbarrier|maps/zm/zm_nightmare.d3dbsp|col_map|zone_source/zm_nightmare.zone|csv
126,xmodelmesh,p7_zm_der_magic_box_fake_lod0a7dbe4f2,352,33696,|p7_zm_der_magic_box_fake|xmodel|zmcore_magicbox|zbarrier|maps/zm/zm_nightmare.d3dbsp|col_map|zone_source/zm_nightmare.zone|csv
127,xmodelmesh,p7_zm_der_magic_box_lod45878ad2c,928,96560,|p7_zm_der_magic_box|xmodel|zmcore_magicbox|zbarrier|maps/zm/zm_nightmare.d3dbsp|col_map|zone_source/zm_nightmare.zone|csv
128,xmodelmesh,p7_crate_wood_01_lod29791f391,3248,0,|p7_crate_wood_01|xmodel|maps/zm/zm_nightmare.d3dbsp|gfx_map|zone_source/zm_nightmare.zone|csv
129,xmodelmesh,p7_cinder_block_lod24d9945c2,224,5760,|p7_cinder_block|xmodel|maps/zm/zm_nightmare.d3dbsp|gfx_map|zone_source/zm_nightmare.zone|csv
130,xmodelmesh,p7_debris_wood_plank_old_96_lod07c013553,1664,0,|p7_debris_wood_plank_old_96|xmodel|maps/zm/zm_nightmare.d3dbsp|gfx_map|zone_source/zm_nightmare.zone|csv
131,xmodelmesh,p7_zm_zod_table_ritual_tablet_lod32ee993bf,240,5120,|p7_zm_zod_table_ritual_tablet|xmodel|maps/zm/zm_nightmare.d3dbsp|gfx_map|zone_source/zm_nightmare.zone|csv
132,xmodelmesh,p7_zm_zod_table_ritual_urn_lod36323281d,240,9616,|p7_zm_zod_table_ritual_urn|xmodel|maps/zm/zm_nightmare.d3dbsp|gfx_map|zone_source/zm_nightmare.zone|csv
133,xmodelmesh,p7_zm_zod_table_ritual_cloth_lod31b8b827f,464,38384,|p7_zm_zod_table_ritual_cloth|xmodel|maps/zm/zm_nightmare.d3dbsp|gfx_map|zone_source/zm_nightmare.zone|csv
134,xmodelmesh,p7_zm_zod_beast_basin_lod3e18ccf7a,576,51920,|p7_zm_zod_beast_basin_pap|xmodel|maps/zm/zm_nightmare.d3dbsp|gfx_map|zone_source/zm_nightmare.zone|csv
135,xmodelmesh,p7_debris_concrete_rubble_med_05_no_metal_lod0b38c69d3,256,8944,|p7_debris_concrete_rubble_med_05_no_metal_warm|xmodel|maps/zm/zm_nightmare.d3dbsp|gfx_map|zone_source/zm_nightmare.zone|csv
136,xmodelmesh,p7_debris_concrete_rubble_med_07_no_metal_lod0c68fe7a5,256,5072,|p7_debris_concrete_rubble_med_07_no_metal|xmodel|maps/zm/zm_nightmare.d3dbsp|gfx_map|zone_source/zm_nightmare.zone|csv
137,xmodelmesh,p7_debris_concrete_rubble_med_02_lod0f5255bd2,240,12480,|p7_debris_concrete_rubble_med_02|xmodel|maps/zm/zm_nightmare.d3dbsp|gfx_map|zone_source/zm_nightmare.zone|csv
138,xmodelmesh,p7_zm_zod_pap_door_chunk_d_lod0dbce257e,352,6512,|p7_zm_zod_pap_door_chunk_d|xmodel|maps/zm/zm_nightmare.d3dbsp|gfx_map|zone_source/zm_nightmare.zone|csv
139,xmodelmesh,p7_zm_zod_pap_door_chunk_a_lod04a157dd3,352,5968,|p7_zm_zod_pap_door_chunk_a|xmodel|maps/zm/zm_nightmare.d3dbsp|gfx_map|zone_source/zm_nightmare.zone|csv
140,xmodelmesh,c_zom_zod_zombie_fem_body1_g_rarmspawn_lod05223ef7a,368,8992,|c_zom_zod_zombie_fem_body1_g_rarmspawn|xmodel|c_zom_der_zombie_gib_def|scriptbundle|c_zom_der_zombie2_nohat|character|spawner_zm_factory_zombie|aitype|maps/zm/zm_nightmare.d3dbsp|col_map|zone_source/zm_nightmare.zone|csv
141,xmodelmesh,c_zom_zod_zombie_fem_body1_g_rlegspawn_lod0d0f95c7e,368,6080,|c_zom_zod_zombie_fem_body1_g_rlegspawn|xmodel|c_zom_der_zombie_gib_def|scriptbundle|c_zom_der_zombie2_nohat|character|spawner_zm_factory_zombie|aitype|maps/zm/zm_nightmare.d3dbsp|col_map|zone_source/zm_nightmare.zone|csv
142,xmodelmesh,c_zom_zod_zombie_fem_body1_g_larmspawn_lod06611811f,368,9088,|c_zom_zod_zombie_fem_body1_g_larmspawn|xmodel|c_zom_der_zombie_gib_def|scriptbundle|c_zom_der_zombie2_nohat|character|spawner_zm_factory_zombie|aitype|maps/zm/zm_nightmare.d3dbsp|col_map|zone_source/zm_nightmare.zone|csv
143,xmodelmesh,c_zom_zod_zombie_fem_body1_g_llegspawn_lod044d1d262,368,6608,|c_zom_zod_zombie_fem_body1_g_llegspawn|xmodel|c_zom_der_zombie_gib_def|scriptbundle|c_zom_der_zombie2_nohat|character|spawner_zm_factory_zombie|aitype|maps/zm/zm_nightmare.d3dbsp|col_map|zone_source/zm_nightmare.zone|csv
144,xmodelmesh,c_zom_der_helmet_1_lod3cd13d004,224,10128,|c_zom_der_zombie_helmet1|xmodel|c_zom_der_zombie2|character|spawner_zm_factory_zombie|aitype|maps/zm/zm_nightmare.d3dbsp|col_map|zone_source/zm_nightmare.zone|csv
145,xmodelmesh,c_zom_der_head_1_lod3e650584c,208,32336,|c_zom_der_zombie_head1|xmodel|c_zom_der_zombie_headalias|xmodelalias|c_zom_der_zombie2_nohat|character|spawner_zm_factory_zombie|aitype|maps/zm/zm_nightmare.d3dbsp|col_map|zone_source/zm_nightmare.zone|csv
146,xmodelmesh,c_zom_der_head_2_lod367983df6,208,25616,|c_zom_der_zombie_head2|xmodel|c_zom_der_zombie_headalias|xmodelalias|c_zom_der_zombie2_nohat|character|spawner_zm_factory_zombie|aitype|maps/zm/zm_nightmare.d3dbsp|col_map|zone_source/zm_nightmare.zone|csv
147,xmodelmesh,c_zom_der_head_3_lod3a9afee46,208,34016,|c_zom_der_zombie_head3|xmodel|c_zom_der_zombie_headalias|xmodelalias|c_zom_der_zombie2_nohat|character|spawner_zm_factory_zombie|aitype|maps/zm/zm_nightmare.d3dbsp|col_map|zone_source/zm_nightmare.zone|csv
148,xmodelmesh,c_zom_der_zombie_body1_g_behead_lod373e83067,320,5360,|c_zom_der_zombie_body1_g_behead|xmodel|c_zom_der_zombie1_nohat|character|spawner_zm_factory_zombie|aitype|maps/zm/zm_nightmare.d3dbsp|col_map|zone_source/zm_nightmare.zone|csv
149,xmodelmesh,c_zom_der_zombie_body1_g_lowclean_lod330d513fe,224,47184,|c_zom_der_zombie_body1_g_lowclean|xmodel|c_zom_der_zombie1_nohat|character|spawner_zm_factory_zombie|aitype|maps/zm/zm_nightmare.d3dbsp|col_map|zone_source/zm_nightmare.zone|csv
150,xmodelmesh,c_zom_der_zombie_body1_g_rlegoff_lod38bc72a63,320,35024,|c_zom_der_zombie_body1_g_rlegoff|xmodel|c_zom_der_zombie1_nohat|character|spawner_zm_factory_zombie|aitype|maps/zm/zm_nightmare.d3dbsp|col_map|zone_source/zm_nightmare.zone|csv
151,xmodelmesh,c_zom_der_zombie_body1_g_llegoff_lod32993a276,320,37712,|c_zom_der_zombie_body1_g_llegoff|xmodel|c_zom_der_zombie1_nohat|character|spawner_zm_factory_zombie|aitype|maps/zm/zm_nightmare.d3dbsp|col_map|zone_source/zm_nightmare.zone|csv
152,xmodelmesh,c_zom_der_zombie_body1_g_blegsoff_lod3776ad7c0,320,25536,|c_zom_der_zombie_body1_g_blegsoff|xmodel|c_zom_der_zombie1_nohat|character|spawner_zm_factory_zombie|aitype|maps/zm/zm_nightmare.d3dbsp|col_map|zone_source/zm_nightmare.zone|csv
153,xmodelmesh,c_zom_der_zombie_body2_lod351680dd2,608,130144,|c_zom_der_zombie_body2|xmodel|c_zom_der_zombie2_nohat|character|spawner_zm_factory_zombie|aitype|maps/zm/zm_nightmare.d3dbsp|col_map|zone_source/zm_nightmare.zone|csv
154,xmodelmesh,c_zom_der_zombie_body2_g_upclean_lod326a53a22,608,94112,|c_zom_der_zombie_body2_g_upclean|xmodel|c_zom_der_zombie2_nohat|character|spawner_zm_factory_zombie|aitype|maps/zm/zm_nightmare.d3dbsp|col_map|zone_source/zm_nightmare.zone|csv
155,xmodelmesh,c_zom_der_zombie_body2_g_rarmoff_lod36702fcec,704,80640,|c_zom_der_zombie_body2_g_rarmoff|xmodel|c_zom_der_zombie2_nohat|character|spawner_zm_factory_zombie|aitype|maps/zm/zm_nightmare.d3dbsp|col_map|zone_source/zm_nightmare.zone|csv
156,xmodelmesh,c_zom_der_zombie_body2_g_larmoff_lod3d8212ec8,704,88016,|c_zom_der_zombie_body2_g_larmoff|xmodel|c_zom_der_zombie2_nohat|character|spawner_zm_factory_zombie|aitype|maps/zm/zm_nightmare.d3dbsp|col_map|zone_source/zm_nightmare.zone|csv
157,xmodelmesh,c_zom_der_zombie_body2_g_behead_lod35d09dd7e,4464,0,|c_zom_der_zombie_body2_g_behead|xmodel|c_zom_der_zombie2_nohat|character|spawner_zm_factory_zombie|aitype|maps/zm/zm_nightmare.d3dbsp|col_map|zone_source/zm_nightmare.zone|csv
158,xmodelmesh,c_zom_der_zombie_body2_g_lowclean_lod364af3fa9,320,36272,|c_zom_der_zombie_body2_g_lowclean|xmodel|c_zom_der_zombie2_nohat|character|spawner_zm_factory_zombie|aitype|maps/zm/zm_nightmare.d3dbsp|col_map|zone_source/zm_nightmare.zone|csv
159,xmodelmesh,c_zom_der_zombie_body2_g_rlegoff_lod3e6d99ea9,416,27200,|c_zom_der_zombie_body2_g_rlegoff|xmodel|c_zom_der_zombie2_nohat|character|spawner_zm_factory_zombie|aitype|maps/zm/zm_nightmare.d3dbsp|col_map|zone_source/zm_nightmare.zone|csv
160,xmodelmesh,c_zom_der_zombie_body2_g_llegoff_lod3b27e2b15,416,30880,|c_zom_der_zombie_body2_g_llegoff|xmodel|c_zom_der_zombie2_nohat|character|spawner_zm_factory_zombie|aitype|maps/zm/zm_nightmare.d3dbsp|col_map|zone_source/zm_nightmare.zone|csv
161,xmodelmesh,c_zom_der_zombie_body2_g_blegsoff_lod3ddb198f9,416,21856,|c_zom_der_zombie_body2_g_blegsoff|xmodel|c_zom_der_zombie2_nohat|character|spawner_zm_factory_zombie|aitype|maps/zm/zm_nightmare.d3dbsp|col_map|zone_source/zm_nightmare.zone|csv
162,xmodelmesh,p7_fxanim_zm_zod_drop_down_buy_gate_lod0407e8c0d,672,21808,|p7_fxanim_zm_zod_drop_down_buy_gate_mod|xmodel|maps/zm/zm_nightmare.d3dbsp|col_map|zone_source/zm_nightmare.zone|csv
163,xmodelmesh,p7_zm_vending_packapunch_lod0a8ad376e,1616,108288,|p7_zm_vending_packapunch_on|xmodel|zmcore_packapunch|zbarrier|maps/zm/zm_nightmare.d3dbsp|col_map|zone_source/zm_nightmare.zone|csv
164,xmodelmesh,p7_zm_zod_table_ritual_lod3c7724f06,352,47200,|p7_zm_zod_table_ritual|xmodel|maps/zm/zm_nightmare.d3dbsp|col_map|zone_source/zm_nightmare.zone|csv
165,xmodelmesh,p7_barricade_metal_gate_02_lod0fd438bcd,464,10832,|p7_barricade_metal_gate_02_black|xmodel|maps/zm/zm_nightmare.d3dbsp|col_map|zone_source/zm_nightmare.zone|csv
166,xmodelmesh,p7_zm_der_magic_box_fake_trunk_lod06382ff96,352,26048,|p7_zm_der_magic_box_fake_trunk|xmodel|p7_zm_der_magic_box_fake|xmodel|zmcore_magicbox|zbarrier|maps/zm/zm_nightmare.d3dbsp|col_map|zone_source/zm_nightmare.zone|csv
167,xmodelmesh,p7_zm_der_magic_box_fake_lod0c659ad5f,352,72272,|p7_zm_der_magic_box_fake|xmodel|zmcore_magicbox|zbarrier|maps/zm/zm_nightmare.d3dbsp|col_map|zone_source/zm_nightmare.zone|csv
168,xmodelmesh,p7_zm_der_magic_box_lod48dacef7c,928,116592,|p7_zm_der_magic_box|xmodel|zmcore_magicbox|zbarrier|maps/zm/zm_nightmare.d3dbsp|col_map|zone_source/zm_nightmare.zone|csv
169,xmodelmesh,p7_crate_wood_01_lod219d048eb,224,5616,|p7_crate_wood_01|xmodel|maps/zm/zm_nightmare.d3dbsp|gfx_map|zone_source/zm_nightmare.zone|csv
170,xmodelmesh,p7_cinder_block_lod27dc31bbd,224,5632,|p7_cinder_block|xmodel|maps/zm/zm_nightmare.d3dbsp|gfx_map|zone_source/zm_nightmare.zone|csv
171,xmodelmesh,p7_debris_wood_plank_old_96_lod0d5d9d7a1,2848,0,|p7_debris_wood_plank_old_96|xmodel|maps/zm/zm_nightmare.d3dbsp|gfx_map|zone_source/zm_nightmare.zone|csv
172,xmodelmesh,p7_zm_zod_table_ritual_tablet_lod2a5606c78,240,9040,|p7_zm_zod_table_ritual_tablet|xmodel|maps/zm/zm_nightmare.d3dbsp|gfx_map|zone_source/zm_nightmare.zone|csv
173,xmodelmesh,p7_zm_zod_table_ritual_urn_lod231d9ffa7,240,19152,|p7_zm_zod_table_ritual_urn|xmodel|maps/zm/zm_nightmare.d3dbsp|gfx_map|zone_source/zm_nightmare.zone|csv
174,xmodelmesh,p7_zm_zod_table_ritual_cloth_lod2b3058637,576,66256,|p7_zm_zod_table_ritual_cloth|xmodel|maps/zm/zm_nightmare.d3dbsp|gfx_map|zone_source/zm_nightmare.zone|csv
175,xmodelmesh,p7_zm_zod_beast_basin_lod24242c01,800,105024,|p7_zm_zod_beast_basin_pap|xmodel|maps/zm/zm_nightmare.d3dbsp|gfx_map|zone_source/zm_nightmare.zone|csv
176,xmodelmesh,p7_debris_concrete_rubble_med_05_no_metal_lod03484ef17,256,14544,|p7_debris_concrete_rubble_med_05_no_metal_warm|xmodel|maps/zm/zm_nightmare.d3dbsp|gfx_map|zone_source/zm_nightmare.zone|csv
177,xmodelmesh,p7_debris_concrete_rubble_med_07_no_metal_lod06d3c34d9,256,8112,|p7_debris_concrete_rubble_med_07_no_metal|xmodel|maps/zm/zm_nightmare.d3dbsp|gfx_map|zone_source/zm_nightmare.zone|csv
178,xmodelmesh,p7_debris_concrete_rubble_med_02_lod022f15d9f,464,23568,|p7_debris_concrete_rubble_med_02|xmodel|maps/zm/zm_nightmare.d3dbsp|gfx_map|zone_source/zm_nightmare.zone|csv
179,xmodelmesh,p7_zm_zod_pap_door_chunk_d_lod012049e74,352,13376,|p7_zm_zod_pap_door_chunk_d|xmodel|maps/zm/zm_nightmare.d3dbsp|gfx_map|zone_source/zm_nightmare.zone|csv
180,xmodelmesh,p7_zm_zod_pap_door_chunk_a_lod08855b88f,352,13152,|p7_zm_zod_pap_door_chunk_a|xmodel|maps/zm/zm_nightmare.d3dbsp|gfx_map|zone_source/zm_nightmare.zone|csv
181,xmodelmesh,c_zom_zod_zombie_fem_body1_g_rarmspawn_lod0be021e3f,368,15248,|c_zom_zod_zombie_fem_body1_g_rarmspawn|xmodel|c_zom_der_zombie_gib_def|scriptbundle|c_zom_der_zombie2_nohat|character|spawner_zm_factory_zombie|aitype|maps/zm/zm_nightmare.d3dbsp|col_map|zone_source/zm_nightmare.zone|csv
182,xmodelmesh,c_zom_zod_zombie_fem_body1_g_rlegspawn_lod019d1b9e0,368,10864,|c_zom_zod_zombie_fem_body1_g_rlegspawn|xmodel|c_zom_der_zombie_gib_def|scriptbundle|c_zom_der_zombie2_nohat|character|spawner_zm_factory_zombie|aitype|maps/zm/zm_nightmare.d3dbsp|col_map|zone_source/zm_nightmare.zone|csv
183,xmodelmesh,c_zom_zod_zombie_fem_body1_g_larmspawn_lod0504c0b52,368,15216,|c_zom_zod_zombie_fem_body1_g_larmspawn|xmodel|c_zom_der_zombie_gib_def|scriptbundle|c_zom_der_zombie2_nohat|character|spawner_zm_factory_zombie|aitype|maps/zm/zm_nightmare.d3dbsp|col_map|zone_source/zm_nightmare.zone|csv
184,xmodelmesh,c_zom_zod_zombie_fem_body1_g_llegspawn_lod0ed640c28,368,10928,|c_zom_zod_zombie_fem_body1_g_llegspawn|xmodel|c_zom_der_zombie_gib_def|scriptbundle|c_zom_der_zombie2_nohat|character|spawner_zm_factory_zombie|aitype|maps/zm/zm_nightmare.d3dbsp|col_map|zone_source/zm_nightmare.zone|csv
185,xmodelmesh,c_zom_der_helmet_1_lod275993693,224,17632,|c_zom_der_zombie_helmet1|xmodel|c_zom_der_zombie2|character|spawner_zm_factory_zombie|aitype|maps/zm/zm_nightmare.d3dbsp|col_map|zone_source/zm_nightmare.zone|csv
186,xmodelmesh,c_zom_der_head_1_lod22a74f240,208,59296,|c_zom_der_zombie_head1|xmodel|c_zom_der_zombie_headalias|xmodelalias|c_zom_der_zombie2_nohat|character|spawner_zm_factory_zombie|aitype|maps/zm/zm_nightmare.d3dbsp|col_map|zone_source/zm_nightmare.zone|csv
187,xmodelmesh,c_zom_der_head_2_lod2900ea178,208,54656,|c_zom_der_zombie_head2|xmodel|c_zom_der_zombie_headalias|xmodelalias|c_zom_der_zombie2_nohat|character|spawner_zm_factory_zombie|aitype|maps/zm/zm_nightmare.d3dbsp|col_map|zone_source/zm_nightmare.zone|csv
188,xmodelmesh,c_zom_der_head_3_lod22700a248,320,65392,|c_zom_der_zombie_head3|xmodel|c_zom_der_zombie_headalias|xmodelalias|c_zom_der_zombie2_nohat|character|spawner_zm_factory_zombie|aitype|maps/zm/zm_nightmare.d3dbsp|col_map|zone_source/zm_nightmare.zone|csv
189,xmodelmesh,c_zom_der_zombie_body1_g_behead_lod2e0f4e454,320,9552,|c_zom_der_zombie_body1_g_behead|xmodel|c_zom_der_zombie1_nohat|character|spawner_zm_factory_zombie|aitype|maps/zm/zm_nightmare.d3dbsp|col_map|zone_source/zm_nightmare.zone|csv
190,xmodelmesh,c_zom_der_zombie_body1_g_lowclean_lod2118693d3,224,75744,|c_zom_der_zombie_body1_g_lowclean|xmodel|c_zom_der_zombie1_nohat|character|spawner_zm_factory_zombie|aitype|maps/zm/zm_nightmare.d3dbsp|col_map|zone_source/zm_nightmare.zone|csv
191,xmodelmesh,c_zom_der_zombie_body1_g_rlegoff_lod27cd40052,320,51712,|c_zom_der_zombie_body1_g_rlegoff|xmodel|c_zom_der_zombie1_nohat|character|spawner_zm_factory_zombie|aitype|maps/zm/zm_nightmare.d3dbsp|col_map|zone_source/zm_nightmare.zone|csv
192,xmodelmesh,c_zom_der_zombie_body1_g_llegoff_lod2f7127018,320,57824,|c_zom_der_zombie_body1_g_llegoff|xmodel|c_zom_der_zombie1_nohat|character|spawner_zm_factory_zombie|aitype|maps/zm/zm_nightmare.d3dbsp|col_map|zone_source/zm_nightmare.zone|csv
193,xmodelmesh,c_zom_der_zombie_body1_g_blegsoff_lod26f0a12a7,320,33536,|c_zom_der_zombie_body1_g_blegsoff|xmodel|c_zom_der_zombie1_nohat|character|spawner_zm_factory_zombie|aitype|maps/zm/zm_nightmare.d3dbsp|col_map|zone_source/zm_nightmare.zone|csv
194,xmodelmesh,c_zom_der_zombie_body2_lod2d087cf51,608,240656,|c_zom_der_zombie_body2|xmodel|c_zom_der_zombie2_nohat|character|spawner_zm_factory_zombie|aitype|maps/zm/zm_nightmare.d3dbsp|col_map|zone_source/zm_nightmare.zone|csv
195,xmodelmesh,c_zom_der_zombie_body2_g_upclean_lod293d3d0c6,608,171408,|c_zom_der_zombie_body2_g_upclean|xmodel|c_zom_der_zombie2_nohat|character|spawner_zm_factory_zombie|aitype|maps/zm/zm_nightmare.d3dbsp|col_map|zone_source/zm_nightmare.zone|csv
196,xmodelmesh,c_zom_der_zombie_body2_g_rarmoff_lod2dcbb4d50,704,151440,|c_zom_der_zombie_body2_g_rarmoff|xmodel|c_zom_der_zombie2_nohat|character|spawner_zm_factory_zombie|aitype|maps/zm/zm_nightmare.d3dbsp|col_map|zone_source/zm_nightmare.zone|csv
197,xmodelmesh,c_zom_der_zombie_body2_g_larmoff_lod21d9f1d4b,704,161664,|c_zom_der_zombie_body2_g_larmoff|xmodel|c_zom_der_zombie2_nohat|character|spawner_zm_factory_zombie|aitype|maps/zm/zm_nightmare.d3dbsp|col_map|zone_source/zm_nightmare.zone|csv
198,xmodelmesh,c_zom_der_zombie_body2_g_behead_lod229208994,352,7120,|c_zom_der_zombie_body2_g_behead|xmodel|c_zom_der_zombie2_nohat|character|spawner_zm_factory_zombie|aitype|maps/zm/zm_nightmare.d3dbsp|col_map|zone_source/zm_nightmare.zone|csv
199,xmodelmesh,c_zom_der_zombie_body2_g_lowclean_lod2fda2a6ea,320,69616,|c_zom_der_zombie_body2_g_lowclean|xmodel|c_zom_der_zombie2_nohat|character|spawner_zm_factory_zombie|aitype|maps/zm/zm_nightmare.d3dbsp|col_map|zone_source/zm_nightmare.zone|csv
200,xmodelmesh,c_zom_der_zombie_body2_g_rlegoff_lod27b186e2f,416,49200,|c_zom_der_zombie_body2_g_rlegoff|xmodel|c_zom_der_zombie2_nohat|character|spawner_zm_factory_zombie|aitype|maps/zm/zm_nightmare.d3dbsp|col_map|zone_source/zm_nightmare.zone|csv
201,xmodelmesh,c_zom_der_zombie_body2_g_llegoff_lod26f41bbce,416,54768,|c_zom_der_zombie_body2_g_llegoff|xmodel|c_zom_der_zombie2_nohat|character|spawner_zm_factory_zombie|aitype|maps/zm/zm_nightmare.d3dbsp|col_map|zone_source/zm_nightmare.zone|csv
202,xmodelmesh,c_zom_der_zombie_body2_g_blegsoff_lod27f4952d3,416,34352,|c_zom_der_zombie_body2_g_blegsoff|xmodel|c_zom_der_zombie2_nohat|character|spawner_zm_factory_zombie|aitype|maps/zm/zm_nightmare.d3dbsp|col_map|zone_source/zm_nightmare.zone|csv
203,xmodelmesh,p7_fxanim_zm_zod_drop_down_buy_gate_lod0c30208a2,672,39520,|p7_fxanim_zm_zod_drop_down_buy_gate_mod|xmodel|maps/zm/zm_nightmare.d3dbsp|col_map|zone_source/zm_nightmare.zone|csv
204,xmodelmesh,p7_zm_vending_packapunch_lod0fe3f6618,1616,197776,|p7_zm_vending_packapunch_on|xmodel|zmcore_packapunch|zbarrier|maps/zm/zm_nightmare.d3dbsp|col_map|zone_source/zm_nightmare.zone|csv
205,xmodelmesh,p7_zm_zod_table_ritual_lod29cc6fc12,464,85296,|p7_zm_zod_table_ritual|xmodel|maps/zm/zm_nightmare.d3dbsp|col_map|zone_source/zm_nightmare.zone|csv
206,xmodelmesh,p7_barricade_metal_gate_02_lod099d85255,464,21808,|p7_barricade_metal_gate_02_black|xmodel|maps/zm/zm_nightmare.d3dbsp|col_map|zone_source/zm_nightmare.zone|csv
207,xmodelmesh,p7_zm_der_magic_box_fake_trunk_lod0829bd900,352,43728,|p7_zm_der_magic_box_fake_trunk|xmodel|p7_zm_der_magic_box_fake|xmodel|zmcore_magicbox|zbarrier|maps/zm/zm_nightmare.d3dbsp|col_map|zone_source/zm_nightmare.zone|csv
208,xmodelmesh,p7_zm_der_magic_box_fake_lod06c6b96dd,352,136016,|p7_zm_der_magic_box_fake|xmodel|zmcore_magicbox|zbarrier|maps/zm/zm_nightmare.d3dbsp|col_map|zone_source/zm_nightmare.zone|csv
209,xmodelmesh,p7_zm_der_magic_box_lod2654276c9,928,191200,|p7_zm_der_magic_box|xmodel|zmcore_magicbox|zbarrier|maps/zm/zm_nightmare.d3dbsp|col_map|zone_source/zm_nightmare.zone|csv
210,material,ei/gfx_gel_splat_string_lit|dup,33,0,|zm_nightmare|texturecombo
211,material,ei/gfx_gel_splat_string_spec|dup,34,0,|zm_nightmare|texturecombo
212,image,fxt_gel_splat_string,22,0,|ei/gfx_gel_splat_string_lit|material|blood/fx_blood_impact_exp_body_lg_zmb|fx|c_zom_der_zombie_gib_def|scriptbundle|c_zom_der_zombie2_nohat|character|spawner_zm_factory_zombie|aitype|maps/zm/zm_nightmare.d3dbsp|col_map|zone_source/zm_nightmare.zone|csv
213,image,fxt_gel_splat_string_n,24,0,|ei/gfx_gel_splat_string_spec|material|blood/fx_blood_gib_leg_sever_burst|fx|c_zom_der_zombie_gib_def|scriptbundle|c_zom_der_zombie2_nohat|character|spawner_zm_factory_zombie|aitype|maps/zm/zm_nightmare.d3dbsp|col_map|zone_source/zm_nightmare.zone|csv
214,techset,ei/effect_lit_specular_blend#2843f95a,39,0,|ei/gfx_water_splash_spec|material|blood/fx_blood_gib_leg_sever_burst|fx|c_zom_der_zombie_gib_def|scriptbundle|c_zom_der_zombie2_nohat|character|spawner_zm_factory_zombie|aitype|maps/zm/zm_nightmare.d3dbsp|col_map|zone_source/zm_nightmare.zone|csv
215,material,ei/gfx_gel_drops_full_lite_spec|dup,2329,0,|zm_nightmare|texturecombo
216,image,fxt_gel_drops,15,0,|ei/gfx_gel_drops_spec|material|blood/fx_blood_gib_leg_sever_burst|fx|c_zom_der_zombie_gib_def|scriptbundle|c_zom_der_zombie2_nohat|character|spawner_zm_factory_zombie|aitype|maps/zm/zm_nightmare.d3dbsp|col_map|zone_source/zm_nightmare.zone|csv
217,image,fxt_gel_drops_n,17,0,|ei/gfx_gel_drops_spec|material|blood/fx_blood_gib_leg_sever_burst|fx|c_zom_der_zombie_gib_def|scriptbundle|c_zom_der_zombie2_nohat|character|spawner_zm_factory_zombie|aitype|maps/zm/zm_nightmare.d3dbsp|col_map|zone_source/zm_nightmare.zone|csv
218,material,ei/gfx_gel_splat_full_lit|dup,31,0,|zm_nightmare|texturecombo
219,image,fxt_gel_splat_full,20,0,|ei/gfx_gel_splat_full_lit|material|blood/fx_blood_impact_exp_body_lg_zmb|fx|c_zom_der_zombie_gib_def|scriptbundle|c_zom_der_zombie2_nohat|character|spawner_zm_factory_zombie|aitype|maps/zm/zm_nightmare.d3dbsp|col_map|zone_source/zm_nightmare.zone|csv
220,material,ei/gfx_gel_splat_spread_lit|dup,33,0,|zm_nightmare|texturecombo
221,image,fxt_gel_splat_spread,22,0,|ei/gfx_gel_splat_spread_lit|material|blood/fx_blood_impact_exp_body_lg_zmb|fx|c_zom_der_zombie_gib_def|scriptbundle|c_zom_der_zombie2_nohat|character|spawner_zm_factory_zombie|aitype|maps/zm/zm_nightmare.d3dbsp|col_map|zone_source/zm_nightmare.zone|csv
222,material,ei/gfx_gel_splat_radial_lit|dup,33,0,|zm_nightmare|texturecombo
223,image,fxt_gel_splat_radial,22,0,|ei/gfx_gel_splat_radial_lit|material|impacts/fx_bul_impact_blood_head_fatal_meat_trail|fx|impacts/fx_bul_impact_blood_head_fatal_exit|fx|c_zom_der_zombie_gib_def|scriptbundle|c_zom_der_zombie2_nohat|character|spawner_zm_factory_zombie|aitype|maps/zm/zm_nightmare.d3dbsp|col_map|zone_source/zm_nightmare.zone|csv
224,material,ei/gfx_water_splash_side_bits|dup,35,0,|zm_nightmare|texturecombo
225,image,fxt_water_splash_side_bits,28,0,|ei/gfx_water_splash_side_bits|material|blood/fx_blood_gib_leg_sever_burst|fx|c_zom_der_zombie_gib_def|scriptbundle|c_zom_der_zombie2_nohat|character|spawner_zm_factory_zombie|aitype|maps/zm/zm_nightmare.d3dbsp|col_map|zone_source/zm_nightmare.zone|csv
226,material,ei/gfx_fog_slow_sm_anim_lit|dup,33,0,|zm_nightmare|texturecombo
227,image,fxt_fog_slow_sm_anim,22,0,|ei/gfx_fog_slow_sm_anim_lit|material|player/fx_plyr_footstep_dust_dirt|fx|player_footstep|surfacefxtable|c_54i_grunt_fx_table|scriptbundle|spawner_zm_factory_zombie|aitype|maps/zm/zm_nightmare.d3dbsp|col_map|zone_source/zm_nightmare.zone|csv
228,material,ei/gfx_debris_clump_lit|dup,29,0,|zm_nightmare|texturecombo
229,image,fxt_debris_clump,18,0,|ei/gfx_debris_clump_lit|material|blood/fx_blood_impact_exp_body_lg_zmb|fx|c_zom_der_zombie_gib_def|scriptbundle|c_zom_der_zombie2_nohat|character|spawner_zm_factory_zombie|aitype|maps/zm/zm_nightmare.d3dbsp|col_map|zone_source/zm_nightmare.zone|csv
230,material,ei/gfx_fire_flame_base_2_anim_em|dup,38,0,|zm_nightmare|texturecombo
231,image,fxt_fire_flame_base_2_anim,28,0,|ei/gfx_fire_flame_base_2_anim_em|material|blood/fx_blood_impact_exp_body_lg_zmb|fx|c_zom_der_zombie_gib_def|scriptbundle|c_zom_der_zombie2_nohat|character|spawner_zm_factory_zombie|aitype|maps/zm/zm_nightmare.d3dbsp|col_map|zone_source/zm_nightmare.zone|csv
232,material,ei/gfx_exp_billow_md_anim_em|dup,34,0,|zm_nightmare|texturecombo
233,image,fxt_exp_billow_md_anim,24,0,|ei/gfx_exp_billow_md_anim_em|material|blood/fx_blood_impact_exp_body_lg_zmb|fx|c_zom_der_zombie_gib_def|scriptbundle|c_zom_der_zombie2_nohat|character|spawner_zm_factory_zombie|aitype|maps/zm/zm_nightmare.d3dbsp|col_map|zone_source/zm_nightmare.zone|csv
234,image,fxt_exp_billow_md_anim_mask,29,0,|ei/gfx_exp_billow_md_anim_em|material|blood/fx_blood_impact_exp_body_lg_zmb|fx|c_zom_der_zombie_gib_def|scriptbundle|c_zom_der_zombie2_nohat|character|spawner_zm_factory_zombie|aitype|maps/zm/zm_nightmare.d3dbsp|col_map|zone_source/zm_nightmare.zone|csv
235,material,ei/gfx_blood_impact_drops|dup,31,0,|zm_nightmare|texturecombo
236,image,fxt_blood_impact_drops,24,0,|ei/gfx_blood_impact_drops|material|impacts/fx_bul_impact_blood_head_fatal_exit|fx|c_zom_der_zombie_gib_def|scriptbundle|c_zom_der_zombie2_nohat|character|spawner_zm_factory_zombie|aitype|maps/zm/zm_nightmare.d3dbsp|col_map|zone_source/zm_nightmare.zone|csv
237,material,gfx_decal_blood_splatter_02|dup,33,0,|zm_nightmare|texturecombo
238,material,vd/gfx_decal_blood_splatter_02|dup,36,0,|zm_nightmare|texturecombo
239,material,vdd/gfx_decal_blood_splatter_02|dup,37,0,|zm_nightmare|texturecombo
240,image,i_t7_decal_blood_splatter_02_c,32,0,|vdd/gfx_decal_blood_splatter_02|material|impacts/fx_bul_impact_blood_head_fatal_exit_uw|fx|impacts/fx_bul_impact_blood_head_fatal_exit|fx|c_zom_der_zombie_gib_def|scriptbundle|c_zom_der_zombie2_nohat|character|spawner_zm_factory_zombie|aitype|maps/zm/zm_nightmare.d3dbsp|col_map|zone_source/zm_nightmare.zone|csv
241,image,i_t7_decal_blood_splatter_02_n,32,0,|vdd/gfx_decal_blood_splatter_02|material|impacts/fx_bul_impact_blood_head_fatal_exit_uw|fx|impacts/fx_bul_impact_blood_head_fatal_exit|fx|c_zom_der_zombie_gib_def|scriptbundle|c_zom_der_zombie2_nohat|character|spawner_zm_factory_zombie|aitype|maps/zm/zm_nightmare.d3dbsp|col_map|zone_source/zm_nightmare.zone|csv
242,material,gfx_decal_blood_splatter_03|dup,33,0,|zm_nightmare|texturecombo
243,material,vd/gfx_decal_blood_splatter_03|dup,36,0,|zm_nightmare|texturecombo
244,material,vdd/gfx_decal_blood_splatter_03|dup,37,0,|zm_nightmare|texturecombo
245,image,i_t7_decal_blood_splatter_03_c,32,0,|vdd/gfx_decal_blood_splatter_03|material|impacts/fx_bul_impact_blood_head_fatal_exit_uw|fx|impacts/fx_bul_impact_blood_head_fatal_exit|fx|c_zom_der_zombie_gib_def|scriptbundle|c_zom_der_zombie2_nohat|character|spawner_zm_factory_zombie|aitype|maps/zm/zm_nightmare.d3dbsp|col_map|zone_source/zm_nightmare.zone|csv
246,image,i_t7_decal_blood_splatter_03_n,32,0,|vdd/gfx_decal_blood_splatter_03|material|impacts/fx_bul_impact_blood_head_fatal_exit_uw|fx|impacts/fx_bul_impact_blood_head_fatal_exit|fx|c_zom_der_zombie_gib_def|scriptbundle|c_zom_der_zombie2_nohat|character|spawner_zm_factory_zombie|aitype|maps/zm/zm_nightmare.d3dbsp|col_map|zone_source/zm_nightmare.zone|csv
247,material,ei/gfx_smk_whisp_anim_02_lit|dup,34,0,|zm_nightmare|texturecombo
248,image,fxt_smk_whisp_anim_2,22,0,|ei/gfx_smk_whisp_anim_02_lit|material|impacts/fx_bul_impact_blood_head_fatal_exit_uw|fx|impacts/fx_bul_impact_blood_head_fatal_exit|fx|c_zom_der_zombie_gib_def|scriptbundle|c_zom_der_zombie2_nohat|character|spawner_zm_factory_zombie|aitype|maps/zm/zm_nightmare.d3dbsp|col_map|zone_source/zm_nightmare.zone|csv
249,material,ei/gfx_smk_billow_sm_anim_lit|dup,35,0,|zm_nightmare|texturecombo
250,image,fxt_smk_billow_sm_anim,24,0,|ei/gfx_smk_billow_sm_anim_lit|material|player/fx_plyr_jump_dust_dirt|fx|player_jump_start|surfacefxtable|c_54i_grunt_fx_table|scriptbundle|spawner_zm_factory_zombie|aitype|maps/zm/zm_nightmare.d3dbsp|col_map|zone_source/zm_nightmare.zone|csv
251,material,ei/gfx_fog_slow_lg_anim_lit|dup,33,0,|zm_nightmare|texturecombo
252,image,fxt_fog_slow_lg_anim,22,0,|ei/gfx_fog_slow_lg_anim_lit|material|player/fx_plyr_land_dust_dirt_xlg|fx|player_vtol_drop|surfacefxtable|c_54i_grunt_fx_table|scriptbundle|spawner_zm_factory_zombie|aitype|maps/zm/zm_nightmare.d3dbsp|col_map|zone_source/zm_nightmare.zone|csv
253,material,ei/gfx_smk_billow_thick_anim_lit_full_lite|dup,48,0,|zm_nightmare|texturecombo
254,image,fxt_smk_billow_thick_anim,27,0,|ei/gfx_smk_billow_thick_anim_lit_full_lite|material|player/fx_plyr_land_dust_dirt_xlg|fx|player_vtol_drop|surfacefxtable|c_54i_grunt_fx_table|scriptbundle|spawner_zm_factory_zombie|aitype|maps/zm/zm_nightmare.d3dbsp|col_map|zone_source/zm_nightmare.zone|csv
255,material,ei/gfx_fog_slow_md_anim_lit|dup,33,0,|zm_nightmare|texturecombo
256,image,fxt_fog_slow_md_anim,22,0,|ei/gfx_fog_slow_md_anim_lit|material|player/fx_plyr_footstep_dust_dirt|fx|player_footstep|surfacefxtable|c_54i_grunt_fx_table|scriptbundle|spawner_zm_factory_zombie|aitype|maps/zm/zm_nightmare.d3dbsp|col_map|zone_source/zm_nightmare.zone|csv
257,material,ei/gfx_spark_blink_anim_em|dup,32,0,|zm_nightmare|texturecombo
258,image,fxt_spark_blink_anim,22,0,|ei/gfx_spark_blink_anim_em|material|zombie/fx_ritual_barrier_defend_door_wide_zod_zmb|fx|zone_source/zm_nightmare.zone|csv
259,image,fxt_spark_blink_anim_mask,27,0,|ei/gfx_spark_blink_anim_em|material|zombie/fx_ritual_barrier_defend_door_wide_zod_zmb|fx|zone_source/zm_nightmare.zone|csv
260,techset,ei/effect_lit_emissive_blend#2843f95a,39,0,|ei/gfx_light_ray_superwide_em|material|zombie/fx_ritual_barrier_defend_door_wide_zod_zmb|fx|zone_source/zm_nightmare.zone|csv
261,image,$white_reveal,15,0,|ei/gfx_light_ray_superwide_em|material|zombie/fx_ritual_barrier_defend_door_wide_zod_zmb|fx|zone_source/zm_nightmare.zone|csv
262,material,ei/gfx_light_ray_spread_streaks_em|dup,2226,0,|zm_nightmare|texturecombo
263,image,fxt_light_ray_spread_streaks,699133,0,|zm_nightmare|texturecombo
264,material,ei/gfx_fxt_light_glow_square_em|dup,37,0,|zm_nightmare|texturecombo
265,image,fxt_light_glow_square,23,0,|ei/gfx_fxt_light_glow_square_em|material|zombie/fx_packapunch_zmb|fx|o_zombie_base_packapunch_working_take_gun|xanim|zmcore_packapunch|zbarrier|maps/zm/zm_nightmare.d3dbsp|col_map|zone_source/zm_nightmare.zone|csv
266,material,ei/gfx_elec_arc_bolt_em|dup,29,0,|zm_nightmare|texturecombo
267,image,fxt_electric_arc1,19,0,|ei/gfx_elec_arc_bolt_em|material|zombie/fx_packapunch_zmb|fx|o_zombie_base_packapunch_working_take_gun|xanim|zmcore_packapunch|zbarrier|maps/zm/zm_nightmare.d3dbsp|col_map|zone_source/zm_nightmare.zone|csv
268,material,ei/gfx_elec_arc_omni_em|dup,29,0,|zm_nightmare|texturecombo
269,image,fxt_electric_arc2,19,0,|ei/gfx_elec_arc_omni_em|material|zombie/fx_packapunch_zmb|fx|o_zombie_base_packapunch_working_take_gun|xanim|zmcore_packapunch|zbarrier|maps/zm/zm_nightmare.d3dbsp|col_map|zone_source/zm_nightmare.zone|csv
270,material,ei/gfx_elec_arc_shock_em|dup,30,0,|zm_nightmare|texturecombo
271,image,fxt_electric_arc3,19,0,|ei/gfx_elec_arc_shock_em|material|zombie/fx_packapunch_zmb|fx|o_zombie_base_packapunch_working_take_gun|xanim|zmcore_packapunch|zbarrier|maps/zm/zm_nightmare.d3dbsp|col_map|zone_source/zm_nightmare.zone|csv
272,material,ei/gfx_smk_whisp_anim_lit|dup,31,0,|zm_nightmare|texturecombo
273,image,fxt_smk_whisp_anim,20,0,|ei/gfx_smk_whisp_anim_lit|material|zombie/fx_packapunch_zmb|fx|o_zombie_base_packapunch_working_take_gun|xanim|zmcore_packapunch|zbarrier|maps/zm/zm_nightmare.d3dbsp|col_map|zone_source/zm_nightmare.zone|csv
274,material,ei/gfx_spark_omni_em|dup,26,0,|zm_nightmare|texturecombo
275,image,fxt_spark_omni,16,0,|ei/gfx_spark_omni_em|material|zombie/fx_ritual_barrier_defend_door_wide_zod_zmb|fx|zone_source/zm_nightmare.zone|csv
276,material,ei/gfx_light_ray_superwide_em|dup,1168,0,|zm_nightmare|texturecombo
277,image,fxt_light_ray_superwide,1398200,0,|zm_nightmare|texturecombo
278,image,zm_nightmare_BC3_SRGB_combo,284,0,|zm_nightmare|texturecombo
279,image,zm_nightmare_BC7_SRGB_combo,284,0,|zm_nightmare|texturecombo
280,image,zm_nightmare_BC7_combo,279,0,|zm_nightmare|texturecombo
281,image,zm_nightmare_BC4_combo,223,0,|zm_nightmare|texturecombo
282,texturecombo,zm_nightmare,2410,0,||assetlist
283,techset,mc/sky_latlong_hdr#e6142445,165497,0,|mc/mtl_skybox_zm_nightmare|material|zm_nightmare_sky_mdl|xmodel|maps/zm/zm_nightmare.d3dbsp|gfx_map|zone_source/zm_nightmare.zone|csv
284,image,skybox_default_day_ft,33554534,0,|mc/mtl_skybox_default_day|material|skybox_default_day|xmodel|zone_source/zm_nightmare.zone|csv
285,material,mc/mtl_skybox_default_day,610,0,|skybox_default_day|xmodel|zone_source/zm_nightmare.zone|csv
286,xmodelmesh,t6_skyboxfb7b39d6,224,11776,|skybox_default_black|xmodel|maps/zm/zm_nightmare.d3dbsp|gfx_map|zone_source/zm_nightmare.zone|csv
287,xmodel,skybox_default_day,152,0,|zone_source/zm_nightmare.zone|csv
288,techset,create_lut2dv#da7372ff,24,0,|luts_t7_default|material|maps/zm/zm_nightmare.d3dbsp|col_map|zone_source/zm_nightmare.zone|csv
289,image,img_luts_curve_blend,4194325,0,|luts_t7_default|material|maps/zm/zm_nightmare.d3dbsp|col_map|zone_source/zm_nightmare.zone|csv
290,material,luts_t7_default,48,0,|maps/zm/zm_nightmare.d3dbsp|col_map|zone_source/zm_nightmare.zone|csv
291,map_ents,maps/zm/zm_nightmare.d3dbsp,92479,0,|maps/zm/zm_nightmare.d3dbsp|col_map|zone_source/zm_nightmare.zone|csv
292,techset,mc/lit#e6142445,17,0,|mc/mtl_p7_zm_teddybear_eyes|material|p7_zm_der_magic_box_fake|xmodel|zmcore_magicbox|zbarrier|maps/zm/zm_nightmare.d3dbsp|col_map|zone_source/zm_nightmare.zone|csv
293,image,$gray_32_one_channel,22,0,|wc/t7_zm_chalk_buy_m8a4|material|maps/zm/zm_nightmare.d3dbsp|gfx_map|zone_source/zm_nightmare.zone|csv
294,image,i_mtl_p7_crate_wood_01_n,121,758208,|mc/mtl_p7_crate_wood_01|material|p7_crate_wood_01|xmodel|maps/zm/zm_nightmare.d3dbsp|gfx_map|zone_source/zm_nightmare.zone|csv
295,image,i_mtl_p7_crate_wood_01_c,265,371352,|mc/mtl_p7_crate_wood_01|material|p7_crate_wood_01|xmodel|maps/zm/zm_nightmare.d3dbsp|gfx_map|zone_source/zm_nightmare.zone|csv
296,material,mc/mtl_p7_crate_wood_01_med_wet,1515,0,|p7_crate_wood_01_med_wet|xmodel|maps/zm/zm_nightmare.d3dbsp|gfx_map|zone_source/zm_nightmare.zone|csv
297,xmodelmesh,p7_crate_wood_01_lod1de67d559,224,20744,|p7_crate_wood_01|xmodel|maps/zm/zm_nightmare.d3dbsp|gfx_map|zone_source/zm_nightmare.zone|csv
298,xmodelmesh,p7_crate_wood_01_lod041ba3a92,232,23952,|p7_crate_wood_01|xmodel|maps/zm/zm_nightmare.d3dbsp|gfx_map|zone_source/zm_nightmare.zone|csv
299,xmodelmesh,p7_crate_wood_01_colada0c9d4,4624,0,|p7_crate_wood_01|xmodel|maps/zm/zm_nightmare.d3dbsp|gfx_map|zone_source/zm_nightmare.zone|csv
300,xmodel,p7_crate_wood_01_med_wet,4024,0,|maps/zm/zm_nightmare.d3dbsp|gfx_map|zone_source/zm_nightmare.zone|csv
301,techset,mc/lit_detail#e6142445,24,0,|mc/t7_rope_nylon_02|material|p7_zm_der_magic_box|xmodel|zmcore_magicbox|zbarrier|maps/zm/zm_nightmare.d3dbsp|col_map|zone_source/zm_nightmare.zone|csv
302,image,i_mtl_p7_cinder_block_n,120,1462640,|mc/mtl_p7_cinder_block|material|p7_cinder_block|xmodel|maps/zm/zm_nightmare.d3dbsp|gfx_map|zone_source/zm_nightmare.zone|csv
303,image,i_mtl_p7_cinder_block_c,272,742728,|mc/mtl_p7_cinder_block|material|p7_cinder_block|xmodel|maps/zm/zm_nightmare.d3dbsp|gfx_map|zone_source/zm_nightmare.zone|csv
304,image,i_mtl_p7_cinder_block_detail_n,295,371384,|mc/mtl_p7_cinder_block|material|p7_cinder_block|xmodel|maps/zm/zm_nightmare.d3dbsp|gfx_map|zone_source/zm_nightmare.zone|csv
305,material,mc/mtl_p7_cinder_block,1465,0,|p7_cinder_block|xmodel|maps/zm/zm_nightmare.d3dbsp|gfx_map|zone_source/zm_nightmare.zone|csv
306,physpreset,p7_cinder_block,16,0,|p7_cinder_block|xmodel|maps/zm/zm_nightmare.d3dbsp|gfx_map|zone_source/zm_nightmare.zone|csv
307,xmodelmesh,p7_cinder_block_lod1b38eb3c5,224,18816,|p7_cinder_block|xmodel|maps/zm/zm_nightmare.d3dbsp|gfx_map|zone_source/zm_nightmare.zone|csv
308,xmodelmesh,p7_cinder_block_lod0b4418509,224,30544,|p7_cinder_block|xmodel|maps/zm/zm_nightmare.d3dbsp|gfx_map|zone_source/zm_nightmare.zone|csv
309,xmodel,p7_cinder_block,7484,0,|maps/zm/zm_nightmare.d3dbsp|gfx_map|zone_source/zm_nightmare.zone|csv
310,image,i_t7_wood_beam_worn_oak_n,154,409424,|mc/t7_wood_beam_worn_oak_bleached_dark_wet|material|p7_fxanim_zm_zod_drop_down_buy_gate_mod|xmodel|maps/zm/zm_nightmare.d3dbsp|col_map|zone_source/zm_nightmare.zone|csv
311,image,i_t7_wood_beam_worn_oak_bleached_c,259,218424,|mc/t7_wood_beam_worn_oak_bleached_dark_wet|material|p7_fxanim_zm_zod_drop_down_buy_gate_mod|xmodel|maps/zm/zm_nightmare.d3dbsp|col_map|zone_source/zm_nightmare.zone|csv
312,image,i_t7_micro_wood_varied_teak_n,270,371368,|mc/t7_wood_beam_worn_oak_bleached_dark_wet|material|p7_fxanim_zm_zod_drop_down_buy_gate_mod|xmodel|maps/zm/zm_nightmare.d3dbsp|col_map|zone_source/zm_nightmare.zone|csv
313,material,mc/t7_wood_beam_worn_oak_bleached,1289,0,|p7_debris_wood_plank_old_96|xmodel|maps/zm/zm_nightmare.d3dbsp|gfx_map|zone_source/zm_nightmare.zone|csv
314,techset,mc/lit_decal#e6142445,23,0,|mc/mtl_p7_zm_zod_table_ritual_stone_dirty|material|p7_zm_zod_table_ritual|xmodel|maps/zm/zm_nightmare.d3dbsp|col_map|zone_source/zm_nightmare.zone|csv
315,image,i_t7_decal_metal_nails_n,105,131072,|mc/t7_decal_metal_nails|material|p7_fxanim_zm_zod_drop_down_buy_gate_mod|xmodel|maps/zm/zm_nightmare.d3dbsp|col_map|zone_source/zm_nightmare.zone|csv
316,image,i_t7_decal_metal_nails_c,281,131072,|mc/t7_decal_metal_nails|material|p7_fxanim_zm_zod_drop_down_buy_gate_mod|xmodel|maps/zm/zm_nightmare.d3dbsp|col_map|zone_source/zm_nightmare.zone|csv
317,material,mc/t7_decal_metal_nails,1111,0,|p7_fxanim_zm_zod_drop_down_buy_gate_mod|xmodel|maps/zm/zm_nightmare.d3dbsp|col_map|zone_source/zm_nightmare.zone|csv
318,xmodelmesh,p7_debris_wood_plank_old_96_lod0b5824864,352,5232,|p7_debris_wood_plank_old_96|xmodel|maps/zm/zm_nightmare.d3dbsp|gfx_map|zone_source/zm_nightmare.zone|csv
319,xmodelmesh,p7_debris_wood_plank_old_96_lod0b9cfbf34,360,7936,|p7_debris_wood_plank_old_96|xmodel|maps/zm/zm_nightmare.d3dbsp|gfx_map|zone_source/zm_nightmare.zone|csv
320,xmodel,p7_debris_wood_plank_old_96,1188,0,|maps/zm/zm_nightmare.d3dbsp|gfx_map|zone_source/zm_nightmare.zone|csv
321,techset,mc/lit_plus#e6142445,22,0,|mc/t7_concrete_bare_dark_01|material|p7_zm_zod_pap_door_chunk_a|xmodel|maps/zm/zm_nightmare.d3dbsp|gfx_map|zone_source/zm_nightmare.zone|csv
322,image,$occlusion,12,0,|mc/mtl_p7_zm_vending_packapunch_sign_wait|material|p7_zm_der2_vending_packapunch_sign_wait|xmodel|zmcore_packapunch|zbarrier|maps/zm/zm_nightmare.d3dbsp|col_map|zone_source/zm_nightmare.zone|csv
323,image,$white_gloss,14,0,|mc/mtl_c_gen_gib_alpha|material|c_zom_der_zombie_body2_g_blegsoff|xmodel|c_zom_der_zombie2_nohat|character|spawner_zm_factory_zombie|aitype|maps/zm/zm_nightmare.d3dbsp|col_map|zone_source/zm_nightmare.zone|csv
324,material,mc/mtl_p7_crate_wood_01,1332,0,|p7_crate_wood_01|xmodel|maps/zm/zm_nightmare.d3dbsp|gfx_map|zone_source/zm_nightmare.zone|csv
325,xmodel,p7_crate_wood_01,4336,0,|maps/zm/zm_nightmare.d3dbsp|gfx_map|zone_source/zm_nightmare.zone|csv
326,techset,mc/lit_micro_tile_blend#e6142445,34,0,|mc/mtl_p7_zm_der_magic_box_fake_leather|material|p7_zm_der_magic_box_fake_trunk|xmodel|p7_zm_der_magic_box_fake|xmodel|zmcore_magicbox|zbarrier|maps/zm/zm_nightmare.d3dbsp|col_map|zone_source/zm_nightmare.zone|csv
327,image,i_mtl_p7_zm_zod_table_ritual_tablet_m,134,52360,|mc/mtl_p7_zm_zod_table_ritual_tablet_bld|material|p7_zm_zod_table_ritual_tablet|xmodel|maps/zm/zm_nightmare.d3dbsp|gfx_map|zone_source/zm_nightmare.zone|csv
328,image,$identitynormalmap,20,0,|wc/t7_zm_chalk_buy_m8a4|material|maps/zm/zm_nightmare.d3dbsp|gfx_map|zone_source/zm_nightmare.zone|csv
329,image,i_mtl_p7_zm_zod_table_ritual_tablet_rock_01_n,302,131080,|mc/mtl_p7_zm_zod_table_ritual_tablet_bld|material|p7_zm_zod_table_ritual_tablet|xmodel|maps/zm/zm_nightmare.d3dbsp|gfx_map|zone_source/zm_nightmare.zone|csv
330,image,i_mtl_p7_zm_zod_table_ritual_tablet_n,310,218464,|mc/mtl_p7_zm_zod_table_ritual_tablet_bld|material|p7_zm_zod_table_ritual_tablet|xmodel|maps/zm/zm_nightmare.d3dbsp|gfx_map|zone_source/zm_nightmare.zone|csv
331,image,i_mtl_p7_zm_zod_table_ritual_tablet_rock_01_c,278,65512,|mc/mtl_p7_zm_zod_table_ritual_tablet_bld|material|p7_zm_zod_table_ritual_tablet|xmodel|maps/zm/zm_nightmare.d3dbsp|gfx_map|zone_source/zm_nightmare.zone|csv
332,image,i_mtl_p7_zm_zod_table_ritual_tablet_rock_c,299,65536,|mc/mtl_p7_zm_zod_table_ritual_tablet_bld|material|p7_zm_zod_table_ritual_tablet|xmodel|maps/zm/zm_nightmare.d3dbsp|gfx_map|zone_source/zm_nightmare.zone|csv
333,material,mc/mtl_p7_zm_zod_table_ritual_tablet_bld,1455,0,|p7_zm_zod_table_ritual_tablet|xmodel|maps/zm/zm_nightmare.d3dbsp|gfx_map|zone_source/zm_nightmare.zone|csv
334,xmodelmesh,p7_zm_zod_table_ritual_tablet_lod1b5cedfa0,248,13048,|p7_zm_zod_table_ritual_tablet|xmodel|maps/zm/zm_nightmare.d3dbsp|gfx_map|zone_source/zm_nightmare.zone|csv
335,xmodelmesh,p7_zm_zod_table_ritual_tablet_lod03260a76c,240,16640,|p7_zm_zod_table_ritual_tablet|xmodel|maps/zm/zm_nightmare.d3dbsp|gfx_map|zone_source/zm_nightmare.zone|csv
336,xmodel,p7_zm_zod_table_ritual_tablet,5076,0,|maps/zm/zm_nightmare.d3dbsp|gfx_map|zone_source/zm_nightmare.zone|csv
337,image,$white_ao,11,0,|wc/t7_metal_black_rusty|material|maps/zm/zm_nightmare.d3dbsp|gfx_map|zone_source/zm_nightmare.zone|csv
338,image,i_mlt_p7_zm_zod_skull_n,120,407232,|mc/mtl_p7_zm_zod_skull_yellow|material|p7_zm_zod_skull_yellow|xmodel|maps/zm/zm_nightmare.d3dbsp|gfx_map|zone_source/zm_nightmare.zone|csv
339,image,i_mlt_p7_zm_zod_skull_g,272,218440,|mc/mtl_p7_zm_zod_skull_yellow|material|p7_zm_zod_skull_yellow|xmodel|maps/zm/zm_nightmare.d3dbsp|gfx_map|zone_source/zm_nightmare.zone|csv
340,image,i_mlt_p7_zm_zod_skull_c,280,196608,|mc/mtl_p7_zm_zod_skull_yellow|material|p7_zm_zod_skull_yellow|xmodel|maps/zm/zm_nightmare.d3dbsp|gfx_map|zone_source/zm_nightmare.zone|csv
341,material,mc/mtl_p7_zm_zod_skull_yellow,1585,0,|p7_zm_zod_skull_yellow|xmodel|maps/zm/zm_nightmare.d3dbsp|gfx_map|zone_source/zm_nightmare.zone|csv
342,xmodelmesh,p7_zm_zod_skull_lod0d63f72c6,232,11064,|p7_zm_zod_skull_yellow|xmodel|maps/zm/zm_nightmare.d3dbsp|gfx_map|zone_source/zm_nightmare.zone|csv
343,xmodel,p7_zm_zod_skull_yellow,152,0,|maps/zm/zm_nightmare.d3dbsp|gfx_map|zone_source/zm_nightmare.zone|csv
344,image,i_mtl_p7_zm_zod_table_ritual_urn_n,299,360320,|mc/mtl_p7_zm_zod_table_ritual_urn|material|p7_zm_zod_table_ritual_urn|xmodel|maps/zm/zm_nightmare.d3dbsp|gfx_map|zone_source/zm_nightmare.zone|csv
345,image,i_mtl_p7_zm_zod_table_ritual_urn_c,283,218440,|mc/mtl_p7_zm_zod_table_ritual_urn|material|p7_zm_zod_table_ritual_urn|xmodel|maps/zm/zm_nightmare.d3dbsp|gfx_map|zone_source/zm_nightmare.zone|csv
346,material,mc/mtl_p7_zm_zod_table_ritual_urn,826,0,|p7_zm_zod_table_ritual_urn|xmodel|maps/zm/zm_nightmare.d3dbsp|gfx_map|zone_source/zm_nightmare.zone|csv
347,xmodelmesh,p7_zm_zod_table_ritual_urn_lod153570740,240,28360,|p7_zm_zod_table_ritual_urn|xmodel|maps/zm/zm_nightmare.d3dbsp|gfx_map|zone_source/zm_nightmare.zone|csv
348,xmodelmesh,p7_zm_zod_table_ritual_urn_lod09cd02be8,232,37552,|p7_zm_zod_table_ritual_urn|xmodel|maps/zm/zm_nightmare.d3dbsp|gfx_map|zone_source/zm_nightmare.zone|csv
349,xmodel,p7_zm_zod_table_ritual_urn,5012,0,|maps/zm/zm_nightmare.d3dbsp|gfx_map|zone_source/zm_nightmare.zone|csv
350,image,i_mtl_p7_zm_zod_table_ritual_cloth_m,133,371000,|mc/mtl_p7_zm_zod_table_ritual_cloth_cloth_bld|material|p7_zm_zod_table_ritual_cloth|xmodel|maps/zm/zm_nightmare.d3dbsp|gfx_map|zone_source/zm_nightmare.zone|csv
351,image,i_t7_micro_cloth_cotton_01_n,285,393224,|mc/mtl_p7_zm_zod_table_ritual_cloth_cloth_bld|material|p7_zm_zod_table_ritual_cloth|xmodel|maps/zm/zm_nightmare.d3dbsp|gfx_map|zone_source/zm_nightmare.zone|csv
352,image,i_mtl_p7_zm_zod_table_ritual_cloth_n,309,742752,|mc/mtl_p7_zm_zod_table_ritual_cloth_cloth_bld|material|p7_zm_zod_table_ritual_cloth|xmodel|maps/zm/zm_nightmare.d3dbsp|gfx_map|zone_source/zm_nightmare.zone|csv
353,image,i_t7_micro_cloth_cotton_01_worn_c,274,371360,|mc/mtl_p7_zm_zod_table_ritual_cloth_cloth_bld|material|p7_zm_zod_table_ritual_cloth|xmodel|maps/zm/zm_nightmare.d3dbsp|gfx_map|zone_source/zm_nightmare.zone|csv
354,material,mc/mtl_p7_zm_zod_table_ritual_cloth_cloth_bld,1659,0,|p7_zm_zod_table_ritual_cloth|xmodel|maps/zm/zm_nightmare.d3dbsp|gfx_map|zone_source/zm_nightmare.zone|csv
355,techset,mc/lit_transparent_plus#e6142445,34,0,|mc/mtl_p7_zm_zod_table_ritual_cloth_blood|material|p7_zm_zod_table_ritual_cloth|xmodel|maps/zm/zm_nightmare.d3dbsp|gfx_map|zone_source/zm_nightmare.zone|csv
356,image,i_mtl_p7_zm_zod_table_ritual_cloth_blood_n,139,218464,|mc/mtl_p7_zm_zod_table_ritual_cloth_blood|material|p7_zm_zod_table_ritual_cloth|xmodel|maps/zm/zm_nightmare.d3dbsp|gfx_map|zone_source/zm_nightmare.zone|csv
357,image,i_mtl_p7_zm_zod_table_ritual_cloth_blood_g,283,109208,|mc/mtl_p7_zm_zod_table_ritual_cloth_blood|material|p7_zm_zod_table_ritual_cloth|xmodel|maps/zm/zm_nightmare.d3dbsp|gfx_map|zone_source/zm_nightmare.zone|csv
358,image,i_mtl_p7_zm_zod_table_ritual_cloth_blood_c,315,742760,|mc/mtl_p7_zm_zod_table_ritual_cloth_blood|material|p7_zm_zod_table_ritual_cloth|xmodel|maps/zm/zm_nightmare.d3dbsp|gfx_map|zone_source/zm_nightmare.zone|csv
359,material,mc/mtl_p7_zm_zod_table_ritual_cloth_blood,1637,0,|p7_zm_zod_table_ritual_cloth|xmodel|maps/zm/zm_nightmare.d3dbsp|gfx_map|zone_source/zm_nightmare.zone|csv
360,image,i_mtl_p7_zm_zod_table_ritual_cloth_decal_n,139,196608,|mc/mtl_p7_zm_zod_table_ritual_cloth_decal|material|p7_zm_zod_table_ritual_cloth|xmodel|maps/zm/zm_nightmare.d3dbsp|gfx_map|zone_source/zm_nightmare.zone|csv
361,image,i_mtl_p7_zm_zod_table_ritual_cloth_decal_c,299,196608,|mc/mtl_p7_zm_zod_table_ritual_cloth_decal|material|p7_zm_zod_table_ritual_cloth|xmodel|maps/zm/zm_nightmare.d3dbsp|gfx_map|zone_source/zm_nightmare.zone|csv
362,material,mc/mtl_p7_zm_zod_table_ritual_cloth_decal,1114,0,|p7_zm_zod_table_ritual_cloth|xmodel|maps/zm/zm_nightmare.d3dbsp|gfx_map|zone_source/zm_nightmare.zone|csv
363,techset,mc/lit_transparent#e6142445,29,0,|mc/global_invisible|material|tag_origin|xmodel|zmcore_magicbox|zbarrier|maps/zm/zm_nightmare.d3dbsp|col_map|zone_source/zm_nightmare.zone|csv
364,image,i_mtl_p7_zm_zod_table_ritual_cloth_edge_n,122,371360,|mc/mtl_p7_zm_zod_table_ritual_cloth_edge|material|p7_zm_zod_table_ritual_cloth|xmodel|maps/zm/zm_nightmare.d3dbsp|gfx_map|zone_source/zm_nightmare.zone|csv
365,image,i_mtl_p7_zm_zod_table_ritual_cloth_edge_c,298,393216,|mc/mtl_p7_zm_zod_table_ritual_cloth_edge|material|p7_zm_zod_table_ritual_cloth|xmodel|maps/zm/zm_nightmare.d3dbsp|gfx_map|zone_source/zm_nightmare.zone|csv
366,material,mc/mtl_p7_zm_zod_table_ritual_cloth_edge,1535,0,|p7_zm_zod_table_ritual_cloth|xmodel|maps/zm/zm_nightmare.d3dbsp|gfx_map|zone_source/zm_nightmare.zone|csv
367,xmodelmesh,p7_zm_zod_table_ritual_cloth_lod11ce88dbc,576,104400,|p7_zm_zod_table_ritual_cloth|xmodel|maps/zm/zm_nightmare.d3dbsp|gfx_map|zone_source/zm_nightmare.zone|csv
368,xmodelmesh,p7_zm_zod_table_ritual_cloth_lod0e1b0003b,576,139296,|p7_zm_zod_table_ritual_cloth|xmodel|maps/zm/zm_nightmare.d3dbsp|gfx_map|zone_source/zm_nightmare.zone|csv
369,xmodel,p7_zm_zod_table_ritual_cloth,5524,0,|maps/zm/zm_nightmare.d3dbsp|gfx_map|zone_source/zm_nightmare.zone|csv
370,image,$white_diffuse,16,0,|mc/mtl_p7_zm_der_magic_box_fake_metal|material|p7_zm_der_magic_box_fake_trunk|xmodel|p7_zm_der_magic_box_fake|xmodel|zmcore_magicbox|zbarrier|maps/zm/zm_nightmare.d3dbsp|col_map|zone_source/zm_nightmare.zone|csv
371,material,mc/bullet_collision_rock,1484,0,|p7_zm_zod_beast_basin_pap|xmodel|maps/zm/zm_nightmare.d3dbsp|gfx_map|zone_source/zm_nightmare.zone|csv
372,techset,mc/lit_micro_tile_blend_plus#e6142445,689960,0,|mc/mtl_p7_zm_zod_beast_basin_stone_pap|material|p7_zm_zod_beast_basin_pap|xmodel|maps/zm/zm_nightmare.d3dbsp|gfx_map|zone_source/zm_nightmare.zone|csv
373,image,i_mtl_p7_zm_zod_beast_basin_m,118,236888,|mc/mtl_p7_zm_zod_beast_basin_metal_pap|material|p7_zm_zod_beast_basin_pap|xmodel|maps/zm/zm_nightmare.d3dbsp|gfx_map|zone_source/zm_nightmare.zone|csv
374,image,i_mtl_p7_zm_zod_beast_basin_o,286,65536,|mc/mtl_p7_zm_zod_beast_basin_stone_pap|material|p7_zm_zod_beast_basin_pap|xmodel|maps/zm/zm_nightmare.d3dbsp|gfx_map|zone_source/zm_nightmare.zone|csv
375,image,i_mtl_p7_zm_zod_table_ritual_stone_01_n,304,371384,|mc/mtl_p7_zm_zod_table_ritual_blend|material|p7_zm_zod_table_ritual|xmodel|maps/zm/zm_nightmare.d3dbsp|col_map|zone_source/zm_nightmare.zone|csv
376,image,i_mtl_p7_zm_zod_table_ritual_stone_02_n,296,393216,|mc/mtl_p7_zm_zod_table_ritual_blend|material|p7_zm_zod_table_ritual|xmodel|maps/zm/zm_nightmare.d3dbsp|col_map|zone_source/zm_nightmare.zone|csv
377,image,i_mtl_p7_zm_zod_beast_basin_n,286,1441792,|mc/mtl_p7_zm_zod_beast_basin_metal_pap|material|p7_zm_zod_beast_basin_pap|xmodel|maps/zm/zm_nightmare.d3dbsp|gfx_map|zone_source/zm_nightmare.zone|csv
378,image,i_t7_micro_stone_sandstone_01_g,280,218440,|mc/mtl_p7_zm_zod_beast_basin_stone_pap|material|p7_zm_zod_beast_basin_pap|xmodel|maps/zm/zm_nightmare.d3dbsp|gfx_map|zone_source/zm_nightmare.zone|csv
379,image,i_mtl_p7_zm_zod_table_ritual_stone_02_c,296,196608,|mc/mtl_p7_zm_zod_table_ritual_blend|material|p7_zm_zod_table_ritual|xmodel|maps/zm/zm_nightmare.d3dbsp|col_map|zone_source/zm_nightmare.zone|csv
380,image,i_mtl_p7_zm_zod_table_ritual_stone_01_c,296,196608,|mc/mtl_p7_zm_zod_table_ritual_blend|material|p7_zm_zod_table_ritual|xmodel|maps/zm/zm_nightmare.d3dbsp|col_map|zone_source/zm_nightmare.zone|csv
381,material,mc/mtl_p7_zm_zod_beast_basin_stone_pap,1590,0,|p7_zm_zod_beast_basin_pap|xmodel|maps/zm/zm_nightmare.d3dbsp|gfx_map|zone_source/zm_nightmare.zone|csv
382,techset,mc/lit_micro_tile_blend_advanced#e6142445,282602,0,|mc/mtl_p7_zm_der_magic_box_metal|material|p7_zm_der_magic_box|xmodel|zmcore_magicbox|zbarrier|maps/zm/zm_nightmare.d3dbsp|col_map|zone_source/zm_nightmare.zone|csv
383,image,$spec_simple,14,0,|mc/mtl_p7_zm_der_magic_box_metal|material|p7_zm_der_magic_box|xmodel|zmcore_magicbox|zbarrier|maps/zm/zm_nightmare.d3dbsp|col_map|zone_source/zm_nightmare.zone|csv
384,image,$normal,9,0,|wc/t7_stone_cobblestone_01_mossy_r02_wet|material|maps/zm/zm_nightmare.d3dbsp|gfx_map|zone_source/zm_nightmare.zone|csv
385,image,i_t7_micro_metal_bare_01_g,115,196608,|mc/mtl_p7_zm_zod_beast_basin_metal_pap|material|p7_zm_zod_beast_basin_pap|xmodel|maps/zm/zm_nightmare.d3dbsp|gfx_map|zone_source/zm_nightmare.zone|csv
386,image,i_t7_micro_metal_rust_02_c,283,196608,|mc/mtl_p7_zm_zod_beast_basin_metal_pap|material|p7_zm_zod_beast_basin_pap|xmodel|maps/zm/zm_nightmare.d3dbsp|gfx_map|zone_source/zm_nightmare.zone|csv
387,image,$black_color,14,0,|mc/mtl_p7_zm_der_magic_box_qmark_bg|material|p7_zm_der_magic_box|xmodel|zmcore_magicbox|zbarrier|maps/zm/zm_nightmare.d3dbsp|col_map|zone_source/zm_nightmare.zone|csv
388,image,$white_specular,17,0,|mc/mtl_p7_zm_der_magic_box_fake_metal|material|p7_zm_der_magic_box_fake_trunk|xmodel|p7_zm_der_magic_box_fake|xmodel|zmcore_magicbox|zbarrier|maps/zm/zm_nightmare.d3dbsp|col_map|zone_source/zm_nightmare.zone|csv
389,material,mc/mtl_p7_zm_zod_beast_basin_metal_pap,2082,0,|p7_zm_zod_beast_basin_pap|xmodel|maps/zm/zm_nightmare.d3dbsp|gfx_map|zone_source/zm_nightmare.zone|csv
390,techset,mc/lit_decal_diffuse#e6142445,31,0,|mc/invisible|material|p7_zm_vending_packapunch_weapon|xmodel|zmcore_packapunch|zbarrier|maps/zm/zm_nightmare.d3dbsp|col_map|zone_source/zm_nightmare.zone|csv
391,image,$blacktransparent_color,25,0,|mc/mtl_p7_zm_der_magic_box_qmark_trim|material|p7_zm_der_magic_box|xmodel|zmcore_magicbox|zbarrier|maps/zm/zm_nightmare.d3dbsp|col_map|zone_source/zm_nightmare.zone|csv
392,material,mc/invisible,904,0,|p7_zm_vending_packapunch_weapon|xmodel|zmcore_packapunch|zbarrier|maps/zm/zm_nightmare.d3dbsp|col_map|zone_source/zm_nightmare.zone|csv
393,image,i_mtl_p7_cai_seismic_damper_hall_dirty_c,137,1419960,|mc/mtl_p7_zm_zod_beast_basin_dirt|material|p7_zm_zod_beast_basin_pap|xmodel|maps/zm/zm_nightmare.d3dbsp|gfx_map|zone_source/zm_nightmare.zone|csv
394,material,mc/mtl_p7_zm_zod_beast_basin_decal_pap,1191,0,|p7_zm_zod_beast_basin_pap|xmodel|maps/zm/zm_nightmare.d3dbsp|gfx_map|zone_source/zm_nightmare.zone|csv
395,image,i_t7_micro_grunge_pool_silt_01_n,113,393216,|mc/mtl_p7_zm_zod_beast_basin_dirt|material|p7_zm_zod_beast_basin_pap|xmodel|maps/zm/zm_nightmare.d3dbsp|gfx_map|zone_source/zm_nightmare.zone|csv
396,material,mc/mtl_p7_zm_zod_beast_basin_dirt,1135,0,|p7_zm_zod_beast_basin_pap|xmodel|maps/zm/zm_nightmare.d3dbsp|gfx_map|zone_source/zm_nightmare.zone|csv
397,techset,mc/lit_water_sim_flow_normal#e6142445,874666,0,|mc/mtl_t7_zm_zod_beast_basin_liquid|material|p7_zm_zod_beast_basin_pap|xmodel|maps/zm/zm_nightmare.d3dbsp|gfx_map|zone_source/zm_nightmare.zone|csv
398,image,i_t7_water_mp_hunted_flow_c,124,1441764,|mc/mtl_t7_zm_zod_beast_basin_liquid|material|p7_zm_zod_beast_basin_pap|xmodel|maps/zm/zm_nightmare.d3dbsp|gfx_map|zone_source/zm_nightmare.zone|csv
399,image,i_mtl_p7_water_zod_beast_basin_refraction_c,748,0,|mc/mtl_t7_zm_zod_beast_basin_liquid|material|p7_zm_zod_beast_basin_pap|xmodel|maps/zm/zm_nightmare.d3dbsp|gfx_map|zone_source/zm_nightmare.zone|csv
400,image,i_mtl_p7_eth_vista_water_n,43,5636124,|wc/t7_water_zm_der_vats|material|maps/zm/zm_nightmare.d3dbsp|gfx_map|zone_source/zm_nightmare.zone|csv
401,image,flow_map_noise_test,276,65536,|wc/t7_water_zm_der_vats|material|maps/zm/zm_nightmare.d3dbsp|gfx_map|zone_source/zm_nightmare.zone|csv
402,image,i_mtl_p7_water_zod_beast_basin_backscatter_blue_c,1682,0,|mc/mtl_t7_zm_zod_beast_basin_liquid|material|p7_zm_zod_beast_basin_pap|xmodel|maps/zm/zm_nightmare.d3dbsp|gfx_map|zone_source/zm_nightmare.zone|csv
403,image,img_foam,161,218440,|wc/t7_water_ocean_surface_flow|material|maps/zm/zm_nightmare.d3dbsp|gfx_map|zone_source/zm_nightmare.zone|csv
404,material,mc/mtl_t7_zm_zod_beast_basin_liquid,2852,0,|p7_zm_zod_beast_basin_pap|xmodel|maps/zm/zm_nightmare.d3dbsp|gfx_map|zone_source/zm_nightmare.zone|csv
405,xmodelmesh,p7_zm_zod_beast_basin_lod1bc58e9d0,800,155736,|p7_zm_zod_beast_basin_pap|xmodel|maps/zm/zm_nightmare.d3dbsp|gfx_map|zone_source/zm_nightmare.zone|csv
406,xmodelmesh,p7_zm_zod_beast_basin_lod077b604f7,792,213216,|p7_zm_zod_beast_basin_pap|xmodel|maps/zm/zm_nightmare.d3dbsp|gfx_map|zone_source/zm_nightmare.zone|csv
407,xmodelmesh,p7_zm_zod_beast_basin_colbc5268d4,4712,0,|p7_zm_zod_beast_basin_pap|xmodel|maps/zm/zm_nightmare.d3dbsp|gfx_map|zone_source/zm_nightmare.zone|csv
408,xmodel,p7_zm_zod_beast_basin_pap,4104,0,|maps/zm/zm_nightmare.d3dbsp|gfx_map|zone_source/zm_nightmare.zone|csv
409,material,mc/mtl_p7_debris_concrete_rubble_med_03_fx,44,0,|p7_debris_concrete_rubble_med_06_no_metal_fx|xmodel|maps/zm/zm_nightmare.d3dbsp|gfx_map|zone_source/zm_nightmare.zone|csv
410,xmodel,p7_debris_concrete_rubble_med_06_no_metal_fx,46,0,|maps/zm/zm_nightmare.d3dbsp|gfx_map|zone_source/zm_nightmare.zone|csv
411,material,mc/bullet_collision_concrete,1382,0,|p7_debris_concrete_rubble_med_02|xmodel|maps/zm/zm_nightmare.d3dbsp|gfx_map|zone_source/zm_nightmare.zone|csv
412,image,i_mtl_p7_debris_concrete_rubble_med_03_n,137,1444224,|mc/mtl_p7_debris_concrete_rubble_med_03_warm|material|p7_debris_concrete_rubble_med_05_no_metal_warm|xmodel|maps/zm/zm_nightmare.d3dbsp|gfx_map|zone_source/zm_nightmare.zone|csv
413,image,i_mtl_p7_debris_concrete_rubble_med_03_c,289,742728,|mc/mtl_p7_debris_concrete_rubble_med_03|material|p7_debris_concrete_rubble_med_07_no_metal|xmodel|maps/zm/zm_nightmare.d3dbsp|gfx_map|zone_source/zm_nightmare.zone|csv
414,material,mc/mtl_p7_debris_concrete_rubble_med_03,830,0,|p7_debris_concrete_rubble_med_07_no_metal|xmodel|maps/zm/zm_nightmare.d3dbsp|gfx_map|zone_source/zm_nightmare.zone|csv
415,xmodelmesh,p7_debris_concrete_rubble_med_06_no_metal_lod098a3845a,56,0,|p7_debris_concrete_rubble_med_06_no_metal|xmodel|maps/zm/zm_nightmare.d3dbsp|gfx_map|zone_source/zm_nightmare.zone|csv
416,xmodelmesh,p7_debris_concrete_rubble_med_06_no_metal_lod09359c1fe,56,0,|p7_debris_concrete_rubble_med_06_no_metal|xmodel|maps/zm/zm_nightmare.d3dbsp|gfx_map|zone_source/zm_nightmare.zone|csv
417,xmodelmesh,p7_debris_concrete_rubble_med_06_no_metal_lod033fe8b8e,56,0,|p7_debris_concrete_rubble_med_06_no_metal|xmodel|maps/zm/zm_nightmare.d3dbsp|gfx_map|zone_source/zm_nightmare.zone|csv
418,xmodelmesh,p7_debris_concrete_rubble_med_06_no_metal_lod06fe85419,56,0,|p7_debris_concrete_rubble_med_06_no_metal|xmodel|maps/zm/zm_nightmare.d3dbsp|gfx_map|zone_source/zm_nightmare.zone|csv
419,xmodelmesh,p7_debris_concrete_rubble_med_06_no_metal_lod05f2be830,56,0,|p7_debris_concrete_rubble_med_06_no_metal|xmodel|maps/zm/zm_nightmare.d3dbsp|gfx_map|zone_source/zm_nightmare.zone|csv
420,xmodelmesh,p7_debris_concrete_rubble_med_06_no_metal_lod0bb69eb28,56,0,|p7_debris_concrete_rubble_med_06_no_metal|xmodel|maps/zm/zm_nightmare.d3dbsp|gfx_map|zone_source/zm_nightmare.zone|csv
421,xmodelmesh,p7_debris_concrete_rubble_med_06_no_metal_lod08d17f650,56,0,|p7_debris_concrete_rubble_med_06_no_metal|xmodel|maps/zm/zm_nightmare.d3dbsp|gfx_map|zone_source/zm_nightmare.zone|csv
422,xmodelmesh,p7_debris_concrete_rubble_med_06_no_metal_lod0451f5555,56,0,|p7_debris_concrete_rubble_med_06_no_metal|xmodel|maps/zm/zm_nightmare.d3dbsp|gfx_map|zone_source/zm_nightmare.zone|csv
423,xmodelmesh,p7_debris_concrete_rubble_med_06_no_metal_colef00155b,3216,0,|p7_debris_concrete_rubble_med_06_no_metal|xmodel|maps/zm/zm_nightmare.d3dbsp|gfx_map|zone_source/zm_nightmare.zone|csv
424,xmodel,p7_debris_concrete_rubble_med_06_no_metal,3304,0,|maps/zm/zm_nightmare.d3dbsp|gfx_map|zone_source/zm_nightmare.zone|csv
425,image,i_mtl_p7_debris_concrete_rubble_med_03_warm_c,150,720896,|mc/mtl_p7_debris_concrete_rubble_med_03_warm|material|p7_debris_concrete_rubble_med_05_no_metal_warm|xmodel|maps/zm/zm_nightmare.d3dbsp|gfx_map|zone_source/zm_nightmare.zone|csv
426,material,mc/mtl_p7_debris_concrete_rubble_med_03_warm,834,0,|p7_debris_concrete_rubble_med_05_no_metal_warm|xmodel|maps/zm/zm_nightmare.d3dbsp|gfx_map|zone_source/zm_nightmare.zone|csv
427,xmodelmesh,p7_debris_concrete_rubble_med_05_no_metal_lod02421683e,256,21192,|p7_debris_concrete_rubble_med_05_no_metal_warm|xmodel|maps/zm/zm_nightmare.d3dbsp|gfx_map|zone_source/zm_nightmare.zone|csv
428,xmodelmesh,p7_debris_concrete_rubble_med_05_no_metal_lod01d510181,256,38272,|p7_debris_concrete_rubble_med_05_no_metal_warm|xmodel|maps/zm/zm_nightmare.d3dbsp|gfx_map|zone_source/zm_nightmare.zone|csv
429,xmodelmesh,p7_debris_concrete_rubble_med_05_no_metal_col49d83bc1,4656,0,|p7_debris_concrete_rubble_med_05_no_metal_warm|xmodel|maps/zm/zm_nightmare.d3dbsp|gfx_map|zone_source/zm_nightmare.zone|csv
430,xmodel,p7_debris_concrete_rubble_med_05_no_metal_warm,2728,0,|maps/zm/zm_nightmare.d3dbsp|gfx_map|zone_source/zm_nightmare.zone|csv
431,xmodelmesh,p7_debris_concrete_rubble_med_07_no_metal_lod0d5505a2a,256,11744,|p7_debris_concrete_rubble_med_07_no_metal|xmodel|maps/zm/zm_nightmare.d3dbsp|gfx_map|zone_source/zm_nightmare.zone|csv
432,xmodelmesh,p7_debris_concrete_rubble_med_07_no_metal_lod0a8dce917,248,20480,|p7_debris_concrete_rubble_med_07_no_metal|xmodel|maps/zm/zm_nightmare.d3dbsp|gfx_map|zone_source/zm_nightmare.zone|csv
433,xmodelmesh,p7_debris_concrete_rubble_med_07_no_metal_colf5c1735b,2440,0,|p7_debris_concrete_rubble_med_07_no_metal|xmodel|maps/zm/zm_nightmare.d3dbsp|gfx_map|zone_source/zm_nightmare.zone|csv
434,xmodel,p7_debris_concrete_rubble_med_07_no_metal,1568,0,|maps/zm/zm_nightmare.d3dbsp|gfx_map|zone_source/zm_nightmare.zone|csv
435,techset,mc/lit_micro_tiled_macro_color#e6142445,308152,0,|mc/mtl_p7_rebar_cap_01_rusty|material|p7_debris_concrete_rubble_med_02|xmodel|maps/zm/zm_nightmare.d3dbsp|gfx_map|zone_source/zm_nightmare.zone|csv
436,image,i_mtl_p7_rebar_01_rusty_c,234,105008,|mc/mtl_p7_rebar_01_rusty|material|p7_debris_concrete_rubble_med_02|xmodel|maps/zm/zm_nightmare.d3dbsp|gfx_map|zone_source/zm_nightmare.zone|csv
437,image,i_mtl_p7_rebar_01_n,276,65536,|mc/mtl_p7_rebar_01_rusty|material|p7_debris_concrete_rubble_med_02|xmodel|maps/zm/zm_nightmare.d3dbsp|gfx_map|zone_source/zm_nightmare.zone|csv
438,material,mc/mtl_p7_rebar_01_rusty,1378,0,|p7_debris_concrete_rubble_med_02|xmodel|maps/zm/zm_nightmare.d3dbsp|gfx_map|zone_source/zm_nightmare.zone|csv
439,image,i_mtl_p7_rebar_cap_01_rusty_c,11046,0,|mc/mtl_p7_rebar_cap_01_rusty|material|p7_debris_concrete_rubble_med_02|xmodel|maps/zm/zm_nightmare.d3dbsp|gfx_map|zone_source/zm_nightmare.zone|csv
440,image,i_mtl_p7_rebar_cap_01_n,112,43616,|mc/mtl_p7_rebar_cap_01_rusty|material|p7_debris_concrete_rubble_med_02|xmodel|maps/zm/zm_nightmare.d3dbsp|gfx_map|zone_source/zm_nightmare.zone|csv
441,material,mc/mtl_p7_rebar_cap_01_rusty,1450,0,|p7_debris_concrete_rubble_med_02|xmodel|maps/zm/zm_nightmare.d3dbsp|gfx_map|zone_source/zm_nightmare.zone|csv
442,image,i_mtl_p7_debris_concrete_rubble_med_01_n,121,1441792,|mc/mtl_p7_debris_concrete_rubble_med_01|material|p7_debris_concrete_rubble_med_02|xmodel|maps/zm/zm_nightmare.d3dbsp|gfx_map|zone_source/zm_nightmare.zone|csv
443,image,i_mtl_p7_debris_concrete_rubble_med_01_c,289,742728,|mc/mtl_p7_debris_concrete_rubble_med_01|material|p7_debris_concrete_rubble_med_02|xmodel|maps/zm/zm_nightmare.d3dbsp|gfx_map|zone_source/zm_nightmare.zone|csv
444,material,mc/mtl_p7_debris_concrete_rubble_med_01,1254,0,|p7_debris_concrete_rubble_med_02|xmodel|maps/zm/zm_nightmare.d3dbsp|gfx_map|zone_source/zm_nightmare.zone|csv
445,xmodelmesh,p7_debris_concrete_rubble_med_02_lod0f1381308,464,33464,|p7_debris_concrete_rubble_med_02|xmodel|maps/zm/zm_nightmare.d3dbsp|gfx_map|zone_source/zm_nightmare.zone|csv
446,xmodelmesh,p7_debris_concrete_rubble_med_02_lod05e95e8b0,464,56736,|p7_debris_concrete_rubble_med_02|xmodel|maps/zm/zm_nightmare.d3dbsp|gfx_map|zone_source/zm_nightmare.zone|csv
447,xmodelmesh,p7_debris_concrete_rubble_med_02_no_metal_col115c7f87,3944,0,|p7_debris_concrete_rubble_med_02|xmodel|maps/zm/zm_nightmare.d3dbsp|gfx_map|zone_source/zm_nightmare.zone|csv
448,xmodel,p7_debris_concrete_rubble_med_02,2400,0,|maps/zm/zm_nightmare.d3dbsp|gfx_map|zone_source/zm_nightmare.zone|csv
449,image,i_t7_concrete_bare_dark_01_n,189,1460832,|mc/t7_concrete_bare_dark_01|material|p7_zm_zod_pap_door_chunk_a|xmodel|maps/zm/zm_nightmare.d3dbsp|gfx_map|zone_source/zm_nightmare.zone|csv
450,image,i_t7_concrete_bare_dark_01_g,277,742728,|mc/t7_concrete_bare_dark_01|material|p7_zm_zod_pap_door_chunk_a|xmodel|maps/zm/zm_nightmare.d3dbsp|gfx_map|zone_source/zm_nightmare.zone|csv
451,image,i_t7_concrete_bare_dark_01_c,285,196608,|mc/t7_concrete_bare_dark_01|material|p7_zm_zod_pap_door_chunk_a|xmodel|maps/zm/zm_nightmare.d3dbsp|gfx_map|zone_source/zm_nightmare.zone|csv
452,material,mc/t7_concrete_bare_dark_01,889,0,|p7_zm_zod_pap_door_chunk_a|xmodel|maps/zm/zm_nightmare.d3dbsp|gfx_map|zone_source/zm_nightmare.zone|csv
453,image,i_t7_brick_worn_red_heavy_grout_n,298,1419960,|mc/mtl_zm_brick_pap_door|material|p7_zm_zod_pap_door_chunk_a|xmodel|maps/zm/zm_nightmare.d3dbsp|gfx_map|zone_source/zm_nightmare.zone|csv
454,image,i_t7_brick_worn_red_heavy_grout_c,282,742728,|mc/mtl_zm_brick_pap_door|material|p7_zm_zod_pap_door_chunk_a|xmodel|maps/zm/zm_nightmare.d3dbsp|gfx_map|zone_source/zm_nightmare.zone|csv
455,material,mc/mtl_zm_brick_pap_door,812,0,|p7_zm_zod_pap_door_chunk_a|xmodel|maps/zm/zm_nightmare.d3dbsp|gfx_map|zone_source/zm_nightmare.zone|csv
456,xmodelmesh,p7_zm_zod_pap_door_chunk_d_lod04e128de,352,25048,|p7_zm_zod_pap_door_chunk_d|xmodel|maps/zm/zm_nightmare.d3dbsp|gfx_map|zone_source/zm_nightmare.zone|csv
457,xmodelmesh,p7_zm_zod_pap_door_chunk_d_lod09b19cdaf,344,38368,|p7_zm_zod_pap_door_chunk_d|xmodel|maps/zm/zm_nightmare.d3dbsp|gfx_map|zone_source/zm_nightmare.zone|csv
458,xmodel,p7_zm_zod_pap_door_chunk_d,1412,0,|maps/zm/zm_nightmare.d3dbsp|gfx_map|zone_source/zm_nightmare.zone|csv
459,xmodelmesh,p7_zm_zod_pap_door_chunk_a_lod0eef0b057,356,25536,|p7_zm_zod_pap_door_chunk_a|xmodel|maps/zm/zm_nightmare.d3dbsp|gfx_map|zone_source/zm_nightmare.zone|csv
460,xmodelmesh,p7_zm_zod_pap_door_chunk_a_lod05535d1b3,344,39152,|p7_zm_zod_pap_door_chunk_a|xmodel|maps/zm/zm_nightmare.d3dbsp|gfx_map|zone_source/zm_nightmare.zone|csv
461,xmodel,p7_zm_zod_pap_door_chunk_a,1412,0,|maps/zm/zm_nightmare.d3dbsp|gfx_map|zone_source/zm_nightmare.zone|csv
462,surfacesounddef,zombfootstep_prone_zomb,24,0,|zombfootstep|footsteptable|spawner_zm_factory_zombie|aitype|maps/zm/zm_nightmare.d3dbsp|col_map|zone_source/zm_nightmare.zone|csv
463,surfacesounddef,zombfootstep_crouch_walk_zomb,30,0,|zombfootstep|footsteptable|spawner_zm_factory_zombie|aitype|maps/zm/zm_nightmare.d3dbsp|col_map|zone_source/zm_nightmare.zone|csv
464,surfacesounddef,zombfootstep_crouch_run_zomb,29,0,|zombfootstep|footsteptable|spawner_zm_factory_zombie|aitype|maps/zm/zm_nightmare.d3dbsp|col_map|zone_source/zm_nightmare.zone|csv
465,surfacesounddef,zombfootstep_walk_zomb,23,0,|zombfootstep|footsteptable|spawner_zm_factory_zombie|aitype|maps/zm/zm_nightmare.d3dbsp|col_map|zone_source/zm_nightmare.zone|csv
466,surfacesounddef,zombfootstep_run_zomb,22,0,|zombfootstep|footsteptable|spawner_zm_factory_zombie|aitype|maps/zm/zm_nightmare.d3dbsp|col_map|zone_source/zm_nightmare.zone|csv
467,surfacesounddef,zombfootstep_sprint_zomb,25,0,|zombfootstep|footsteptable|spawner_zm_factory_zombie|aitype|maps/zm/zm_nightmare.d3dbsp|col_map|zone_source/zm_nightmare.zone|csv
468,surfacesounddef,zombfootstep_ladder_hand_zomb,30,0,|zombfootstep|footsteptable|spawner_zm_factory_zombie|aitype|maps/zm/zm_nightmare.d3dbsp|col_map|zone_source/zm_nightmare.zone|csv
469,footsteptable,zombfootstep,13,0,|spawner_zm_factory_zombie|aitype|maps/zm/zm_nightmare.d3dbsp|col_map|zone_source/zm_nightmare.zone|csv
470,techset,mc/lit_transition#e6142445,28,0,|mc/mtl_c_zom_der_zombie_body2_skin|material|c_zom_der_zombie_body2_g_blegsoff|xmodel|c_zom_der_zombie2_nohat|character|spawner_zm_factory_zombie|aitype|maps/zm/zm_nightmare.d3dbsp|col_map|zone_source/zm_nightmare.zone|csv
471,image,i_c_gen_char_g,16,0,|mc/mtl_c_zom_der_zombie_gear_knife|material|c_zom_der_zombie_body2_g_larmoff|xmodel|c_zom_der_zombie2_nohat|character|spawner_zm_factory_zombie|aitype|maps/zm/zm_nightmare.d3dbsp|col_map|zone_source/zm_nightmare.zone|csv
472,image,i_c_gen_char_c,16,0,|mc/mtl_c_zom_der_zombie_gear_knife|material|c_zom_der_zombie_body2_g_larmoff|xmodel|c_zom_der_zombie2_nohat|character|spawner_zm_factory_zombie|aitype|maps/zm/zm_nightmare.d3dbsp|col_map|zone_source/zm_nightmare.zone|csv
473,image,i_c_zom_zod_zombie_fem_body_1_skin_n,69,2821040,|mc/mtl_c_zom_zod_zombie_fem_body_1_skin|material|c_zom_zod_zombie_fem_body1_g_llegspawn|xmodel|c_zom_der_zombie_gib_def|scriptbundle|c_zom_der_zombie2_nohat|character|spawner_zm_factory_zombie|aitype|maps/zm/zm_nightmare.d3dbsp|col_map|zone_source/zm_nightmare.zone|csv
474,image,i_c_zom_zod_zombie_fem_body_1_skin_g,277,1419928,|mc/mtl_c_zom_zod_zombie_fem_body_1_skin|material|c_zom_zod_zombie_fem_body1_g_llegspawn|xmodel|c_zom_der_zombie_gib_def|scriptbundle|c_zom_der_zombie2_nohat|character|spawner_zm_factory_zombie|aitype|maps/zm/zm_nightmare.d3dbsp|col_map|zone_source/zm_nightmare.zone|csv
475,image,i_c_gen_reveal_1k_rec_horiz_r,31,0,|mc/mtl_c_zom_der_zombie_body2_skin|material|c_zom_der_zombie_body2_g_blegsoff|xmodel|c_zom_der_zombie2_nohat|character|spawner_zm_factory_zombie|aitype|maps/zm/zm_nightmare.d3dbsp|col_map|zone_source/zm_nightmare.zone|csv
476,image,i_c_zom_zod_zombie_fem_body_1_skin_c,293,393216,|mc/mtl_c_zom_zod_zombie_fem_body_1_skin|material|c_zom_zod_zombie_fem_body1_g_llegspawn|xmodel|c_zom_der_zombie_gib_def|scriptbundle|c_zom_der_zombie2_nohat|character|spawner_zm_factory_zombie|aitype|maps/zm/zm_nightmare.d3dbsp|col_map|zone_source/zm_nightmare.zone|csv
477,image,i_c_gen_char_n,16,0,|mc/mtl_c_zom_der_zombie_gear_knife|material|c_zom_der_zombie_body2_g_larmoff|xmodel|c_zom_der_zombie2_nohat|character|spawner_zm_factory_zombie|aitype|maps/zm/zm_nightmare.d3dbsp|col_map|zone_source/zm_nightmare.zone|csv
478,material,mc/mtl_c_zom_zod_zombie_fem_body_1_skin,1558,0,|c_zom_zod_zombie_fem_body1_g_llegspawn|xmodel|c_zom_der_zombie_gib_def|scriptbundle|c_zom_der_zombie2_nohat|character|spawner_zm_factory_zombie|aitype|maps/zm/zm_nightmare.d3dbsp|col_map|zone_source/zm_nightmare.zone|csv
479,techset,mc/lit_decal_diffuse_spec_gloss#e6142445,42,0,|mc/mtl_c_gen_gib_alpha|material|c_zom_der_zombie_body2_g_blegsoff|xmodel|c_zom_der_zombie2_nohat|character|spawner_zm_factory_zombie|aitype|maps/zm/zm_nightmare.d3dbsp|col_map|zone_source/zm_nightmare.zone|csv
480,material,mc/mtl_c_gen_gib_gore_arm_right_a,35,0,|c_zom_zod_zombie_fem_body1_g_larmspawn|xmodel|c_zom_der_zombie_gib_def|scriptbundle|c_zom_der_zombie2_nohat|character|spawner_zm_factory_zombie|aitype|maps/zm/zm_nightmare.d3dbsp|col_map|zone_source/zm_nightmare.zone|csv
481,physpreset,gib,5,0,|c_zom_der_zombie_helmet1|xmodel|c_zom_der_zombie2|character|spawner_zm_factory_zombie|aitype|maps/zm/zm_nightmare.d3dbsp|col_map|zone_source/zm_nightmare.zone|csv
482,xmodelmesh,c_zom_zod_zombie_fem_body1_g_rarmspawn_lod0cc3184d5,358,21480,|c_zom_zod_zombie_fem_body1_g_rarmspawn|xmodel|c_zom_der_zombie_gib_def|scriptbundle|c_zom_der_zombie2_nohat|character|spawner_zm_factory_zombie|aitype|maps/zm/zm_nightmare.d3dbsp|col_map|zone_source/zm_nightmare.zone|csv
483,xmodelmesh,c_zom_zod_zombie_fem_body1_g_rarmspawn_lod02f5eed13,360,36352,|c_zom_zod_zombie_fem_body1_g_rarmspawn|xmodel|c_zom_der_zombie_gib_def|scriptbundle|c_zom_der_zombie2_nohat|character|spawner_zm_factory_zombie|aitype|maps/zm/zm_nightmare.d3dbsp|col_map|zone_source/zm_nightmare.zone|csv
484,xmodel,c_zom_zod_zombie_fem_body1_g_rarmspawn,4048,0,|c_zom_der_zombie_gib_def|scriptbundle|c_zom_der_zombie2_nohat|character|spawner_zm_factory_zombie|aitype|maps/zm/zm_nightmare.d3dbsp|col_map|zone_source/zm_nightmare.zone|csv
485,material,ei/gfx_gel_splat_string_spec,30,0,|blood/fx_blood_gib_leg_sever_burst|fx|c_zom_der_zombie_gib_def|scriptbundle|c_zom_der_zombie2_nohat|character|spawner_zm_factory_zombie|aitype|maps/zm/zm_nightmare.d3dbsp|col_map|zone_source/zm_nightmare.zone|csv
486,material,ei/gfx_gel_drops_full_lite_spec,33,0,|blood/fx_blood_trail_zmb|fx|c_zom_der_zombie_gib_def|scriptbundle|c_zom_der_zombie2_nohat|character|spawner_zm_factory_zombie|aitype|maps/zm/zm_nightmare.d3dbsp|col_map|zone_source/zm_nightmare.zone|csv
487,material,ei/gfx_gel_splat_full_spec,28,0,|blood/fx_blood_gib_leg_sever_burst|fx|c_zom_der_zombie_gib_def|scriptbundle|c_zom_der_zombie2_nohat|character|spawner_zm_factory_zombie|aitype|maps/zm/zm_nightmare.d3dbsp|col_map|zone_source/zm_nightmare.zone|csv
488,techset,el/effect_lit_blend#3236dcd6,30,0,|el/gfx_gel_trail_lit|material|blood/fx_blood_trail_zmb|fx|c_zom_der_zombie_gib_def|scriptbundle|c_zom_der_zombie2_nohat|character|spawner_zm_factory_zombie|aitype|maps/zm/zm_nightmare.d3dbsp|col_map|zone_source/zm_nightmare.zone|csv
489,material,el/gfx_gel_trail_lit,22,0,|blood/fx_blood_trail_zmb|fx|c_zom_der_zombie_gib_def|scriptbundle|c_zom_der_zombie2_nohat|character|spawner_zm_factory_zombie|aitype|maps/zm/zm_nightmare.d3dbsp|col_map|zone_source/zm_nightmare.zone|csv
490,techset,lit_weapon_impact#da7372ff,28,0,|gfx_decal_blood_fatal_02|material|blood/fx_blood_decal_impact_ground|fx|impacts/fx_bul_impact_blood_head_fatal_exit|fx|c_zom_der_zombie_gib_def|scriptbundle|c_zom_der_zombie2_nohat|character|spawner_zm_factory_zombie|aitype|maps/zm/zm_nightmare.d3dbsp|col_map|zone_source/zm_nightmare.zone|csv
491,material,gfx_decal_blood_nonfatal_01,29,0,|blood/fx_blood_decal_impact_ground_sm|fx|blood/fx_blood_gib_leg_sever_burst|fx|c_zom_der_zombie_gib_def|scriptbundle|c_zom_der_zombie2_nohat|character|spawner_zm_factory_zombie|aitype|maps/zm/zm_nightmare.d3dbsp|col_map|zone_source/zm_nightmare.zone|csv
492,techset,vd/lit_weapon_impact#36ede2cf,31,0,|vd/gfx_decal_blood_fatal_02|material|blood/fx_blood_decal_impact_ground|fx|impacts/fx_bul_impact_blood_head_fatal_exit|fx|c_zom_der_zombie_gib_def|scriptbundle|c_zom_der_zombie2_nohat|character|spawner_zm_factory_zombie|aitype|maps/zm/zm_nightmare.d3dbsp|col_map|zone_source/zm_nightmare.zone|csv
493,material,vd/gfx_decal_blood_nonfatal_01,32,0,|blood/fx_blood_decal_impact_ground_sm|fx|blood/fx_blood_gib_leg_sever_burst|fx|c_zom_der_zombie_gib_def|scriptbundle|c_zom_der_zombie2_nohat|character|spawner_zm_factory_zombie|aitype|maps/zm/zm_nightmare.d3dbsp|col_map|zone_source/zm_nightmare.zone|csv
494,techset,vdd/lit_weapon_impact#ec9dbdd0,32,0,|vdd/gfx_decal_blood_fatal_02|material|blood/fx_blood_decal_impact_ground|fx|impacts/fx_bul_impact_blood_head_fatal_exit|fx|c_zom_der_zombie_gib_def|scriptbundle|c_zom_der_zombie2_nohat|character|spawner_zm_factory_zombie|aitype|maps/zm/zm_nightmare.d3dbsp|col_map|zone_source/zm_nightmare.zone|csv
495,material,vdd/gfx_decal_blood_nonfatal_01,33,0,|blood/fx_blood_decal_impact_ground_sm|fx|blood/fx_blood_gib_leg_sever_burst|fx|c_zom_der_zombie_gib_def|scriptbundle|c_zom_der_zombie2_nohat|character|spawner_zm_factory_zombie|aitype|maps/zm/zm_nightmare.d3dbsp|col_map|zone_source/zm_nightmare.zone|csv
496,material,gfx_decal_blood_nonfatal_02,29,0,|blood/fx_blood_decal_impact_ground_sm|fx|blood/fx_blood_gib_leg_sever_burst|fx|c_zom_der_zombie_gib_def|scriptbundle|c_zom_der_zombie2_nohat|character|spawner_zm_factory_zombie|aitype|maps/zm/zm_nightmare.d3dbsp|col_map|zone_source/zm_nightmare.zone|csv
497,material,vd/gfx_decal_blood_nonfatal_02,32,0,|blood/fx_blood_decal_impact_ground_sm|fx|blood/fx_blood_gib_leg_sever_burst|fx|c_zom_der_zombie_gib_def|scriptbundle|c_zom_der_zombie2_nohat|character|spawner_zm_factory_zombie|aitype|maps/zm/zm_nightmare.d3dbsp|col_map|zone_source/zm_nightmare.zone|csv
498,material,vdd/gfx_decal_blood_nonfatal_02,33,0,|blood/fx_blood_decal_impact_ground_sm|fx|blood/fx_blood_gib_leg_sever_burst|fx|c_zom_der_zombie_gib_def|scriptbundle|c_zom_der_zombie2_nohat|character|spawner_zm_factory_zombie|aitype|maps/zm/zm_nightmare.d3dbsp|col_map|zone_source/zm_nightmare.zone|csv
499,material,ei/gfx_gel_splat_wide_spec,28,0,|blood/fx_blood_gib_leg_sever_burst|fx|c_zom_der_zombie_gib_def|scriptbundle|c_zom_der_zombie2_nohat|character|spawner_zm_factory_zombie|aitype|maps/zm/zm_nightmare.d3dbsp|col_map|zone_source/zm_nightmare.zone|csv
500,fx,blood/fx_blood_sword_decal_impact_ground_zod_zmb,50,0,|blood/fx_blood_sword_trail_emitter_zod_zmb|fx|blood/fx_blood_impact_exp_body_lg_zmb|fx|c_zom_der_zombie_gib_def|scriptbundle|c_zom_der_zombie2_nohat|character|spawner_zm_factory_zombie|aitype|maps/zm/zm_nightmare.d3dbsp|col_map|zone_source/zm_nightmare.zone|csv
501,fx,blood/fx_blood_trail_zmb,4924,0,|c_zom_der_zombie_gib_def|scriptbundle|c_zom_der_zombie2_nohat|character|spawner_zm_factory_zombie|aitype|maps/zm/zm_nightmare.d3dbsp|col_map|zone_source/zm_nightmare.zone|csv
502,material,ei/gfx_gel_splat_spread_spec,30,0,|blood/fx_blood_gib_leg_sever_burst|fx|c_zom_der_zombie_gib_def|scriptbundle|c_zom_der_zombie2_nohat|character|spawner_zm_factory_zombie|aitype|maps/zm/zm_nightmare.d3dbsp|col_map|zone_source/zm_nightmare.zone|csv
503,material,ei/gfx_gel_splat_radial_spec,30,0,|blood/fx_blood_gib_leg_sever_burst|fx|c_zom_der_zombie_gib_def|scriptbundle|c_zom_der_zombie2_nohat|character|spawner_zm_factory_zombie|aitype|maps/zm/zm_nightmare.d3dbsp|col_map|zone_source/zm_nightmare.zone|csv
504,techset,mc/vegetation#e6142445,24,0,|mc/mtl_gib_chunk_set|material|p7_gib_chunk_bone_03|xmodel|blood/fx_blood_gib_leg_sever_burst|fx|c_zom_der_zombie_gib_def|scriptbundle|c_zom_der_zombie2_nohat|character|spawner_zm_factory_zombie|aitype|maps/zm/zm_nightmare.d3dbsp|col_map|zone_source/zm_nightmare.zone|csv
505,material,mc/mtl_gib_chunk_set,22,0,|p7_gib_chunk_bone_03|xmodel|blood/fx_blood_gib_leg_sever_burst|fx|c_zom_der_zombie_gib_def|scriptbundle|c_zom_der_zombie2_nohat|character|spawner_zm_factory_zombie|aitype|maps/zm/zm_nightmare.d3dbsp|col_map|zone_source/zm_nightmare.zone|csv
506,xmodel,p7_gib_chunk_meat_01,22,0,|blood/fx_blood_gib_leg_sever_burst|fx|c_zom_der_zombie_gib_def|scriptbundle|c_zom_der_zombie2_nohat|character|spawner_zm_factory_zombie|aitype|maps/zm/zm_nightmare.d3dbsp|col_map|zone_source/zm_nightmare.zone|csv
507,xmodel,p7_gib_chunk_meat_02,22,0,|blood/fx_blood_gib_leg_sever_burst|fx|c_zom_der_zombie_gib_def|scriptbundle|c_zom_der_zombie2_nohat|character|spawner_zm_factory_zombie|aitype|maps/zm/zm_nightmare.d3dbsp|col_map|zone_source/zm_nightmare.zone|csv
508,xmodel,p7_gib_chunk_meat_03,22,0,|blood/fx_blood_gib_leg_sever_burst|fx|c_zom_der_zombie_gib_def|scriptbundle|c_zom_der_zombie2_nohat|character|spawner_zm_factory_zombie|aitype|maps/zm/zm_nightmare.d3dbsp|col_map|zone_source/zm_nightmare.zone|csv
509,xmodel,p7_gib_chunk_flesh_01,23,0,|blood/fx_blood_gib_leg_sever_burst|fx|c_zom_der_zombie_gib_def|scriptbundle|c_zom_der_zombie2_nohat|character|spawner_zm_factory_zombie|aitype|maps/zm/zm_nightmare.d3dbsp|col_map|zone_source/zm_nightmare.zone|csv
510,xmodel,p7_gib_chunk_flesh_02,23,0,|blood/fx_blood_gib_leg_sever_burst|fx|c_zom_der_zombie_gib_def|scriptbundle|c_zom_der_zombie2_nohat|character|spawner_zm_factory_zombie|aitype|maps/zm/zm_nightmare.d3dbsp|col_map|zone_source/zm_nightmare.zone|csv
511,xmodel,p7_gib_chunk_flesh_03,23,0,|blood/fx_blood_gib_leg_sever_burst|fx|c_zom_der_zombie_gib_def|scriptbundle|c_zom_der_zombie2_nohat|character|spawner_zm_factory_zombie|aitype|maps/zm/zm_nightmare.d3dbsp|col_map|zone_source/zm_nightmare.zone|csv
512,xmodel,p7_gib_chunk_bone_01,22,0,|blood/fx_blood_gib_leg_sever_burst|fx|c_zom_der_zombie_gib_def|scriptbundle|c_zom_der_zombie2_nohat|character|spawner_zm_factory_zombie|aitype|maps/zm/zm_nightmare.d3dbsp|col_map|zone_source/zm_nightmare.zone|csv
513,xmodel,p7_gib_chunk_bone_02,22,0,|blood/fx_blood_gib_leg_sever_burst|fx|c_zom_der_zombie_gib_def|scriptbundle|c_zom_der_zombie2_nohat|character|spawner_zm_factory_zombie|aitype|maps/zm/zm_nightmare.d3dbsp|col_map|zone_source/zm_nightmare.zone|csv
514,xmodel,p7_gib_chunk_bone_03,22,0,|blood/fx_blood_gib_leg_sever_burst|fx|c_zom_der_zombie_gib_def|scriptbundle|c_zom_der_zombie2_nohat|character|spawner_zm_factory_zombie|aitype|maps/zm/zm_nightmare.d3dbsp|col_map|zone_source/zm_nightmare.zone|csv
515,material,ei/gfx_gel_drops_spec,23,0,|blood/fx_blood_gib_leg_sever_burst|fx|c_zom_der_zombie_gib_def|scriptbundle|c_zom_der_zombie2_nohat|character|spawner_zm_factory_zombie|aitype|maps/zm/zm_nightmare.d3dbsp|col_map|zone_source/zm_nightmare.zone|csv
516,techset,ei/effect_lit_blend#2843f95a,30,0,|ei/gfx_smk_whisp_anim_lit|material|zombie/fx_packapunch_zmb|fx|o_zombie_base_packapunch_working_take_gun|xanim|zmcore_packapunch|zbarrier|maps/zm/zm_nightmare.d3dbsp|col_map|zone_source/zm_nightmare.zone|csv
517,material,ei/gfx_water_splash_side_bits,31,0,|blood/fx_blood_gib_leg_sever_burst|fx|c_zom_der_zombie_gib_def|scriptbundle|c_zom_der_zombie2_nohat|character|spawner_zm_factory_zombie|aitype|maps/zm/zm_nightmare.d3dbsp|col_map|zone_source/zm_nightmare.zone|csv
518,material,ei/gfx_gel_splat_side_spec,28,0,|blood/fx_blood_gib_leg_sever_burst|fx|c_zom_der_zombie_gib_def|scriptbundle|c_zom_der_zombie2_nohat|character|spawner_zm_factory_zombie|aitype|maps/zm/zm_nightmare.d3dbsp|col_map|zone_source/zm_nightmare.zone|csv
519,fx,blood/fx_blood_decal_impact_ground_sm,39,0,|blood/fx_blood_gib_leg_sever_burst|fx|c_zom_der_zombie_gib_def|scriptbundle|c_zom_der_zombie2_nohat|character|spawner_zm_factory_zombie|aitype|maps/zm/zm_nightmare.d3dbsp|col_map|zone_source/zm_nightmare.zone|csv
520,fx,blood/fx_blood_gib_arm_sever_burst,31838,0,|c_zom_der_zombie_gib_def|scriptbundle|c_zom_der_zombie2_nohat|character|spawner_zm_factory_zombie|aitype|maps/zm/zm_nightmare.d3dbsp|col_map|zone_source/zm_nightmare.zone|csv
521,image,i_c_zom_zod_zombie_fem_boots_n,47,400928,|mc/mtl_c_zom_zod_zombie_fem_boots|material|c_zom_zod_zombie_fem_body1_g_llegspawn|xmodel|c_zom_der_zombie_gib_def|scriptbundle|c_zom_der_zombie2_nohat|character|spawner_zm_factory_zombie|aitype|maps/zm/zm_nightmare.d3dbsp|col_map|zone_source/zm_nightmare.zone|csv
522,image,i_c_zom_zod_zombie_fem_boots_g,279,218440,|mc/mtl_c_zom_zod_zombie_fem_boots|material|c_zom_zod_zombie_fem_body1_g_llegspawn|xmodel|c_zom_der_zombie_gib_def|scriptbundle|c_zom_der_zombie2_nohat|character|spawner_zm_factory_zombie|aitype|maps/zm/zm_nightmare.d3dbsp|col_map|zone_source/zm_nightmare.zone|csv
523,image,i_c_gen_reveal_512_sq_r,25,0,|mc/mtl_c_zom_der_zombie_gear_g43pouch|material|c_zom_der_zombie_body2_g_larmoff|xmodel|c_zom_der_zombie2_nohat|character|spawner_zm_factory_zombie|aitype|maps/zm/zm_nightmare.d3dbsp|col_map|zone_source/zm_nightmare.zone|csv
524,image,i_c_zom_zod_zombie_fem_boots_c,287,196608,|mc/mtl_c_zom_zod_zombie_fem_boots|material|c_zom_zod_zombie_fem_body1_g_llegspawn|xmodel|c_zom_der_zombie_gib_def|scriptbundle|c_zom_der_zombie2_nohat|character|spawner_zm_factory_zombie|aitype|maps/zm/zm_nightmare.d3dbsp|col_map|zone_source/zm_nightmare.zone|csv
525,material,mc/mtl_c_zom_zod_zombie_fem_boots,1538,0,|c_zom_zod_zombie_fem_body1_g_llegspawn|xmodel|c_zom_der_zombie_gib_def|scriptbundle|c_zom_der_zombie2_nohat|character|spawner_zm_factory_zombie|aitype|maps/zm/zm_nightmare.d3dbsp|col_map|zone_source/zm_nightmare.zone|csv
526,xmodelmesh,c_zom_zod_zombie_fem_body1_g_rlegspawn_lod0e81c06d8,360,15304,|c_zom_zod_zombie_fem_body1_g_rlegspawn|xmodel|c_zom_der_zombie_gib_def|scriptbundle|c_zom_der_zombie2_nohat|character|spawner_zm_factory_zombie|aitype|maps/zm/zm_nightmare.d3dbsp|col_map|zone_source/zm_nightmare.zone|csv
527,xmodelmesh,c_zom_zod_zombie_fem_body1_g_rlegspawn_lod01414fc82,360,28672,|c_zom_zod_zombie_fem_body1_g_rlegspawn|xmodel|c_zom_der_zombie_gib_def|scriptbundle|c_zom_der_zombie2_nohat|character|spawner_zm_factory_zombie|aitype|maps/zm/zm_nightmare.d3dbsp|col_map|zone_source/zm_nightmare.zone|csv
528,xmodel,c_zom_zod_zombie_fem_body1_g_rlegspawn,3612,0,|c_zom_der_zombie_gib_def|scriptbundle|c_zom_der_zombie2_nohat|character|spawner_zm_factory_zombie|aitype|maps/zm/zm_nightmare.d3dbsp|col_map|zone_source/zm_nightmare.zone|csv
529,material,ei/gfx_fog_slow_sm_anim_lit,29,0,|player/fx_plyr_footstep_dust_dirt|fx|player_footstep|surfacefxtable|c_54i_grunt_fx_table|scriptbundle|spawner_zm_factory_zombie|aitype|maps/zm/zm_nightmare.d3dbsp|col_map|zone_source/zm_nightmare.zone|csv
530,material,ei/gfx_gel_splat_spread_lit,29,0,|blood/fx_blood_impact_exp_body_lg_zmb|fx|c_zom_der_zombie_gib_def|scriptbundle|c_zom_der_zombie2_nohat|character|spawner_zm_factory_zombie|aitype|maps/zm/zm_nightmare.d3dbsp|col_map|zone_source/zm_nightmare.zone|csv
531,material,ei/gfx_gel_splat_radial_lit,29,0,|impacts/fx_bul_impact_blood_head_fatal_meat_trail|fx|impacts/fx_bul_impact_blood_head_fatal_exit|fx|c_zom_der_zombie_gib_def|scriptbundle|c_zom_der_zombie2_nohat|character|spawner_zm_factory_zombie|aitype|maps/zm/zm_nightmare.d3dbsp|col_map|zone_source/zm_nightmare.zone|csv
532,material,ei/gfx_gel_splat_full_lit,27,0,|blood/fx_blood_impact_exp_body_lg_zmb|fx|c_zom_der_zombie_gib_def|scriptbundle|c_zom_der_zombie2_nohat|character|spawner_zm_factory_zombie|aitype|maps/zm/zm_nightmare.d3dbsp|col_map|zone_source/zm_nightmare.zone|csv
533,material,ei/gfx_gel_splat_string_lit,29,0,|blood/fx_blood_impact_exp_body_lg_zmb|fx|c_zom_der_zombie_gib_def|scriptbundle|c_zom_der_zombie2_nohat|character|spawner_zm_factory_zombie|aitype|maps/zm/zm_nightmare.d3dbsp|col_map|zone_source/zm_nightmare.zone|csv
534,material,ei/gfx_debris_clump_lit,25,0,|blood/fx_blood_impact_exp_body_lg_zmb|fx|c_zom_der_zombie_gib_def|scriptbundle|c_zom_der_zombie2_nohat|character|spawner_zm_factory_zombie|aitype|maps/zm/zm_nightmare.d3dbsp|col_map|zone_source/zm_nightmare.zone|csv
535,material,ei/gfx_fire_flame_base_2_anim_em,34,0,|blood/fx_blood_impact_exp_body_lg_zmb|fx|c_zom_der_zombie_gib_def|scriptbundle|c_zom_der_zombie2_nohat|character|spawner_zm_factory_zombie|aitype|maps/zm/zm_nightmare.d3dbsp|col_map|zone_source/zm_nightmare.zone|csv
536,material,ei/gfx_exp_billow_md_anim_em,30,0,|blood/fx_blood_impact_exp_body_lg_zmb|fx|c_zom_der_zombie_gib_def|scriptbundle|c_zom_der_zombie2_nohat|character|spawner_zm_factory_zombie|aitype|maps/zm/zm_nightmare.d3dbsp|col_map|zone_source/zm_nightmare.zone|csv
537,fx,blood/fx_blood_sword_trail_emitter_zod_zmb,2716,0,|blood/fx_blood_impact_exp_body_lg_zmb|fx|c_zom_der_zombie_gib_def|scriptbundle|c_zom_der_zombie2_nohat|character|spawner_zm_factory_zombie|aitype|maps/zm/zm_nightmare.d3dbsp|col_map|zone_source/zm_nightmare.zone|csv
538,fx,blood/fx_blood_impact_exp_body_lg_zmb,13565,0,|c_zom_der_zombie_gib_def|scriptbundle|c_zom_der_zombie2_nohat|character|spawner_zm_factory_zombie|aitype|maps/zm/zm_nightmare.d3dbsp|col_map|zone_source/zm_nightmare.zone|csv
539,material,ei/gfx_blood_impact_drops,27,0,|impacts/fx_bul_impact_blood_head_fatal_exit|fx|c_zom_der_zombie_gib_def|scriptbundle|c_zom_der_zombie2_nohat|character|spawner_zm_factory_zombie|aitype|maps/zm/zm_nightmare.d3dbsp|col_map|zone_source/zm_nightmare.zone|csv
540,material,gfx_decal_blood_splatter_02,29,0,|impacts/fx_bul_impact_blood_head_fatal_exit_uw|fx|impacts/fx_bul_impact_blood_head_fatal_exit|fx|c_zom_der_zombie_gib_def|scriptbundle|c_zom_der_zombie2_nohat|character|spawner_zm_factory_zombie|aitype|maps/zm/zm_nightmare.d3dbsp|col_map|zone_source/zm_nightmare.zone|csv
541,material,vd/gfx_decal_blood_splatter_02,32,0,|impacts/fx_bul_impact_blood_head_fatal_exit_uw|fx|impacts/fx_bul_impact_blood_head_fatal_exit|fx|c_zom_der_zombie_gib_def|scriptbundle|c_zom_der_zombie2_nohat|character|spawner_zm_factory_zombie|aitype|maps/zm/zm_nightmare.d3dbsp|col_map|zone_source/zm_nightmare.zone|csv
542,material,vdd/gfx_decal_blood_splatter_02,33,0,|impacts/fx_bul_impact_blood_head_fatal_exit_uw|fx|impacts/fx_bul_impact_blood_head_fatal_exit|fx|c_zom_der_zombie_gib_def|scriptbundle|c_zom_der_zombie2_nohat|character|spawner_zm_factory_zombie|aitype|maps/zm/zm_nightmare.d3dbsp|col_map|zone_source/zm_nightmare.zone|csv
543,material,gfx_decal_blood_splatter_03,29,0,|impacts/fx_bul_impact_blood_head_fatal_exit_uw|fx|impacts/fx_bul_impact_blood_head_fatal_exit|fx|c_zom_der_zombie_gib_def|scriptbundle|c_zom_der_zombie2_nohat|character|spawner_zm_factory_zombie|aitype|maps/zm/zm_nightmare.d3dbsp|col_map|zone_source/zm_nightmare.zone|csv
544,material,vd/gfx_decal_blood_splatter_03,32,0,|impacts/fx_bul_impact_blood_head_fatal_exit_uw|fx|impacts/fx_bul_impact_blood_head_fatal_exit|fx|c_zom_der_zombie_gib_def|scriptbundle|c_zom_der_zombie2_nohat|character|spawner_zm_factory_zombie|aitype|maps/zm/zm_nightmare.d3dbsp|col_map|zone_source/zm_nightmare.zone|csv
545,material,vdd/gfx_decal_blood_splatter_03,33,0,|impacts/fx_bul_impact_blood_head_fatal_exit_uw|fx|impacts/fx_bul_impact_blood_head_fatal_exit|fx|c_zom_der_zombie_gib_def|scriptbundle|c_zom_der_zombie2_nohat|character|spawner_zm_factory_zombie|aitype|maps/zm/zm_nightmare.d3dbsp|col_map|zone_source/zm_nightmare.zone|csv
546,material,gfx_decal_blood_fatal_01,26,0,|blood/fx_blood_decal_impact_ground|fx|impacts/fx_bul_impact_blood_head_fatal_exit|fx|c_zom_der_zombie_gib_def|scriptbundle|c_zom_der_zombie2_nohat|character|spawner_zm_factory_zombie|aitype|maps/zm/zm_nightmare.d3dbsp|col_map|zone_source/zm_nightmare.zone|csv
547,material,vd/gfx_decal_blood_fatal_01,29,0,|blood/fx_blood_decal_impact_ground|fx|impacts/fx_bul_impact_blood_head_fatal_exit|fx|c_zom_der_zombie_gib_def|scriptbundle|c_zom_der_zombie2_nohat|character|spawner_zm_factory_zombie|aitype|maps/zm/zm_nightmare.d3dbsp|col_map|zone_source/zm_nightmare.zone|csv
548,material,vdd/gfx_decal_blood_fatal_01,30,0,|blood/fx_blood_decal_impact_ground|fx|impacts/fx_bul_impact_blood_head_fatal_exit|fx|c_zom_der_zombie_gib_def|scriptbundle|c_zom_der_zombie2_nohat|character|spawner_zm_factory_zombie|aitype|maps/zm/zm_nightmare.d3dbsp|col_map|zone_source/zm_nightmare.zone|csv
549,material,gfx_decal_blood_fatal_02,26,0,|blood/fx_blood_decal_impact_ground|fx|impacts/fx_bul_impact_blood_head_fatal_exit|fx|c_zom_der_zombie_gib_def|scriptbundle|c_zom_der_zombie2_nohat|character|spawner_zm_factory_zombie|aitype|maps/zm/zm_nightmare.d3dbsp|col_map|zone_source/zm_nightmare.zone|csv
550,material,vd/gfx_decal_blood_fatal_02,29,0,|blood/fx_blood_decal_impact_ground|fx|impacts/fx_bul_impact_blood_head_fatal_exit|fx|c_zom_der_zombie_gib_def|scriptbundle|c_zom_der_zombie2_nohat|character|spawner_zm_factory_zombie|aitype|maps/zm/zm_nightmare.d3dbsp|col_map|zone_source/zm_nightmare.zone|csv
551,material,vdd/gfx_decal_blood_fatal_02,30,0,|blood/fx_blood_decal_impact_ground|fx|impacts/fx_bul_impact_blood_head_fatal_exit|fx|c_zom_der_zombie_gib_def|scriptbundle|c_zom_der_zombie2_nohat|character|spawner_zm_factory_zombie|aitype|maps/zm/zm_nightmare.d3dbsp|col_map|zone_source/zm_nightmare.zone|csv
552,fx,blood/fx_blood_decal_impact_ground,36,0,|impacts/fx_bul_impact_blood_head_fatal_exit|fx|c_zom_der_zombie_gib_def|scriptbundle|c_zom_der_zombie2_nohat|character|spawner_zm_factory_zombie|aitype|maps/zm/zm_nightmare.d3dbsp|col_map|zone_source/zm_nightmare.zone|csv
553,material,ei/gfx_smk_whisp_anim_02_lit,30,0,|impacts/fx_bul_impact_blood_head_fatal_exit_uw|fx|impacts/fx_bul_impact_blood_head_fatal_exit|fx|c_zom_der_zombie_gib_def|scriptbundle|c_zom_der_zombie2_nohat|character|spawner_zm_factory_zombie|aitype|maps/zm/zm_nightmare.d3dbsp|col_map|zone_source/zm_nightmare.zone|csv
554,fx,impacts/fx_bul_impact_blood_head_fatal_exit_uw,48,0,|impacts/fx_bul_impact_blood_head_fatal_exit|fx|c_zom_der_zombie_gib_def|scriptbundle|c_zom_der_zombie2_nohat|character|spawner_zm_factory_zombie|aitype|maps/zm/zm_nightmare.d3dbsp|col_map|zone_source/zm_nightmare.zone|csv
555,fx,impacts/fx_bul_impact_blood_head_fatal_meat_trail,51,0,|impacts/fx_bul_impact_blood_head_fatal_exit|fx|c_zom_der_zombie_gib_def|scriptbundle|c_zom_der_zombie2_nohat|character|spawner_zm_factory_zombie|aitype|maps/zm/zm_nightmare.d3dbsp|col_map|zone_source/zm_nightmare.zone|csv
556,fx,impacts/fx_bul_impact_blood_head_fatal_exit,45,0,|c_zom_der_zombie_gib_def|scriptbundle|c_zom_der_zombie2_nohat|character|spawner_zm_factory_zombie|aitype|maps/zm/zm_nightmare.d3dbsp|col_map|zone_source/zm_nightmare.zone|csv
557,xmodelmesh,c_zom_zod_zombie_fem_body1_g_larmspawn_lod0b5e99667,360,21424,|c_zom_zod_zombie_fem_body1_g_larmspawn|xmodel|c_zom_der_zombie_gib_def|scriptbundle|c_zom_der_zombie2_nohat|character|spawner_zm_factory_zombie|aitype|maps/zm/zm_nightmare.d3dbsp|col_map|zone_source/zm_nightmare.zone|csv
558,xmodelmesh,c_zom_zod_zombie_fem_body1_g_larmspawn_lod071ee3647,360,36384,|c_zom_zod_zombie_fem_body1_g_larmspawn|xmodel|c_zom_der_zombie_gib_def|scriptbundle|c_zom_der_zombie2_nohat|character|spawner_zm_factory_zombie|aitype|maps/zm/zm_nightmare.d3dbsp|col_map|zone_source/zm_nightmare.zone|csv
559,xmodel,c_zom_zod_zombie_fem_body1_g_larmspawn,4600,0,|c_zom_der_zombie_gib_def|scriptbundle|c_zom_der_zombie2_nohat|character|spawner_zm_factory_zombie|aitype|maps/zm/zm_nightmare.d3dbsp|col_map|zone_source/zm_nightmare.zone|csv
560,material,ei/gfx_water_splash_spec,26,0,|blood/fx_blood_gib_leg_sever_burst|fx|c_zom_der_zombie_gib_def|scriptbundle|c_zom_der_zombie2_nohat|character|spawner_zm_factory_zombie|aitype|maps/zm/zm_nightmare.d3dbsp|col_map|zone_source/zm_nightmare.zone|csv
561,fx,blood/fx_blood_gib_leg_sever_burst,15526,0,|c_zom_der_zombie_gib_def|scriptbundle|c_zom_der_zombie2_nohat|character|spawner_zm_factory_zombie|aitype|maps/zm/zm_nightmare.d3dbsp|col_map|zone_source/zm_nightmare.zone|csv
562,xmodelmesh,c_zom_zod_zombie_fem_body1_g_llegspawn_lod0cb3aa1bd,368,15744,|c_zom_zod_zombie_fem_body1_g_llegspawn|xmodel|c_zom_der_zombie_gib_def|scriptbundle|c_zom_der_zombie2_nohat|character|spawner_zm_factory_zombie|aitype|maps/zm/zm_nightmare.d3dbsp|col_map|zone_source/zm_nightmare.zone|csv
563,xmodelmesh,c_zom_zod_zombie_fem_body1_g_llegspawn_lod02a259e13,360,28560,|c_zom_zod_zombie_fem_body1_g_llegspawn|xmodel|c_zom_der_zombie_gib_def|scriptbundle|c_zom_der_zombie2_nohat|character|spawner_zm_factory_zombie|aitype|maps/zm/zm_nightmare.d3dbsp|col_map|zone_source/zm_nightmare.zone|csv
564,xmodel,c_zom_zod_zombie_fem_body1_g_llegspawn,3564,0,|c_zom_der_zombie_gib_def|scriptbundle|c_zom_der_zombie2_nohat|character|spawner_zm_factory_zombie|aitype|maps/zm/zm_nightmare.d3dbsp|col_map|zone_source/zm_nightmare.zone|csv
565,image,i_c_zom_der_zombie_helmet1_o,37,50520,|mc/mtl_c_zom_der_zombie_helmet1|material|c_zom_der_zombie_helmet1|xmodel|c_zom_der_zombie2|character|spawner_zm_factory_zombie|aitype|maps/zm/zm_nightmare.d3dbsp|col_map|zone_source/zm_nightmare.zone|csv
566,image,i_c_zom_der_zombie_helmet1_n,293,1419960,|mc/mtl_c_zom_der_zombie_helmet1|material|c_zom_der_zombie_helmet1|xmodel|c_zom_der_zombie2|character|spawner_zm_factory_zombie|aitype|maps/zm/zm_nightmare.d3dbsp|col_map|zone_source/zm_nightmare.zone|csv
567,image,i_c_zom_der_zombie_helmet1_g,277,218440,|mc/mtl_c_zom_der_zombie_helmet1|material|c_zom_der_zombie_helmet1|xmodel|c_zom_der_zombie2|character|spawner_zm_factory_zombie|aitype|maps/zm/zm_nightmare.d3dbsp|col_map|zone_source/zm_nightmare.zone|csv
568,image,i_c_zom_der_zombie_helmet1_c,285,196608,|mc/mtl_c_zom_der_zombie_helmet1|material|c_zom_der_zombie_helmet1|xmodel|c_zom_der_zombie2|character|spawner_zm_factory_zombie|aitype|maps/zm/zm_nightmare.d3dbsp|col_map|zone_source/zm_nightmare.zone|csv
569,material,mc/mtl_c_zom_der_zombie_helmet1,1544,0,|c_zom_der_zombie_helmet1|xmodel|c_zom_der_zombie2|character|spawner_zm_factory_zombie|aitype|maps/zm/zm_nightmare.d3dbsp|col_map|zone_source/zm_nightmare.zone|csv
570,xmodelmesh,c_zom_der_helmet_1_lod1cc9d111,232,28024,|c_zom_der_zombie_helmet1|xmodel|c_zom_der_zombie2|character|spawner_zm_factory_zombie|aitype|maps/zm/zm_nightmare.d3dbsp|col_map|zone_source/zm_nightmare.zone|csv
571,xmodelmesh,c_zom_der_helmet_1_lod0c32b1d6c,224,46848,|c_zom_der_zombie_helmet1|xmodel|c_zom_der_zombie2|character|spawner_zm_factory_zombie|aitype|maps/zm/zm_nightmare.d3dbsp|col_map|zone_source/zm_nightmare.zone|csv
572,xmodel,c_zom_der_zombie_helmet1,1988,0,|c_zom_der_zombie2|character|spawner_zm_factory_zombie|aitype|maps/zm/zm_nightmare.d3dbsp|col_map|zone_source/zm_nightmare.zone|csv
573,scriptbundle,c_zom_der_zombie_hat_gib_def,780,0,|c_zom_der_zombie2|character|spawner_zm_factory_zombie|aitype|maps/zm/zm_nightmare.d3dbsp|col_map|zone_source/zm_nightmare.zone|csv
574,techset,mc/lit_transition_advanced#e6142445,37,0,|mc/mtl_c_zom_der_zombie_gear_knife|material|c_zom_der_zombie_body2_g_larmoff|xmodel|c_zom_der_zombie2_nohat|character|spawner_zm_factory_zombie|aitype|maps/zm/zm_nightmare.d3dbsp|col_map|zone_source/zm_nightmare.zone|csv
575,xmodel,c_zom_der_zombie_body1,24,0,|c_zom_der_zombie1_nohat|character|spawner_zm_factory_zombie|aitype|maps/zm/zm_nightmare.d3dbsp|col_map|zone_source/zm_nightmare.zone|csv
576,image,i_c_zom_der_zombie_head1_ao,44,34360,|mc/mtl_c_zom_der_zombie_head1|material|c_zom_der_zombie_body2_g_behead|xmodel|c_zom_der_zombie2_nohat|character|spawner_zm_factory_zombie|aitype|maps/zm/zm_nightmare.d3dbsp|col_map|zone_source/zm_nightmare.zone|csv
577,image,i_c_zom_der_zombie_head1_n,299,2839912,|mc/mtl_c_zom_der_zombie_head1|material|c_zom_der_zombie_body2_g_behead|xmodel|c_zom_der_zombie2_nohat|character|spawner_zm_factory_zombie|aitype|maps/zm/zm_nightmare.d3dbsp|col_map|zone_source/zm_nightmare.zone|csv
578,image,i_c_zom_der_zombie_head1_g,267,371352,|mc/mtl_c_zom_der_zombie_head1|material|c_zom_der_zombie_body2_g_behead|xmodel|c_zom_der_zombie2_nohat|character|spawner_zm_factory_zombie|aitype|maps/zm/zm_nightmare.d3dbsp|col_map|zone_source/zm_nightmare.zone|csv
579,image,i_c_gen_reveal_1k_rec_vert_r,30,0,|mc/mtl_c_zom_der_zombie_head3|material|c_zom_der_zombie_head3|xmodel|c_zom_der_zombie_headalias|xmodelalias|c_zom_der_zombie2_nohat|character|spawner_zm_factory_zombie|aitype|maps/zm/zm_nightmare.d3dbsp|col_map|zone_source/zm_nightmare.zone|csv
580,image,i_c_zom_der_zombie_head1_c,283,1441792,|mc/mtl_c_zom_der_zombie_head1u|material|c_zom_der_zombie_head1|xmodel|c_zom_der_zombie_headalias|xmodelalias|c_zom_der_zombie2_nohat|character|spawner_zm_factory_zombie|aitype|maps/zm/zm_nightmare.d3dbsp|col_map|zone_source/zm_nightmare.zone|csv
581,material,mc/mtl_c_zom_der_zombie_head1,1544,0,|c_zom_der_zombie_body2_g_behead|xmodel|c_zom_der_zombie2_nohat|character|spawner_zm_factory_zombie|aitype|maps/zm/zm_nightmare.d3dbsp|col_map|zone_source/zm_nightmare.zone|csv
582,techset,mc/emissive_add#e6142445,67773,0,|mc/mtl_c_zom_der_zombie_head1u|material|c_zom_der_zombie_head1|xmodel|c_zom_der_zombie_headalias|xmodelalias|c_zom_der_zombie2_nohat|character|spawner_zm_factory_zombie|aitype|maps/zm/zm_nightmare.d3dbsp|col_map|zone_source/zm_nightmare.zone|csv
583,material,mc/mtl_c_zom_der_zombie_head1u,387,0,|c_zom_der_zombie_head1|xmodel|c_zom_der_zombie_headalias|xmodelalias|c_zom_der_zombie2_nohat|character|spawner_zm_factory_zombie|aitype|maps/zm/zm_nightmare.d3dbsp|col_map|zone_source/zm_nightmare.zone|csv
584,xmodelmesh,c_zom_der_head_1_lod17b771400,328,107672,|c_zom_der_zombie_head1|xmodel|c_zom_der_zombie_headalias|xmodelalias|c_zom_der_zombie2_nohat|character|spawner_zm_factory_zombie|aitype|maps/zm/zm_nightmare.d3dbsp|col_map|zone_source/zm_nightmare.zone|csv
585,xmodelmesh,c_zom_der_head_1_lod07552e3d7,320,205664,|c_zom_der_zombie_head1|xmodel|c_zom_der_zombie_headalias|xmodelalias|c_zom_der_zombie2_nohat|character|spawner_zm_factory_zombie|aitype|maps/zm/zm_nightmare.d3dbsp|col_map|zone_source/zm_nightmare.zone|csv
586,xmodel,c_zom_der_zombie_head1,2788,0,|c_zom_der_zombie_headalias|xmodelalias|c_zom_der_zombie2_nohat|character|spawner_zm_factory_zombie|aitype|maps/zm/zm_nightmare.d3dbsp|col_map|zone_source/zm_nightmare.zone|csv
587,image,i_c_zom_der_zombie_head2_ao,284,79880,|mc/mtl_c_zom_der_zombie_head2|material|c_zom_der_zombie_head2|xmodel|c_zom_der_zombie_headalias|xmodelalias|c_zom_der_zombie2_nohat|character|spawner_zm_factory_zombie|aitype|maps/zm/zm_nightmare.d3dbsp|col_map|zone_source/zm_nightmare.zone|csv
588,image,i_c_zom_der_zombie_head2_n,299,2839912,|mc/mtl_c_zom_der_zombie_head2|material|c_zom_der_zombie_head2|xmodel|c_zom_der_zombie_headalias|xmodelalias|c_zom_der_zombie2_nohat|character|spawner_zm_factory_zombie|aitype|maps/zm/zm_nightmare.d3dbsp|col_map|zone_source/zm_nightmare.zone|csv
589,image,i_c_zom_der_zombie_head2_g,267,371352,|mc/mtl_c_zom_der_zombie_head2|material|c_zom_der_zombie_head2|xmodel|c_zom_der_zombie_headalias|xmodelalias|c_zom_der_zombie2_nohat|character|spawner_zm_factory_zombie|aitype|maps/zm/zm_nightmare.d3dbsp|col_map|zone_source/zm_nightmare.zone|csv
590,image,i_c_zom_der_zombie_head2_c,283,1441792,|mc/mtl_c_zom_der_zombie_head2|material|c_zom_der_zombie_head2|xmodel|c_zom_der_zombie_headalias|xmodelalias|c_zom_der_zombie2_nohat|character|spawner_zm_factory_zombie|aitype|maps/zm/zm_nightmare.d3dbsp|col_map|zone_source/zm_nightmare.zone|csv
591,material,mc/mtl_c_zom_der_zombie_head2,1047,0,|c_zom_der_zombie_head2|xmodel|c_zom_der_zombie_headalias|xmodelalias|c_zom_der_zombie2_nohat|character|spawner_zm_factory_zombie|aitype|maps/zm/zm_nightmare.d3dbsp|col_map|zone_source/zm_nightmare.zone|csv
592,techset,mc/lit_emissive_script#e6142445,33,0,|mc/mtl_char_ger_zombie_eyes|material|c_zom_der_zombie_head3|xmodel|c_zom_der_zombie_headalias|xmodelalias|c_zom_der_zombie2_nohat|character|spawner_zm_factory_zombie|aitype|maps/zm/zm_nightmare.d3dbsp|col_map|zone_source/zm_nightmare.zone|csv
593,material,mc/mtl_char_ger_zombie_eyes,29,0,|c_zom_der_zombie_head3|xmodel|c_zom_der_zombie_headalias|xmodelalias|c_zom_der_zombie2_nohat|character|spawner_zm_factory_zombie|aitype|maps/zm/zm_nightmare.d3dbsp|col_map|zone_source/zm_nightmare.zone|csv
594,xmodelmesh,c_zom_der_head_2_lod1177e7cdd,330,105640,|c_zom_der_zombie_head2|xmodel|c_zom_der_zombie_headalias|xmodelalias|c_zom_der_zombie2_nohat|character|spawner_zm_factory_zombie|aitype|maps/zm/zm_nightmare.d3dbsp|col_map|zone_source/zm_nightmare.zone|csv
595,xmodelmesh,c_zom_der_head_2_lod0c8b48a35,432,204912,|c_zom_der_zombie_head2|xmodel|c_zom_der_zombie_headalias|xmodelalias|c_zom_der_zombie2_nohat|character|spawner_zm_factory_zombie|aitype|maps/zm/zm_nightmare.d3dbsp|col_map|zone_source/zm_nightmare.zone|csv
596,xmodel,c_zom_der_zombie_head2,1668,0,|c_zom_der_zombie_headalias|xmodelalias|c_zom_der_zombie2_nohat|character|spawner_zm_factory_zombie|aitype|maps/zm/zm_nightmare.d3dbsp|col_map|zone_source/zm_nightmare.zone|csv
597,image,i_c_zom_der_zombie_head3_ao,284,82664,|mc/mtl_c_zom_der_zombie_head3|material|c_zom_der_zombie_head3|xmodel|c_zom_der_zombie_headalias|xmodelalias|c_zom_der_zombie2_nohat|character|spawner_zm_factory_zombie|aitype|maps/zm/zm_nightmare.d3dbsp|col_map|zone_source/zm_nightmare.zone|csv
598,image,i_c_zom_der_zombie_head3_n,299,2839912,|mc/mtl_c_zom_der_zombie_head3|material|c_zom_der_zombie_head3|xmodel|c_zom_der_zombie_headalias|xmodelalias|c_zom_der_zombie2_nohat|character|spawner_zm_factory_zombie|aitype|maps/zm/zm_nightmare.d3dbsp|col_map|zone_source/zm_nightmare.zone|csv
599,image,i_c_zom_der_zombie_head3_g,267,371352,|mc/mtl_c_zom_der_zombie_head3|material|c_zom_der_zombie_head3|xmodel|c_zom_der_zombie_headalias|xmodelalias|c_zom_der_zombie2_nohat|character|spawner_zm_factory_zombie|aitype|maps/zm/zm_nightmare.d3dbsp|col_map|zone_source/zm_nightmare.zone|csv
600,image,i_c_zom_der_zombie_head3_c,283,1441792,|mc/mtl_c_zom_der_zombie_head3|material|c_zom_der_zombie_head3|xmodel|c_zom_der_zombie_headalias|xmodelalias|c_zom_der_zombie2_nohat|character|spawner_zm_factory_zombie|aitype|maps/zm/zm_nightmare.d3dbsp|col_map|zone_source/zm_nightmare.zone|csv
601,material,mc/mtl_c_zom_der_zombie_head3,1047,0,|c_zom_der_zombie_head3|xmodel|c_zom_der_zombie_headalias|xmodelalias|c_zom_der_zombie2_nohat|character|spawner_zm_factory_zombie|aitype|maps/zm/zm_nightmare.d3dbsp|col_map|zone_source/zm_nightmare.zone|csv
602,xmodelmesh,c_zom_der_head_3_lod14fa358f7,328,129064,|c_zom_der_zombie_head3|xmodel|c_zom_der_zombie_headalias|xmodelalias|c_zom_der_zombie2_nohat|character|spawner_zm_factory_zombie|aitype|maps/zm/zm_nightmare.d3dbsp|col_map|zone_source/zm_nightmare.zone|csv
603,xmodelmesh,c_zom_der_head_3_lod054897ad0,432,241360,|c_zom_der_zombie_head3|xmodel|c_zom_der_zombie_headalias|xmodelalias|c_zom_der_zombie2_nohat|character|spawner_zm_factory_zombie|aitype|maps/zm/zm_nightmare.d3dbsp|col_map|zone_source/zm_nightmare.zone|csv
604,xmodel,c_zom_der_zombie_head3,1676,0,|c_zom_der_zombie_headalias|xmodelalias|c_zom_der_zombie2_nohat|character|spawner_zm_factory_zombie|aitype|maps/zm/zm_nightmare.d3dbsp|col_map|zone_source/zm_nightmare.zone|csv
605,xmodelalias,c_zom_der_zombie_headalias,27,0,|c_zom_der_zombie2_nohat|character|spawner_zm_factory_zombie|aitype|maps/zm/zm_nightmare.d3dbsp|col_map|zone_source/zm_nightmare.zone|csv
606,xmodel,c_zom_der_zombie_body1_g_upclean,34,0,|c_zom_der_zombie1_nohat|character|spawner_zm_factory_zombie|aitype|maps/zm/zm_nightmare.d3dbsp|col_map|zone_source/zm_nightmare.zone|csv
607,material,mc/mtl_c_gen_gib_alpha,24,0,|c_zom_der_zombie_body2_g_blegsoff|xmodel|c_zom_der_zombie2_nohat|character|spawner_zm_factory_zombie|aitype|maps/zm/zm_nightmare.d3dbsp|col_map|zone_source/zm_nightmare.zone|csv
608,material,mc/mtl_c_gen_gib_stump,24,0,|c_zom_der_zombie_body2_g_blegsoff|xmodel|c_zom_der_zombie2_nohat|character|spawner_zm_factory_zombie|aitype|maps/zm/zm_nightmare.d3dbsp|col_map|zone_source/zm_nightmare.zone|csv
609,xmodel,c_zom_der_zombie_body1_g_rarmoff,34,0,|c_zom_der_zombie1_nohat|character|spawner_zm_factory_zombie|aitype|maps/zm/zm_nightmare.d3dbsp|col_map|zone_source/zm_nightmare.zone|csv
610,xmodel,c_zom_der_zombie_body1_g_larmoff,34,0,|c_zom_der_zombie1_nohat|character|spawner_zm_factory_zombie|aitype|maps/zm/zm_nightmare.d3dbsp|col_map|zone_source/zm_nightmare.zone|csv
611,xmodelmesh,c_zom_der_zombie_body1_g_behead_lod173bede7d,323,21664,|c_zom_der_zombie_body1_g_behead|xmodel|c_zom_der_zombie1_nohat|character|spawner_zm_factory_zombie|aitype|maps/zm/zm_nightmare.d3dbsp|col_map|zone_source/zm_nightmare.zone|csv
612,xmodelmesh,c_zom_der_zombie_body1_g_behead_lod0d7f0846c,544,48992,|c_zom_der_zombie_body1_g_behead|xmodel|c_zom_der_zombie1_nohat|character|spawner_zm_factory_zombie|aitype|maps/zm/zm_nightmare.d3dbsp|col_map|zone_source/zm_nightmare.zone|csv
613,xmodel,c_zom_der_zombie_body1_g_behead,1224,0,|c_zom_der_zombie1_nohat|character|spawner_zm_factory_zombie|aitype|maps/zm/zm_nightmare.d3dbsp|col_map|zone_source/zm_nightmare.zone|csv
614,xmodelmesh,c_zom_der_zombie_body1_g_lowclean_lod1d5459dbe,232,126656,|c_zom_der_zombie_body1_g_lowclean|xmodel|c_zom_der_zombie1_nohat|character|spawner_zm_factory_zombie|aitype|maps/zm/zm_nightmare.d3dbsp|col_map|zone_source/zm_nightmare.zone|csv
615,xmodelmesh,c_zom_der_zombie_body1_g_lowclean_lod05d3964f8,224,208592,|c_zom_der_zombie_body1_g_lowclean|xmodel|c_zom_der_zombie1_nohat|character|spawner_zm_factory_zombie|aitype|maps/zm/zm_nightmare.d3dbsp|col_map|zone_source/zm_nightmare.zone|csv
616,image,i_c_zom_der_zombie_body1_ao,36,97480,|mc/mtl_c_zom_der_zombie_body1|material|c_zom_der_zombie_body1_g_blegsoff|xmodel|c_zom_der_zombie1_nohat|character|spawner_zm_factory_zombie|aitype|maps/zm/zm_nightmare.d3dbsp|col_map|zone_source/zm_nightmare.zone|csv
617,image,i_c_zom_der_zombie_body1_n,291,1419960,|mc/mtl_c_zom_der_zombie_body1|material|c_zom_der_zombie_body1_g_blegsoff|xmodel|c_zom_der_zombie1_nohat|character|spawner_zm_factory_zombie|aitype|maps/zm/zm_nightmare.d3dbsp|col_map|zone_source/zm_nightmare.zone|csv
618,image,i_c_zom_der_zombie_body1_g,275,218440,|mc/mtl_c_zom_der_zombie_body1|material|c_zom_der_zombie_body1_g_blegsoff|xmodel|c_zom_der_zombie1_nohat|character|spawner_zm_factory_zombie|aitype|maps/zm/zm_nightmare.d3dbsp|col_map|zone_source/zm_nightmare.zone|csv
619,image,i_c_gen_reveal_2k_sq_r,279,2818048,|mc/mtl_c_zom_der_zombie_body2|material|c_zom_der_zombie_body2_g_blegsoff|xmodel|c_zom_der_zombie2_nohat|character|spawner_zm_factory_zombie|aitype|maps/zm/zm_nightmare.d3dbsp|col_map|zone_source/zm_nightmare.zone|csv
620,image,i_c_zom_der_zombie_body1_c,283,2818048,|mc/mtl_c_zom_der_zombie_body1|material|c_zom_der_zombie_body1_g_blegsoff|xmodel|c_zom_der_zombie1_nohat|character|spawner_zm_factory_zombie|aitype|maps/zm/zm_nightmare.d3dbsp|col_map|zone_source/zm_nightmare.zone|csv
621,material,mc/mtl_c_zom_der_zombie_body1,1524,0,|c_zom_der_zombie_body1_g_blegsoff|xmodel|c_zom_der_zombie1_nohat|character|spawner_zm_factory_zombie|aitype|maps/zm/zm_nightmare.d3dbsp|col_map|zone_source/zm_nightmare.zone|csv
622,image,i_c_zom_der_zombie_body1_chest_ao,50,43696,|mc/mtl_c_zom_der_zombie_body1_chest|material|c_zom_der_zombie_body1_g_blegsoff|xmodel|c_zom_der_zombie1_nohat|character|spawner_zm_factory_zombie|aitype|maps/zm/zm_nightmare.d3dbsp|col_map|zone_source/zm_nightmare.zone|csv
623,image,i_c_zom_der_zombie_body1_chest_n,305,742760,|mc/mtl_c_zom_der_zombie_body1_chest|material|c_zom_der_zombie_body1_g_blegsoff|xmodel|c_zom_der_zombie1_nohat|character|spawner_zm_factory_zombie|aitype|maps/zm/zm_nightmare.d3dbsp|col_map|zone_source/zm_nightmare.zone|csv
624,image,i_c_zom_der_zombie_body1_chest_g,273,109208,|mc/mtl_c_zom_der_zombie_body1_chest|material|c_zom_der_zombie_body1_g_blegsoff|xmodel|c_zom_der_zombie1_nohat|character|spawner_zm_factory_zombie|aitype|maps/zm/zm_nightmare.d3dbsp|col_map|zone_source/zm_nightmare.zone|csv
625,image,i_c_zom_der_zombie_body1_chest_c,289,393216,|mc/mtl_c_zom_der_zombie_body1_chest|material|c_zom_der_zombie_body1_g_blegsoff|xmodel|c_zom_der_zombie1_nohat|character|spawner_zm_factory_zombie|aitype|maps/zm/zm_nightmare.d3dbsp|col_map|zone_source/zm_nightmare.zone|csv
626,material,mc/mtl_c_zom_der_zombie_body1_chest,1547,0,|c_zom_der_zombie_body1_g_blegsoff|xmodel|c_zom_der_zombie1_nohat|character|spawner_zm_factory_zombie|aitype|maps/zm/zm_nightmare.d3dbsp|col_map|zone_source/zm_nightmare.zone|csv
627,xmodel,c_zom_der_zombie_body1_g_lowclean,2536,0,|c_zom_der_zombie1_nohat|character|spawner_zm_factory_zombie|aitype|maps/zm/zm_nightmare.d3dbsp|col_map|zone_source/zm_nightmare.zone|csv
628,xmodelmesh,c_zom_der_zombie_body1_g_rlegoff_lod1c39344cc,328,91864,|c_zom_der_zombie_body1_g_rlegoff|xmodel|c_zom_der_zombie1_nohat|character|spawner_zm_factory_zombie|aitype|maps/zm/zm_nightmare.d3dbsp|col_map|zone_source/zm_nightmare.zone|csv
629,xmodelmesh,c_zom_der_zombie_body1_g_rlegoff_lod0db873496,416,162736,|c_zom_der_zombie_body1_g_rlegoff|xmodel|c_zom_der_zombie1_nohat|character|spawner_zm_factory_zombie|aitype|maps/zm/zm_nightmare.d3dbsp|col_map|zone_source/zm_nightmare.zone|csv
630,xmodel,c_zom_der_zombie_body1_g_rlegoff,1084,0,|c_zom_der_zombie1_nohat|character|spawner_zm_factory_zombie|aitype|maps/zm/zm_nightmare.d3dbsp|col_map|zone_source/zm_nightmare.zone|csv
631,xmodelmesh,c_zom_der_zombie_body1_g_llegoff_lod1692bb2a1,324,99776,|c_zom_der_zombie_body1_g_llegoff|xmodel|c_zom_der_zombie1_nohat|character|spawner_zm_factory_zombie|aitype|maps/zm/zm_nightmare.d3dbsp|col_map|zone_source/zm_nightmare.zone|csv
632,xmodelmesh,c_zom_der_zombie_body1_g_llegoff_lod09befef1e,416,178848,|c_zom_der_zombie_body1_g_llegoff|xmodel|c_zom_der_zombie1_nohat|character|spawner_zm_factory_zombie|aitype|maps/zm/zm_nightmare.d3dbsp|col_map|zone_source/zm_nightmare.zone|csv
633,xmodel,c_zom_der_zombie_body1_g_llegoff,1084,0,|c_zom_der_zombie1_nohat|character|spawner_zm_factory_zombie|aitype|maps/zm/zm_nightmare.d3dbsp|col_map|zone_source/zm_nightmare.zone|csv
634,xmodelmesh,c_zom_der_zombie_body1_g_blegsoff_lod19524f698,324,65152,|c_zom_der_zombie_body1_g_blegsoff|xmodel|c_zom_der_zombie1_nohat|character|spawner_zm_factory_zombie|aitype|maps/zm/zm_nightmare.d3dbsp|col_map|zone_source/zm_nightmare.zone|csv
635,xmodelmesh,c_zom_der_zombie_body1_g_blegsoff_lod028e897ab,416,133744,|c_zom_der_zombie_body1_g_blegsoff|xmodel|c_zom_der_zombie1_nohat|character|spawner_zm_factory_zombie|aitype|maps/zm/zm_nightmare.d3dbsp|col_map|zone_source/zm_nightmare.zone|csv
636,xmodel,c_zom_der_zombie_body1_g_blegsoff,1084,0,|c_zom_der_zombie1_nohat|character|spawner_zm_factory_zombie|aitype|maps/zm/zm_nightmare.d3dbsp|col_map|zone_source/zm_nightmare.zone|csv
637,character,c_zom_der_zombie1,18,0,|spawner_zm_factory_zombie|aitype|maps/zm/zm_nightmare.d3dbsp|col_map|zone_source/zm_nightmare.zone|csv
638,image,i_c_zom_der_zombie_body2_ao,276,76152,|mc/mtl_c_zom_der_zombie_body2|material|c_zom_der_zombie_body2_g_blegsoff|xmodel|c_zom_der_zombie2_nohat|character|spawner_zm_factory_zombie|aitype|maps/zm/zm_nightmare.d3dbsp|col_map|zone_source/zm_nightmare.zone|csv
639,image,i_c_zom_der_zombie_body2_n,291,5614264,|mc/mtl_c_zom_der_zombie_body2|material|c_zom_der_zombie_body2_g_blegsoff|xmodel|c_zom_der_zombie2_nohat|character|spawner_zm_factory_zombie|aitype|maps/zm/zm_nightmare.d3dbsp|col_map|zone_source/zm_nightmare.zone|csv
640,image,i_c_zom_der_zombie_body2_g,275,742728,|mc/mtl_c_zom_der_zombie_body2|material|c_zom_der_zombie_body2_g_blegsoff|xmodel|c_zom_der_zombie2_nohat|character|spawner_zm_factory_zombie|aitype|maps/zm/zm_nightmare.d3dbsp|col_map|zone_source/zm_nightmare.zone|csv
641,image,i_c_zom_der_zombie_body2_c,283,2818048,|mc/mtl_c_zom_der_zombie_body2|material|c_zom_der_zombie_body2_g_blegsoff|xmodel|c_zom_der_zombie2_nohat|character|spawner_zm_factory_zombie|aitype|maps/zm/zm_nightmare.d3dbsp|col_map|zone_source/zm_nightmare.zone|csv
642,image,i_c_zom_der_zombie_body2_s,283,196608,|mc/mtl_c_zom_der_zombie_body2|material|c_zom_der_zombie_body2_g_blegsoff|xmodel|c_zom_der_zombie2_nohat|character|spawner_zm_factory_zombie|aitype|maps/zm/zm_nightmare.d3dbsp|col_map|zone_source/zm_nightmare.zone|csv
643,material,mc/mtl_c_zom_der_zombie_body2,1570,0,|c_zom_der_zombie_body2_g_blegsoff|xmodel|c_zom_der_zombie2_nohat|character|spawner_zm_factory_zombie|aitype|maps/zm/zm_nightmare.d3dbsp|col_map|zone_source/zm_nightmare.zone|csv
644,image,i_c_zom_der_zombie_body2_skin_ao,49,43696,|mc/mtl_c_zom_der_zombie_body2_skin|material|c_zom_der_zombie_body2_g_blegsoff|xmodel|c_zom_der_zombie2_nohat|character|spawner_zm_factory_zombie|aitype|maps/zm/zm_nightmare.d3dbsp|col_map|zone_source/zm_nightmare.zone|csv
645,image,i_c_zom_der_zombie_body2_skin_n,304,2839912,|mc/mtl_c_zom_der_zombie_body2_skin|material|c_zom_der_zombie_body2_g_blegsoff|xmodel|c_zom_der_zombie2_nohat|character|spawner_zm_factory_zombie|aitype|maps/zm/zm_nightmare.d3dbsp|col_map|zone_source/zm_nightmare.zone|csv
646,image,i_c_zom_der_zombie_body2_skin_g,272,371352,|mc/mtl_c_zom_der_zombie_body2_skin|material|c_zom_der_zombie_body2_g_blegsoff|xmodel|c_zom_der_zombie2_nohat|character|spawner_zm_factory_zombie|aitype|maps/zm/zm_nightmare.d3dbsp|col_map|zone_source/zm_nightmare.zone|csv
647,image,i_c_zom_der_zombie_body2_skin_c,288,1441792,|mc/mtl_c_zom_der_zombie_body2_skin|material|c_zom_der_zombie_body2_g_blegsoff|xmodel|c_zom_der_zombie2_nohat|character|spawner_zm_factory_zombie|aitype|maps/zm/zm_nightmare.d3dbsp|col_map|zone_source/zm_nightmare.zone|csv
648,material,mc/mtl_c_zom_der_zombie_body2_skin,1543,0,|c_zom_der_zombie_body2_g_blegsoff|xmodel|c_zom_der_zombie2_nohat|character|spawner_zm_factory_zombie|aitype|maps/zm/zm_nightmare.d3dbsp|col_map|zone_source/zm_nightmare.zone|csv
649,image,i_c_zom_der_zombie_k98pouch_ao,11207,0,|mc/mtl_c_zom_der_zombie_gear_k98pouch|material|c_zom_der_zombie_body2_g_larmoff|xmodel|c_zom_der_zombie2_nohat|character|spawner_zm_factory_zombie|aitype|maps/zm/zm_nightmare.d3dbsp|col_map|zone_source/zm_nightmare.zone|csv
650,image,i_c_zom_der_zombie_k98pouch_n,118,393224,|mc/mtl_c_zom_der_zombie_gear_k98pouch|material|c_zom_der_zombie_body2_g_larmoff|xmodel|c_zom_der_zombie2_nohat|character|spawner_zm_factory_zombie|aitype|maps/zm/zm_nightmare.d3dbsp|col_map|zone_source/zm_nightmare.zone|csv
651,image,i_c_zom_der_zombie_k98pouch_g,278,218440,|mc/mtl_c_zom_der_zombie_gear_k98pouch|material|c_zom_der_zombie_body2_g_larmoff|xmodel|c_zom_der_zombie2_nohat|character|spawner_zm_factory_zombie|aitype|maps/zm/zm_nightmare.d3dbsp|col_map|zone_source/zm_nightmare.zone|csv
652,image,i_c_zom_der_zombie_k98pouch_c,286,196608,|mc/mtl_c_zom_der_zombie_gear_k98pouch|material|c_zom_der_zombie_body2_g_larmoff|xmodel|c_zom_der_zombie2_nohat|character|spawner_zm_factory_zombie|aitype|maps/zm/zm_nightmare.d3dbsp|col_map|zone_source/zm_nightmare.zone|csv
653,image,i_c_zom_der_zombie_k98pouch_s,11214,0,|mc/mtl_c_zom_der_zombie_gear_k98pouch|material|c_zom_der_zombie_body2_g_larmoff|xmodel|c_zom_der_zombie2_nohat|character|spawner_zm_factory_zombie|aitype|maps/zm/zm_nightmare.d3dbsp|col_map|zone_source/zm_nightmare.zone|csv
654,material,mc/mtl_c_zom_der_zombie_gear_k98pouch,1577,0,|c_zom_der_zombie_body2_g_larmoff|xmodel|c_zom_der_zombie2_nohat|character|spawner_zm_factory_zombie|aitype|maps/zm/zm_nightmare.d3dbsp|col_map|zone_source/zm_nightmare.zone|csv
655,image,i_c_zom_der_zombie_g43pouch_ao,11207,0,|mc/mtl_c_zom_der_zombie_gear_g43pouch|material|c_zom_der_zombie_body2_g_larmoff|xmodel|c_zom_der_zombie2_nohat|character|spawner_zm_factory_zombie|aitype|maps/zm/zm_nightmare.d3dbsp|col_map|zone_source/zm_nightmare.zone|csv
656,image,i_c_zom_der_zombie_g43pouch_n,118,371384,|mc/mtl_c_zom_der_zombie_gear_g43pouch|material|c_zom_der_zombie_body2_g_larmoff|xmodel|c_zom_der_zombie2_nohat|character|spawner_zm_factory_zombie|aitype|maps/zm/zm_nightmare.d3dbsp|col_map|zone_source/zm_nightmare.zone|csv
657,image,i_c_zom_der_zombie_g43pouch_g,278,218440,|mc/mtl_c_zom_der_zombie_gear_g43pouch|material|c_zom_der_zombie_body2_g_larmoff|xmodel|c_zom_der_zombie2_nohat|character|spawner_zm_factory_zombie|aitype|maps/zm/zm_nightmare.d3dbsp|col_map|zone_source/zm_nightmare.zone|csv
658,image,i_c_zom_der_zombie_g43pouch_c,286,196608,|mc/mtl_c_zom_der_zombie_gear_g43pouch|material|c_zom_der_zombie_body2_g_larmoff|xmodel|c_zom_der_zombie2_nohat|character|spawner_zm_factory_zombie|aitype|maps/zm/zm_nightmare.d3dbsp|col_map|zone_source/zm_nightmare.zone|csv
659,image,i_c_zom_der_zombie_g43pouch_s,286,65536,|mc/mtl_c_zom_der_zombie_gear_g43pouch|material|c_zom_der_zombie_body2_g_larmoff|xmodel|c_zom_der_zombie2_nohat|character|spawner_zm_factory_zombie|aitype|maps/zm/zm_nightmare.d3dbsp|col_map|zone_source/zm_nightmare.zone|csv
660,material,mc/mtl_c_zom_der_zombie_gear_g43pouch,1409,0,|c_zom_der_zombie_body2_g_larmoff|xmodel|c_zom_der_zombie2_nohat|character|spawner_zm_factory_zombie|aitype|maps/zm/zm_nightmare.d3dbsp|col_map|zone_source/zm_nightmare.zone|csv
661,image,i_c_zom_der_zombie_knife_ao,11204,0,|mc/mtl_c_zom_der_zombie_gear_knife|material|c_zom_der_zombie_body2_g_larmoff|xmodel|c_zom_der_zombie2_nohat|character|spawner_zm_factory_zombie|aitype|maps/zm/zm_nightmare.d3dbsp|col_map|zone_source/zm_nightmare.zone|csv
662,image,i_c_zom_der_zombie_knife_n,115,371384,|mc/mtl_c_zom_der_zombie_gear_knife|material|c_zom_der_zombie_body2_g_larmoff|xmodel|c_zom_der_zombie2_nohat|character|spawner_zm_factory_zombie|aitype|maps/zm/zm_nightmare.d3dbsp|col_map|zone_source/zm_nightmare.zone|csv
663,image,i_c_zom_der_zombie_knife_g,275,87368,|mc/mtl_c_zom_der_zombie_gear_knife|material|c_zom_der_zombie_body2_g_larmoff|xmodel|c_zom_der_zombie2_nohat|character|spawner_zm_factory_zombie|aitype|maps/zm/zm_nightmare.d3dbsp|col_map|zone_source/zm_nightmare.zone|csv
664,image,i_c_gen_reveal_256_sq_r,25,0,|mc/mtl_c_zom_der_zombie_gear_knife|material|c_zom_der_zombie_body2_g_larmoff|xmodel|c_zom_der_zombie2_nohat|character|spawner_zm_factory_zombie|aitype|maps/zm/zm_nightmare.d3dbsp|col_map|zone_source/zm_nightmare.zone|csv
665,image,i_c_zom_der_zombie_knife_c,283,65536,|mc/mtl_c_zom_der_zombie_gear_knife|material|c_zom_der_zombie_body2_g_larmoff|xmodel|c_zom_der_zombie2_nohat|character|spawner_zm_factory_zombie|aitype|maps/zm/zm_nightmare.d3dbsp|col_map|zone_source/zm_nightmare.zone|csv
666,image,i_c_zom_der_zombie_knife_s,283,65536,|mc/mtl_c_zom_der_zombie_gear_knife|material|c_zom_der_zombie_body2_g_larmoff|xmodel|c_zom_der_zombie2_nohat|character|spawner_zm_factory_zombie|aitype|maps/zm/zm_nightmare.d3dbsp|col_map|zone_source/zm_nightmare.zone|csv
667,material,mc/mtl_c_zom_der_zombie_gear_knife,1591,0,|c_zom_der_zombie_body2_g_larmoff|xmodel|c_zom_der_zombie2_nohat|character|spawner_zm_factory_zombie|aitype|maps/zm/zm_nightmare.d3dbsp|col_map|zone_source/zm_nightmare.zone|csv
668,xmodelmesh,c_zom_der_zombie_body2_lod149373e60,600,430856,|c_zom_der_zombie_body2|xmodel|c_zom_der_zombie2_nohat|character|spawner_zm_factory_zombie|aitype|maps/zm/zm_nightmare.d3dbsp|col_map|zone_source/zm_nightmare.zone|csv
669,xmodelmesh,c_zom_der_zombie_body2_lod0649fdd92,600,716944,|c_zom_der_zombie_body2|xmodel|c_zom_der_zombie2_nohat|character|spawner_zm_factory_zombie|aitype|maps/zm/zm_nightmare.d3dbsp|col_map|zone_source/zm_nightmare.zone|csv
670,image,i_c_zom_der_zombie_mp40pouch_ao,11216,0,|mc/mtl_c_zom_der_zombie_gear_mp40pouch|material|c_zom_der_zombie_body2_g_larmoff|xmodel|c_zom_der_zombie2_nohat|character|spawner_zm_factory_zombie|aitype|maps/zm/zm_nightmare.d3dbsp|col_map|zone_source/zm_nightmare.zone|csv
671,image,i_c_zom_der_zombie_mp40pouch_n,119,403232,|mc/mtl_c_zom_der_zombie_gear_mp40pouch|material|c_zom_der_zombie_body2_g_larmoff|xmodel|c_zom_der_zombie2_nohat|character|spawner_zm_factory_zombie|aitype|maps/zm/zm_nightmare.d3dbsp|col_map|zone_source/zm_nightmare.zone|csv
672,image,i_c_zom_der_zombie_mp40pouch_g,279,87368,|mc/mtl_c_zom_der_zombie_gear_mp40pouch|material|c_zom_der_zombie_body2_g_larmoff|xmodel|c_zom_der_zombie2_nohat|character|spawner_zm_factory_zombie|aitype|maps/zm/zm_nightmare.d3dbsp|col_map|zone_source/zm_nightmare.zone|csv
673,image,i_c_zom_der_zombie_mp40pouch_c,287,65536,|mc/mtl_c_zom_der_zombie_gear_mp40pouch|material|c_zom_der_zombie_body2_g_larmoff|xmodel|c_zom_der_zombie2_nohat|character|spawner_zm_factory_zombie|aitype|maps/zm/zm_nightmare.d3dbsp|col_map|zone_source/zm_nightmare.zone|csv
674,image,i_c_zom_der_zombie_mp40pouch_s,287,65536,|mc/mtl_c_zom_der_zombie_gear_mp40pouch|material|c_zom_der_zombie_body2_g_larmoff|xmodel|c_zom_der_zombie2_nohat|character|spawner_zm_factory_zombie|aitype|maps/zm/zm_nightmare.d3dbsp|col_map|zone_source/zm_nightmare.zone|csv
675,material,mc/mtl_c_zom_der_zombie_gear_mp40pouch,1076,0,|c_zom_der_zombie_body2_g_larmoff|xmodel|c_zom_der_zombie2_nohat|character|spawner_zm_factory_zombie|aitype|maps/zm/zm_nightmare.d3dbsp|col_map|zone_source/zm_nightmare.zone|csv
676,xmodel,c_zom_der_zombie_body2,11760,0,|c_zom_der_zombie2_nohat|character|spawner_zm_factory_zombie|aitype|maps/zm/zm_nightmare.d3dbsp|col_map|zone_source/zm_nightmare.zone|csv
677,xmodelmesh,c_zom_der_zombie_body2_g_upclean_lod14f4dd164,616,319240,|c_zom_der_zombie_body2_g_upclean|xmodel|c_zom_der_zombie2_nohat|character|spawner_zm_factory_zombie|aitype|maps/zm/zm_nightmare.d3dbsp|col_map|zone_source/zm_nightmare.zone|csv
678,xmodelmesh,c_zom_der_zombie_body2_g_upclean_lod0481334f6,608,508240,|c_zom_der_zombie_body2_g_upclean|xmodel|c_zom_der_zombie2_nohat|character|spawner_zm_factory_zombie|aitype|maps/zm/zm_nightmare.d3dbsp|col_map|zone_source/zm_nightmare.zone|csv
679,xmodel,c_zom_der_zombie_body2_g_upclean,4028,0,|c_zom_der_zombie2_nohat|character|spawner_zm_factory_zombie|aitype|maps/zm/zm_nightmare.d3dbsp|col_map|zone_source/zm_nightmare.zone|csv
680,xmodelmesh,c_zom_der_zombie_body2_g_rarmoff_lod1f024c510,708,293792,|c_zom_der_zombie_body2_g_rarmoff|xmodel|c_zom_der_zombie2_nohat|character|spawner_zm_factory_zombie|aitype|maps/zm/zm_nightmare.d3dbsp|col_map|zone_source/zm_nightmare.zone|csv
681,xmodelmesh,c_zom_der_zombie_body2_g_rarmoff_lod0ae687fe5,800,489616,|c_zom_der_zombie_body2_g_rarmoff|xmodel|c_zom_der_zombie2_nohat|character|spawner_zm_factory_zombie|aitype|maps/zm/zm_nightmare.d3dbsp|col_map|zone_source/zm_nightmare.zone|csv
682,xmodel,c_zom_der_zombie_body2_g_rarmoff,4108,0,|c_zom_der_zombie2_nohat|character|spawner_zm_factory_zombie|aitype|maps/zm/zm_nightmare.d3dbsp|col_map|zone_source/zm_nightmare.zone|csv
683,xmodelmesh,c_zom_der_zombie_body2_g_larmoff_lod13c8d67c7,708,311488,|c_zom_der_zombie_body2_g_larmoff|xmodel|c_zom_der_zombie2_nohat|character|spawner_zm_factory_zombie|aitype|maps/zm/zm_nightmare.d3dbsp|col_map|zone_source/zm_nightmare.zone|csv
684,xmodelmesh,c_zom_der_zombie_body2_g_larmoff_lod0d46fba30,800,510512,|c_zom_der_zombie_body2_g_larmoff|xmodel|c_zom_der_zombie2_nohat|character|spawner_zm_factory_zombie|aitype|maps/zm/zm_nightmare.d3dbsp|col_map|zone_source/zm_nightmare.zone|csv
685,xmodel,c_zom_der_zombie_body2_g_larmoff,4108,0,|c_zom_der_zombie2_nohat|character|spawner_zm_factory_zombie|aitype|maps/zm/zm_nightmare.d3dbsp|col_map|zone_source/zm_nightmare.zone|csv
686,xmodelmesh,c_zom_der_zombie_body2_g_behead_lod1f439b647,356,16160,|c_zom_der_zombie_body2_g_behead|xmodel|c_zom_der_zombie2_nohat|character|spawner_zm_factory_zombie|aitype|maps/zm/zm_nightmare.d3dbsp|col_map|zone_source/zm_nightmare.zone|csv
687,xmodelmesh,c_zom_der_zombie_body2_g_behead_lod010ea455a,464,42576,|c_zom_der_zombie_body2_g_behead|xmodel|c_zom_der_zombie2_nohat|character|spawner_zm_factory_zombie|aitype|maps/zm/zm_nightmare.d3dbsp|col_map|zone_source/zm_nightmare.zone|csv
688,xmodel,c_zom_der_zombie_body2_g_behead,472,0,|c_zom_der_zombie2_nohat|character|spawner_zm_factory_zombie|aitype|maps/zm/zm_nightmare.d3dbsp|col_map|zone_source/zm_nightmare.zone|csv
689,xmodelmesh,c_zom_der_zombie_body2_g_lowclean_lod1c0634905,328,111760,|c_zom_der_zombie_body2_g_lowclean|xmodel|c_zom_der_zombie2_nohat|character|spawner_zm_factory_zombie|aitype|maps/zm/zm_nightmare.d3dbsp|col_map|zone_source/zm_nightmare.zone|csv
690,xmodelmesh,c_zom_der_zombie_body2_g_lowclean_lod0cd620c1c,320,208912,|c_zom_der_zombie_body2_g_lowclean|xmodel|c_zom_der_zombie2_nohat|character|spawner_zm_factory_zombie|aitype|maps/zm/zm_nightmare.d3dbsp|col_map|zone_source/zm_nightmare.zone|csv
691,xmodel,c_zom_der_zombie_body2_g_lowclean,1848,0,|c_zom_der_zombie2_nohat|character|spawner_zm_factory_zombie|aitype|maps/zm/zm_nightmare.d3dbsp|col_map|zone_source/zm_nightmare.zone|csv
692,xmodelmesh,c_zom_der_zombie_body2_g_rlegoff_lod19214c0d0,424,80928,|c_zom_der_zombie_body2_g_rlegoff|xmodel|c_zom_der_zombie2_nohat|character|spawner_zm_factory_zombie|aitype|maps/zm/zm_nightmare.d3dbsp|col_map|zone_source/zm_nightmare.zone|csv
693,xmodelmesh,c_zom_der_zombie_body2_g_rlegoff_lod0ff39e779,512,163552,|c_zom_der_zombie_body2_g_rlegoff|xmodel|c_zom_der_zombie2_nohat|character|spawner_zm_factory_zombie|aitype|maps/zm/zm_nightmare.d3dbsp|col_map|zone_source/zm_nightmare.zone|csv
694,xmodel,c_zom_der_zombie_body2_g_rlegoff,952,0,|c_zom_der_zombie2_nohat|character|spawner_zm_factory_zombie|aitype|maps/zm/zm_nightmare.d3dbsp|col_map|zone_source/zm_nightmare.zone|csv
695,xmodelmesh,c_zom_der_zombie_body2_g_llegoff_lod16b31acae,424,91392,|c_zom_der_zombie_body2_g_llegoff|xmodel|c_zom_der_zombie2_nohat|character|spawner_zm_factory_zombie|aitype|maps/zm/zm_nightmare.d3dbsp|col_map|zone_source/zm_nightmare.zone|csv
696,xmodelmesh,c_zom_der_zombie_body2_g_llegoff_lod081901a33,512,191120,|c_zom_der_zombie_body2_g_llegoff|xmodel|c_zom_der_zombie2_nohat|character|spawner_zm_factory_zombie|aitype|maps/zm/zm_nightmare.d3dbsp|col_map|zone_source/zm_nightmare.zone|csv
697,xmodel,c_zom_der_zombie_body2_g_llegoff,952,0,|c_zom_der_zombie2_nohat|character|spawner_zm_factory_zombie|aitype|maps/zm/zm_nightmare.d3dbsp|col_map|zone_source/zm_nightmare.zone|csv
698,xmodelmesh,c_zom_der_zombie_body2_g_blegsoff_lod1365920cf,424,60320,|c_zom_der_zombie_body2_g_blegsoff|xmodel|c_zom_der_zombie2_nohat|character|spawner_zm_factory_zombie|aitype|maps/zm/zm_nightmare.d3dbsp|col_map|zone_source/zm_nightmare.zone|csv
699,xmodelmesh,c_zom_der_zombie_body2_g_blegsoff_lod01ffc0dd6,512,145856,|c_zom_der_zombie_body2_g_blegsoff|xmodel|c_zom_der_zombie2_nohat|character|spawner_zm_factory_zombie|aitype|maps/zm/zm_nightmare.d3dbsp|col_map|zone_source/zm_nightmare.zone|csv
700,xmodel,c_zom_der_zombie_body2_g_blegsoff,952,0,|c_zom_der_zombie2_nohat|character|spawner_zm_factory_zombie|aitype|maps/zm/zm_nightmare.d3dbsp|col_map|zone_source/zm_nightmare.zone|csv
701,character,c_zom_der_zombie2,18,0,|spawner_zm_factory_zombie|aitype|maps/zm/zm_nightmare.d3dbsp|col_map|zone_source/zm_nightmare.zone|csv
702,scriptbundle,c_zom_der_zombie_gib_def,726,0,|c_zom_der_zombie2_nohat|character|spawner_zm_factory_zombie|aitype|maps/zm/zm_nightmare.d3dbsp|col_map|zone_source/zm_nightmare.zone|csv
703,character,c_zom_der_zombie1_nohat,24,0,|spawner_zm_factory_zombie|aitype|maps/zm/zm_nightmare.d3dbsp|col_map|zone_source/zm_nightmare.zone|csv
704,character,c_zom_der_zombie2_nohat,24,0,|spawner_zm_factory_zombie|aitype|maps/zm/zm_nightmare.d3dbsp|col_map|zone_source/zm_nightmare.zone|csv
705,behaviortree,zm_zombie.ai_bt,9224,0,|spawner_zm_factory_zombie|aitype|maps/zm/zm_nightmare.d3dbsp|col_map|zone_source/zm_nightmare.zone|csv
706,animstatemachine,zm_zombie.ai_asm,1296,0,|spawner_zm_factory_zombie|aitype|maps/zm/zm_nightmare.d3dbsp|col_map|zone_source/zm_nightmare.zone|csv
707,animselectortable,zm_factory_zombie.ai_ast,31648,0,|spawner_zm_factory_zombie|aitype|maps/zm/zm_nightmare.d3dbsp|col_map|zone_source/zm_nightmare.zone|csv
708,xanim,ai_zombie_base_walk_ad_win_trav_l_v1,34452,0,|zm_factory_zombie.ai_am|animmappingtable|spawner_zm_factory_zombie|aitype|maps/zm/zm_nightmare.d3dbsp|col_map|zone_source/zm_nightmare.zone|csv
709,xanim,ai_zombie_base_walk_ad_win_trav_m_v1,38274,0,|zm_factory_zombie.ai_am|animmappingtable|spawner_zm_factory_zombie|aitype|maps/zm/zm_nightmare.d3dbsp|col_map|zone_source/zm_nightmare.zone|csv
710,xanim,ai_zombie_base_walk_ad_win_trav_m_v2,31323,0,|zm_factory_zombie.ai_am|animmappingtable|spawner_zm_factory_zombie|aitype|maps/zm/zm_nightmare.d3dbsp|col_map|zone_source/zm_nightmare.zone|csv
711,xanim,ai_zombie_base_walk_ad_win_trav_m_v3,72088,0,|zm_factory_zombie.ai_am|animmappingtable|spawner_zm_factory_zombie|aitype|maps/zm/zm_nightmare.d3dbsp|col_map|zone_source/zm_nightmare.zone|csv
712,xanim,ai_zombie_base_walk_ad_win_trav_r_v1,32694,0,|zm_factory_zombie.ai_am|animmappingtable|spawner_zm_factory_zombie|aitype|maps/zm/zm_nightmare.d3dbsp|col_map|zone_source/zm_nightmare.zone|csv
713,xanim,ai_zombie_base_walk_au_win_trav_l_v1,34037,0,|zm_factory_zombie.ai_am|animmappingtable|spawner_zm_factory_zombie|aitype|maps/zm/zm_nightmare.d3dbsp|col_map|zone_source/zm_nightmare.zone|csv
714,xanim,ai_zombie_base_walk_au_win_trav_m_v1,37858,0,|zm_factory_zombie.ai_am|animmappingtable|spawner_zm_factory_zombie|aitype|maps/zm/zm_nightmare.d3dbsp|col_map|zone_source/zm_nightmare.zone|csv
715,xanim,ai_zombie_base_walk_au_win_trav_m_v2,30907,0,|zm_factory_zombie.ai_am|animmappingtable|spawner_zm_factory_zombie|aitype|maps/zm/zm_nightmare.d3dbsp|col_map|zone_source/zm_nightmare.zone|csv
716,xanim,ai_zombie_base_walk_au_win_trav_m_v3,72088,0,|zm_factory_zombie.ai_am|animmappingtable|spawner_zm_factory_zombie|aitype|maps/zm/zm_nightmare.d3dbsp|col_map|zone_source/zm_nightmare.zone|csv
717,xanim,ai_zombie_base_walk_au_win_trav_r_v1,32694,0,|zm_factory_zombie.ai_am|animmappingtable|spawner_zm_factory_zombie|aitype|maps/zm/zm_nightmare.d3dbsp|col_map|zone_source/zm_nightmare.zone|csv
718,xanim,ai_zombie_base_run_ad_win_trav_l_v1,47482,0,|zm_factory_zombie.ai_am|animmappingtable|spawner_zm_factory_zombie|aitype|maps/zm/zm_nightmare.d3dbsp|col_map|zone_source/zm_nightmare.zone|csv
719,xanim,ai_zombie_base_run_ad_win_trav_m_v1,27320,0,|zm_factory_zombie.ai_am|animmappingtable|spawner_zm_factory_zombie|aitype|maps/zm/zm_nightmare.d3dbsp|col_map|zone_source/zm_nightmare.zone|csv
720,xanim,ai_zombie_base_run_ad_win_trav_r_v1,30475,0,|zm_factory_zombie.ai_am|animmappingtable|spawner_zm_factory_zombie|aitype|maps/zm/zm_nightmare.d3dbsp|col_map|zone_source/zm_nightmare.zone|csv
721,xanim,ai_zombie_base_run_au_win_trav_l_v1,46857,0,|zm_factory_zombie.ai_am|animmappingtable|spawner_zm_factory_zombie|aitype|maps/zm/zm_nightmare.d3dbsp|col_map|zone_source/zm_nightmare.zone|csv
722,xanim,ai_zombie_base_run_au_win_trav_m_v1,27134,0,|zm_factory_zombie.ai_am|animmappingtable|spawner_zm_factory_zombie|aitype|maps/zm/zm_nightmare.d3dbsp|col_map|zone_source/zm_nightmare.zone|csv
723,xanim,ai_zombie_base_run_au_win_trav_r_v1,30786,0,|zm_factory_zombie.ai_am|animmappingtable|spawner_zm_factory_zombie|aitype|maps/zm/zm_nightmare.d3dbsp|col_map|zone_source/zm_nightmare.zone|csv
724,xanim,ai_zombie_base_sprint_ad_win_trav_l_v1,24138,0,|zm_factory_zombie.ai_am|animmappingtable|spawner_zm_factory_zombie|aitype|maps/zm/zm_nightmare.d3dbsp|col_map|zone_source/zm_nightmare.zone|csv
725,xanim,ai_zombie_base_sprint_ad_win_trav_m_v1,21779,0,|zm_factory_zombie.ai_am|animmappingtable|spawner_zm_factory_zombie|aitype|maps/zm/zm_nightmare.d3dbsp|col_map|zone_source/zm_nightmare.zone|csv
726,xanim,ai_zombie_base_sprint_ad_win_trav_m_v2,22676,0,|zm_factory_zombie.ai_am|animmappingtable|spawner_zm_factory_zombie|aitype|maps/zm/zm_nightmare.d3dbsp|col_map|zone_source/zm_nightmare.zone|csv
727,xanim,ai_zombie_base_sprint_ad_win_trav_r_v1,23256,0,|zm_factory_zombie.ai_am|animmappingtable|spawner_zm_factory_zombie|aitype|maps/zm/zm_nightmare.d3dbsp|col_map|zone_source/zm_nightmare.zone|csv
728,xanim,ai_zombie_base_sprint_au_win_trav_l_v1,24121,0,|zm_factory_zombie.ai_am|animmappingtable|spawner_zm_factory_zombie|aitype|maps/zm/zm_nightmare.d3dbsp|col_map|zone_source/zm_nightmare.zone|csv
729,xanim,ai_zombie_base_sprint_au_win_trav_m_v1,21550,0,|zm_factory_zombie.ai_am|animmappingtable|spawner_zm_factory_zombie|aitype|maps/zm/zm_nightmare.d3dbsp|col_map|zone_source/zm_nightmare.zone|csv
730,xanim,ai_zombie_base_sprint_au_win_trav_m_v2,21937,0,|zm_factory_zombie.ai_am|animmappingtable|spawner_zm_factory_zombie|aitype|maps/zm/zm_nightmare.d3dbsp|col_map|zone_source/zm_nightmare.zone|csv
731,xanim,ai_zombie_base_sprint_au_win_trav_r_v1,23206,0,|zm_factory_zombie.ai_am|animmappingtable|spawner_zm_factory_zombie|aitype|maps/zm/zm_nightmare.d3dbsp|col_map|zone_source/zm_nightmare.zone|csv
732,xanim,ai_zombie_base_win_attack_arm_l_out,37997,0,|zm_factory_zombie.ai_am|animmappingtable|spawner_zm_factory_zombie|aitype|maps/zm/zm_nightmare.d3dbsp|col_map|zone_source/zm_nightmare.zone|csv
733,xanim,ai_zombie_base_win_attack_arm_r_out,38012,0,|zm_factory_zombie.ai_am|animmappingtable|spawner_zm_factory_zombie|aitype|maps/zm/zm_nightmare.d3dbsp|col_map|zone_source/zm_nightmare.zone|csv
734,xanim,ai_zombie_base_death_v1,31614,0,|zm_factory_zombie.ai_am|animmappingtable|spawner_zm_factory_zombie|aitype|maps/zm/zm_nightmare.d3dbsp|col_map|zone_source/zm_nightmare.zone|csv
735,xanim,ai_zombie_base_death_v2,25597,0,|zm_factory_zombie.ai_am|animmappingtable|spawner_zm_factory_zombie|aitype|maps/zm/zm_nightmare.d3dbsp|col_map|zone_source/zm_nightmare.zone|csv
736,xanim,ai_zombie_base_death_v3,55086,0,|zm_factory_zombie.ai_am|animmappingtable|spawner_zm_factory_zombie|aitype|maps/zm/zm_nightmare.d3dbsp|col_map|zone_source/zm_nightmare.zone|csv
737,xanim,ai_zombie_base_crawl_death_v1,18404,0,|zm_factory_zombie.ai_am|animmappingtable|spawner_zm_factory_zombie|aitype|maps/zm/zm_nightmare.d3dbsp|col_map|zone_source/zm_nightmare.zone|csv
738,xanim,ai_zombie_base_crawl_death_v2,16967,0,|zm_factory_zombie.ai_am|animmappingtable|spawner_zm_factory_zombie|aitype|maps/zm/zm_nightmare.d3dbsp|col_map|zone_source/zm_nightmare.zone|csv
739,xanim,ai_zombie_base_dth_tesla_a,58110,0,|zm_factory_zombie.ai_am|animmappingtable|spawner_zm_factory_zombie|aitype|maps/zm/zm_nightmare.d3dbsp|col_map|zone_source/zm_nightmare.zone|csv
740,xanim,ai_zombie_base_dth_tesla_b,52236,0,|zm_factory_zombie.ai_am|animmappingtable|spawner_zm_factory_zombie|aitype|maps/zm/zm_nightmare.d3dbsp|col_map|zone_source/zm_nightmare.zone|csv
741,xanim,ai_zombie_base_dth_tesla_c,56765,0,|zm_factory_zombie.ai_am|animmappingtable|spawner_zm_factory_zombie|aitype|maps/zm/zm_nightmare.d3dbsp|col_map|zone_source/zm_nightmare.zone|csv
742,xanim,ai_zombie_base_dth_tesla_d,54479,0,|zm_factory_zombie.ai_am|animmappingtable|spawner_zm_factory_zombie|aitype|maps/zm/zm_nightmare.d3dbsp|col_map|zone_source/zm_nightmare.zone|csv
743,xanim,ai_zombie_zod_crawl_stunned_electrobolt_a,10539,0,|zm_factory_zombie.ai_am|animmappingtable|spawner_zm_factory_zombie|aitype|maps/zm/zm_nightmare.d3dbsp|col_map|zone_source/zm_nightmare.zone|csv
744,xanim,ai_zombie_zod_crawl_stunned_electrobolt_b,12593,0,|zm_factory_zombie.ai_am|animmappingtable|spawner_zm_factory_zombie|aitype|maps/zm/zm_nightmare.d3dbsp|col_map|zone_source/zm_nightmare.zone|csv
745,xanim,ai_zombie_zod_crawl_stunned_electrobolt_c,13876,0,|zm_factory_zombie.ai_am|animmappingtable|spawner_zm_factory_zombie|aitype|maps/zm/zm_nightmare.d3dbsp|col_map|zone_source/zm_nightmare.zone|csv
746,xanim,ai_zombie_zod_crawl_stunned_electrobolt_d,17374,0,|zm_factory_zombie.ai_am|animmappingtable|spawner_zm_factory_zombie|aitype|maps/zm/zm_nightmare.d3dbsp|col_map|zone_source/zm_nightmare.zone|csv
747,xanim,ai_zombie_zod_crawl_stunned_electrobolt_e,16558,0,|zm_factory_zombie.ai_am|animmappingtable|spawner_zm_factory_zombie|aitype|maps/zm/zm_nightmare.d3dbsp|col_map|zone_source/zm_nightmare.zone|csv
748,xanim,ai_zombie_zod_stunned_electrobolt_a,13135,0,|zm_factory_zombie.ai_am|animmappingtable|spawner_zm_factory_zombie|aitype|maps/zm/zm_nightmare.d3dbsp|col_map|zone_source/zm_nightmare.zone|csv
749,xanim,ai_zombie_zod_stunned_electrobolt_b,18425,0,|zm_factory_zombie.ai_am|animmappingtable|spawner_zm_factory_zombie|aitype|maps/zm/zm_nightmare.d3dbsp|col_map|zone_source/zm_nightmare.zone|csv
750,xanim,ai_zombie_zod_stunned_electrobolt_c,10553,0,|zm_factory_zombie.ai_am|animmappingtable|spawner_zm_factory_zombie|aitype|maps/zm/zm_nightmare.d3dbsp|col_map|zone_source/zm_nightmare.zone|csv
751,xanim,ai_zombie_zod_stunned_electrobolt_d,18360,0,|zm_factory_zombie.ai_am|animmappingtable|spawner_zm_factory_zombie|aitype|maps/zm/zm_nightmare.d3dbsp|col_map|zone_source/zm_nightmare.zone|csv
752,xanim,ai_zombie_zod_stunned_electrobolt_e,16801,0,|zm_factory_zombie.ai_am|animmappingtable|spawner_zm_factory_zombie|aitype|maps/zm/zm_nightmare.d3dbsp|col_map|zone_source/zm_nightmare.zone|csv
753,xanim,ai_zombie_base_boardtear_aligned_l_1_grab,15976,0,|zm_factory_zombie.ai_am|animmappingtable|spawner_zm_factory_zombie|aitype|maps/zm/zm_nightmare.d3dbsp|col_map|zone_source/zm_nightmare.zone|csv
754,xanim,ai_zombie_base_boardtear_aligned_l_2_grab,15975,0,|zm_factory_zombie.ai_am|animmappingtable|spawner_zm_factory_zombie|aitype|maps/zm/zm_nightmare.d3dbsp|col_map|zone_source/zm_nightmare.zone|csv
755,xanim,ai_zombie_base_boardtear_aligned_l_3_grab,17835,0,|zm_factory_zombie.ai_am|animmappingtable|spawner_zm_factory_zombie|aitype|maps/zm/zm_nightmare.d3dbsp|col_map|zone_source/zm_nightmare.zone|csv
756,xanim,ai_zombie_base_boardtear_aligned_l_4_grab,18077,0,|zm_factory_zombie.ai_am|animmappingtable|spawner_zm_factory_zombie|aitype|maps/zm/zm_nightmare.d3dbsp|col_map|zone_source/zm_nightmare.zone|csv
757,xanim,ai_zombie_base_boardtear_aligned_l_5_grab,19764,0,|zm_factory_zombie.ai_am|animmappingtable|spawner_zm_factory_zombie|aitype|maps/zm/zm_nightmare.d3dbsp|col_map|zone_source/zm_nightmare.zone|csv
758,xanim,ai_zombie_base_boardtear_aligned_l_6_grab,18063,0,|zm_factory_zombie.ai_am|animmappingtable|spawner_zm_factory_zombie|aitype|maps/zm/zm_nightmare.d3dbsp|col_map|zone_source/zm_nightmare.zone|csv
759,xanim,ai_zombie_base_boardtear_aligned_m_1_grab,13645,0,|zm_factory_zombie.ai_am|animmappingtable|spawner_zm_factory_zombie|aitype|maps/zm/zm_nightmare.d3dbsp|col_map|zone_source/zm_nightmare.zone|csv
760,xanim,ai_zombie_base_boardtear_aligned_m_2_grab,14339,0,|zm_factory_zombie.ai_am|animmappingtable|spawner_zm_factory_zombie|aitype|maps/zm/zm_nightmare.d3dbsp|col_map|zone_source/zm_nightmare.zone|csv
761,xanim,ai_zombie_base_boardtear_aligned_m_3_grab,16715,0,|zm_factory_zombie.ai_am|animmappingtable|spawner_zm_factory_zombie|aitype|maps/zm/zm_nightmare.d3dbsp|col_map|zone_source/zm_nightmare.zone|csv
762,xanim,ai_zombie_base_boardtear_aligned_m_4_grab,15268,0,|zm_factory_zombie.ai_am|animmappingtable|spawner_zm_factory_zombie|aitype|maps/zm/zm_nightmare.d3dbsp|col_map|zone_source/zm_nightmare.zone|csv
763,xanim,ai_zombie_base_boardtear_aligned_m_5_grab,19121,0,|zm_factory_zombie.ai_am|animmappingtable|spawner_zm_factory_zombie|aitype|maps/zm/zm_nightmare.d3dbsp|col_map|zone_source/zm_nightmare.zone|csv
764,xanim,ai_zombie_base_boardtear_aligned_m_6_grab,15489,0,|zm_factory_zombie.ai_am|animmappingtable|spawner_zm_factory_zombie|aitype|maps/zm/zm_nightmare.d3dbsp|col_map|zone_source/zm_nightmare.zone|csv
765,xanim,ai_zombie_base_boardtear_aligned_r_1_grab,14647,0,|zm_factory_zombie.ai_am|animmappingtable|spawner_zm_factory_zombie|aitype|maps/zm/zm_nightmare.d3dbsp|col_map|zone_source/zm_nightmare.zone|csv
766,xanim,ai_zombie_base_boardtear_aligned_r_2_grab,14368,0,|zm_factory_zombie.ai_am|animmappingtable|spawner_zm_factory_zombie|aitype|maps/zm/zm_nightmare.d3dbsp|col_map|zone_source/zm_nightmare.zone|csv
767,xanim,ai_zombie_base_boardtear_aligned_r_3_grab,14859,0,|zm_factory_zombie.ai_am|animmappingtable|spawner_zm_factory_zombie|aitype|maps/zm/zm_nightmare.d3dbsp|col_map|zone_source/zm_nightmare.zone|csv
768,xanim,ai_zombie_base_boardtear_aligned_r_4_grab,14273,0,|zm_factory_zombie.ai_am|animmappingtable|spawner_zm_factory_zombie|aitype|maps/zm/zm_nightmare.d3dbsp|col_map|zone_source/zm_nightmare.zone|csv
769,xanim,ai_zombie_base_boardtear_aligned_r_5_grab,15531,0,|zm_factory_zombie.ai_am|animmappingtable|spawner_zm_factory_zombie|aitype|maps/zm/zm_nightmare.d3dbsp|col_map|zone_source/zm_nightmare.zone|csv
770,xanim,ai_zombie_base_boardtear_aligned_r_6_grab,15252,0,|zm_factory_zombie.ai_am|animmappingtable|spawner_zm_factory_zombie|aitype|maps/zm/zm_nightmare.d3dbsp|col_map|zone_source/zm_nightmare.zone|csv
771,xanim,ai_zombie_base_boardtear_aligned_l_1_hold,8263,0,|zm_factory_zombie.ai_am|animmappingtable|spawner_zm_factory_zombie|aitype|maps/zm/zm_nightmare.d3dbsp|col_map|zone_source/zm_nightmare.zone|csv
772,xanim,ai_zombie_base_boardtear_aligned_l_2_hold,8672,0,|zm_factory_zombie.ai_am|animmappingtable|spawner_zm_factory_zombie|aitype|maps/zm/zm_nightmare.d3dbsp|col_map|zone_source/zm_nightmare.zone|csv
773,xanim,ai_zombie_base_boardtear_aligned_l_3_hold,7295,0,|zm_factory_zombie.ai_am|animmappingtable|spawner_zm_factory_zombie|aitype|maps/zm/zm_nightmare.d3dbsp|col_map|zone_source/zm_nightmare.zone|csv
774,xanim,ai_zombie_base_boardtear_aligned_l_4_hold,9453,0,|zm_factory_zombie.ai_am|animmappingtable|spawner_zm_factory_zombie|aitype|maps/zm/zm_nightmare.d3dbsp|col_map|zone_source/zm_nightmare.zone|csv
775,xanim,ai_zombie_base_boardtear_aligned_l_5_hold,6005,0,|zm_factory_zombie.ai_am|animmappingtable|spawner_zm_factory_zombie|aitype|maps/zm/zm_nightmare.d3dbsp|col_map|zone_source/zm_nightmare.zone|csv
776,xanim,ai_zombie_base_boardtear_aligned_l_6_hold,7952,0,|zm_factory_zombie.ai_am|animmappingtable|spawner_zm_factory_zombie|aitype|maps/zm/zm_nightmare.d3dbsp|col_map|zone_source/zm_nightmare.zone|csv
777,xanim,ai_zombie_base_boardtear_aligned_m_1_hold,9505,0,|zm_factory_zombie.ai_am|animmappingtable|spawner_zm_factory_zombie|aitype|maps/zm/zm_nightmare.d3dbsp|col_map|zone_source/zm_nightmare.zone|csv
778,xanim,ai_zombie_base_boardtear_aligned_m_2_hold,8233,0,|zm_factory_zombie.ai_am|animmappingtable|spawner_zm_factory_zombie|aitype|maps/zm/zm_nightmare.d3dbsp|col_map|zone_source/zm_nightmare.zone|csv
779,xanim,ai_zombie_base_boardtear_aligned_m_3_hold,7133,0,|zm_factory_zombie.ai_am|animmappingtable|spawner_zm_factory_zombie|aitype|maps/zm/zm_nightmare.d3dbsp|col_map|zone_source/zm_nightmare.zone|csv
780,xanim,ai_zombie_base_boardtear_aligned_m_4_hold,10017,0,|zm_factory_zombie.ai_am|animmappingtable|spawner_zm_factory_zombie|aitype|maps/zm/zm_nightmare.d3dbsp|col_map|zone_source/zm_nightmare.zone|csv
781,xanim,ai_zombie_base_boardtear_aligned_m_5_hold,4974,0,|zm_factory_zombie.ai_am|animmappingtable|spawner_zm_factory_zombie|aitype|maps/zm/zm_nightmare.d3dbsp|col_map|zone_source/zm_nightmare.zone|csv
782,xanim,ai_zombie_base_boardtear_aligned_m_6_hold,7898,0,|zm_factory_zombie.ai_am|animmappingtable|spawner_zm_factory_zombie|aitype|maps/zm/zm_nightmare.d3dbsp|col_map|zone_source/zm_nightmare.zone|csv
783,xanim,ai_zombie_base_boardtear_aligned_r_1_hold,10742,0,|zm_factory_zombie.ai_am|animmappingtable|spawner_zm_factory_zombie|aitype|maps/zm/zm_nightmare.d3dbsp|col_map|zone_source/zm_nightmare.zone|csv
784,xanim,ai_zombie_base_boardtear_aligned_r_2_hold,7253,0,|zm_factory_zombie.ai_am|animmappingtable|spawner_zm_factory_zombie|aitype|maps/zm/zm_nightmare.d3dbsp|col_map|zone_source/zm_nightmare.zone|csv
785,xanim,ai_zombie_base_boardtear_aligned_r_3_hold,6663,0,|zm_factory_zombie.ai_am|animmappingtable|spawner_zm_factory_zombie|aitype|maps/zm/zm_nightmare.d3dbsp|col_map|zone_source/zm_nightmare.zone|csv
786,xanim,ai_zombie_base_boardtear_aligned_r_4_hold,6653,0,|zm_factory_zombie.ai_am|animmappingtable|spawner_zm_factory_zombie|aitype|maps/zm/zm_nightmare.d3dbsp|col_map|zone_source/zm_nightmare.zone|csv
787,xanim,ai_zombie_base_boardtear_aligned_r_5_hold,6037,0,|zm_factory_zombie.ai_am|animmappingtable|spawner_zm_factory_zombie|aitype|maps/zm/zm_nightmare.d3dbsp|col_map|zone_source/zm_nightmare.zone|csv
788,xanim,ai_zombie_base_boardtear_aligned_r_6_hold,5130,0,|zm_factory_zombie.ai_am|animmappingtable|spawner_zm_factory_zombie|aitype|maps/zm/zm_nightmare.d3dbsp|col_map|zone_source/zm_nightmare.zone|csv
789,xanim,ai_zombie_base_idle_ad_v1,24658,0,|zm_factory_zombie.ai_am|animmappingtable|spawner_zm_factory_zombie|aitype|maps/zm/zm_nightmare.d3dbsp|col_map|zone_source/zm_nightmare.zone|csv
790,xanim,ai_zombie_base_idle_au_v1,25444,0,|zm_factory_zombie.ai_am|animmappingtable|spawner_zm_factory_zombie|aitype|maps/zm/zm_nightmare.d3dbsp|col_map|zone_source/zm_nightmare.zone|csv
791,xanim,ai_zombie_dr_jump_down_127,18242,0,|zm_factory_zombie.ai_am|animmappingtable|spawner_zm_factory_zombie|aitype|maps/zm/zm_nightmare.d3dbsp|col_map|zone_source/zm_nightmare.zone|csv
792,xanim,ai_zombie_dr_crawl_jump_down_127,24831,0,|zm_factory_zombie.ai_am|animmappingtable|spawner_zm_factory_zombie|aitype|maps/zm/zm_nightmare.d3dbsp|col_map|zone_source/zm_nightmare.zone|csv
793,xanim,ai_zombie_dr_jump_down_184,18108,0,|zm_factory_zombie.ai_am|animmappingtable|spawner_zm_factory_zombie|aitype|maps/zm/zm_nightmare.d3dbsp|col_map|zone_source/zm_nightmare.zone|csv
794,xanim,ai_zombie_dr_crawl_jump_down_184,24729,0,|zm_factory_zombie.ai_am|animmappingtable|spawner_zm_factory_zombie|aitype|maps/zm/zm_nightmare.d3dbsp|col_map|zone_source/zm_nightmare.zone|csv
795,xanim,ai_zombie_dr_jump_down_190,18189,0,|zm_factory_zombie.ai_am|animmappingtable|spawner_zm_factory_zombie|aitype|maps/zm/zm_nightmare.d3dbsp|col_map|zone_source/zm_nightmare.zone|csv
796,xanim,ai_zombie_dr_crawl_jump_down_190,24383,0,|zm_factory_zombie.ai_am|animmappingtable|spawner_zm_factory_zombie|aitype|maps/zm/zm_nightmare.d3dbsp|col_map|zone_source/zm_nightmare.zone|csv
797,xanim,ai_zombie_dr_jump_down_72,15787,0,|zm_factory_zombie.ai_am|animmappingtable|spawner_zm_factory_zombie|aitype|maps/zm/zm_nightmare.d3dbsp|col_map|zone_source/zm_nightmare.zone|csv
798,xanim,ai_zombie_crawl_dr_jump_down_72,21347,0,|zm_factory_zombie.ai_am|animmappingtable|spawner_zm_factory_zombie|aitype|maps/zm/zm_nightmare.d3dbsp|col_map|zone_source/zm_nightmare.zone|csv
799,xanim,ai_zombie_dr_jump_down_96,15382,0,|zm_factory_zombie.ai_am|animmappingtable|spawner_zm_factory_zombie|aitype|maps/zm/zm_nightmare.d3dbsp|col_map|zone_source/zm_nightmare.zone|csv
800,xanim,ai_zombie_crawl_dr_jump_down_96,21253,0,|zm_factory_zombie.ai_am|animmappingtable|spawner_zm_factory_zombie|aitype|maps/zm/zm_nightmare.d3dbsp|col_map|zone_source/zm_nightmare.zone|csv
801,xanim,ai_zombie_dr_jump_up_2_climb,51866,0,|zm_factory_zombie.ai_am|animmappingtable|spawner_zm_factory_zombie|aitype|maps/zm/zm_nightmare.d3dbsp|col_map|zone_source/zm_nightmare.zone|csv
802,xanim,ai_zombie_dr_crawl_jump_up_2_climb,82474,0,|zm_factory_zombie.ai_am|animmappingtable|spawner_zm_factory_zombie|aitype|maps/zm/zm_nightmare.d3dbsp|col_map|zone_source/zm_nightmare.zone|csv
803,xanim,ai_zombie_base_ad_attack_v1,24837,0,|zm_factory_zombie.ai_am|animmappingtable|spawner_zm_factory_zombie|aitype|maps/zm/zm_nightmare.d3dbsp|col_map|zone_source/zm_nightmare.zone|csv
804,xanim,ai_zombie_base_ad_attack_v2,86292,0,|zm_factory_zombie.ai_am|animmappingtable|spawner_zm_factory_zombie|aitype|maps/zm/zm_nightmare.d3dbsp|col_map|zone_source/zm_nightmare.zone|csv
805,xanim,ai_zombie_base_ad_attack_v3,85880,0,|zm_factory_zombie.ai_am|animmappingtable|spawner_zm_factory_zombie|aitype|maps/zm/zm_nightmare.d3dbsp|col_map|zone_source/zm_nightmare.zone|csv
806,xanim,ai_zombie_base_ad_attack_v4,85880,0,|zm_factory_zombie.ai_am|animmappingtable|spawner_zm_factory_zombie|aitype|maps/zm/zm_nightmare.d3dbsp|col_map|zone_source/zm_nightmare.zone|csv
807,xanim,ai_zombie_base_au_attack_v1,24556,0,|zm_factory_zombie.ai_am|animmappingtable|spawner_zm_factory_zombie|aitype|maps/zm/zm_nightmare.d3dbsp|col_map|zone_source/zm_nightmare.zone|csv
808,xanim,ai_zombie_base_au_attack_v2,86402,0,|zm_factory_zombie.ai_am|animmappingtable|spawner_zm_factory_zombie|aitype|maps/zm/zm_nightmare.d3dbsp|col_map|zone_source/zm_nightmare.zone|csv
809,xanim,ai_zombie_base_au_attack_v3,85952,0,|zm_factory_zombie.ai_am|animmappingtable|spawner_zm_factory_zombie|aitype|maps/zm/zm_nightmare.d3dbsp|col_map|zone_source/zm_nightmare.zone|csv
810,xanim,ai_zombie_base_au_attack_v4,85984,0,|zm_factory_zombie.ai_am|animmappingtable|spawner_zm_factory_zombie|aitype|maps/zm/zm_nightmare.d3dbsp|col_map|zone_source/zm_nightmare.zone|csv
811,xanim,ai_zombie_base_run_ad_attack_v1,13916,0,|zm_factory_zombie.ai_am|animmappingtable|spawner_zm_factory_zombie|aitype|maps/zm/zm_nightmare.d3dbsp|col_map|zone_source/zm_nightmare.zone|csv
812,xanim,ai_zombie_base_run_ad_attack_v2,13410,0,|zm_factory_zombie.ai_am|animmappingtable|spawner_zm_factory_zombie|aitype|maps/zm/zm_nightmare.d3dbsp|col_map|zone_source/zm_nightmare.zone|csv
813,xanim,ai_zombie_base_run_ad_attack_v3,10499,0,|zm_factory_zombie.ai_am|animmappingtable|spawner_zm_factory_zombie|aitype|maps/zm/zm_nightmare.d3dbsp|col_map|zone_source/zm_nightmare.zone|csv
814,xanim,ai_zombie_base_run_ad_attack_v4,12751,0,|zm_factory_zombie.ai_am|animmappingtable|spawner_zm_factory_zombie|aitype|maps/zm/zm_nightmare.d3dbsp|col_map|zone_source/zm_nightmare.zone|csv
815,xanim,ai_zombie_base_run_au_attack_v1,13880,0,|zm_factory_zombie.ai_am|animmappingtable|spawner_zm_factory_zombie|aitype|maps/zm/zm_nightmare.d3dbsp|col_map|zone_source/zm_nightmare.zone|csv
816,xanim,ai_zombie_base_run_au_attack_v2,13113,0,|zm_factory_zombie.ai_am|animmappingtable|spawner_zm_factory_zombie|aitype|maps/zm/zm_nightmare.d3dbsp|col_map|zone_source/zm_nightmare.zone|csv
817,xanim,ai_zombie_base_run_au_attack_v3,10198,0,|zm_factory_zombie.ai_am|animmappingtable|spawner_zm_factory_zombie|aitype|maps/zm/zm_nightmare.d3dbsp|col_map|zone_source/zm_nightmare.zone|csv
818,xanim,ai_zombie_base_run_au_attack_v4,12655,0,|zm_factory_zombie.ai_am|animmappingtable|spawner_zm_factory_zombie|aitype|maps/zm/zm_nightmare.d3dbsp|col_map|zone_source/zm_nightmare.zone|csv
819,xanim,ai_zombie_base_fwd_ad_attack_v1,29460,0,|zm_factory_zombie.ai_am|animmappingtable|spawner_zm_factory_zombie|aitype|maps/zm/zm_nightmare.d3dbsp|col_map|zone_source/zm_nightmare.zone|csv
820,xanim,ai_zombie_base_fwd_ad_attack_v2,42462,0,|zm_factory_zombie.ai_am|animmappingtable|spawner_zm_factory_zombie|aitype|maps/zm/zm_nightmare.d3dbsp|col_map|zone_source/zm_nightmare.zone|csv
821,xanim,ai_zombie_base_walk_ad_attack_v1,24045,0,|zm_factory_zombie.ai_am|animmappingtable|spawner_zm_factory_zombie|aitype|maps/zm/zm_nightmare.d3dbsp|col_map|zone_source/zm_nightmare.zone|csv
822,xanim,ai_zombie_base_walk_ad_attack_v2,24928,0,|zm_factory_zombie.ai_am|animmappingtable|spawner_zm_factory_zombie|aitype|maps/zm/zm_nightmare.d3dbsp|col_map|zone_source/zm_nightmare.zone|csv
823,xanim,ai_zombie_base_walk_ad_attack_v3,26778,0,|zm_factory_zombie.ai_am|animmappingtable|spawner_zm_factory_zombie|aitype|maps/zm/zm_nightmare.d3dbsp|col_map|zone_source/zm_nightmare.zone|csv
824,xanim,ai_zombie_base_walk_ad_attack_v4,30816,0,|zm_factory_zombie.ai_am|animmappingtable|spawner_zm_factory_zombie|aitype|maps/zm/zm_nightmare.d3dbsp|col_map|zone_source/zm_nightmare.zone|csv
825,xanim,ai_zombie_base_walk_au_attack_v1,24248,0,|zm_factory_zombie.ai_am|animmappingtable|spawner_zm_factory_zombie|aitype|maps/zm/zm_nightmare.d3dbsp|col_map|zone_source/zm_nightmare.zone|csv
826,xanim,ai_zombie_base_walk_au_attack_v2,24882,0,|zm_factory_zombie.ai_am|animmappingtable|spawner_zm_factory_zombie|aitype|maps/zm/zm_nightmare.d3dbsp|col_map|zone_source/zm_nightmare.zone|csv
827,xanim,ai_zombie_base_walk_au_attack_v3,26854,0,|zm_factory_zombie.ai_am|animmappingtable|spawner_zm_factory_zombie|aitype|maps/zm/zm_nightmare.d3dbsp|col_map|zone_source/zm_nightmare.zone|csv
828,xanim,ai_zombie_base_walk_au_attack_v4,30853,0,|zm_factory_zombie.ai_am|animmappingtable|spawner_zm_factory_zombie|aitype|maps/zm/zm_nightmare.d3dbsp|col_map|zone_source/zm_nightmare.zone|csv
829,xanim,ai_zombie_base_crawl_win_trav_l_v1,61524,0,|zm_factory_zombie.ai_am|animmappingtable|spawner_zm_factory_zombie|aitype|maps/zm/zm_nightmare.d3dbsp|col_map|zone_source/zm_nightmare.zone|csv
830,xanim,ai_zombie_base_crawl_win_trav_m_v1,58571,0,|zm_factory_zombie.ai_am|animmappingtable|spawner_zm_factory_zombie|aitype|maps/zm/zm_nightmare.d3dbsp|col_map|zone_source/zm_nightmare.zone|csv
831,xanim,ai_zombie_base_crawl_win_trav_m_v2,59257,0,|zm_factory_zombie.ai_am|animmappingtable|spawner_zm_factory_zombie|aitype|maps/zm/zm_nightmare.d3dbsp|col_map|zone_source/zm_nightmare.zone|csv
832,xanim,ai_zombie_base_crawl_win_trav_r_v1,59056,0,|zm_factory_zombie.ai_am|animmappingtable|spawner_zm_factory_zombie|aitype|maps/zm/zm_nightmare.d3dbsp|col_map|zone_source/zm_nightmare.zone|csv
833,xanim,ai_zombie_base_crawl_run_win_trav_l_v1,39203,0,|zm_factory_zombie.ai_am|animmappingtable|spawner_zm_factory_zombie|aitype|maps/zm/zm_nightmare.d3dbsp|col_map|zone_source/zm_nightmare.zone|csv
834,xanim,ai_zombie_base_crawl_run_win_trav_r_v1,44645,0,|zm_factory_zombie.ai_am|animmappingtable|spawner_zm_factory_zombie|aitype|maps/zm/zm_nightmare.d3dbsp|col_map|zone_source/zm_nightmare.zone|csv
835,xanim,ai_zombie_base_crawl_sprint_win_trav_l_v1,28284,0,|zm_factory_zombie.ai_am|animmappingtable|spawner_zm_factory_zombie|aitype|maps/zm/zm_nightmare.d3dbsp|col_map|zone_source/zm_nightmare.zone|csv
836,xanim,ai_zombie_base_crawl_sprint_win_trav_r_v1,27702,0,|zm_factory_zombie.ai_am|animmappingtable|spawner_zm_factory_zombie|aitype|maps/zm/zm_nightmare.d3dbsp|col_map|zone_source/zm_nightmare.zone|csv
837,xanim,ai_zombie_base_crawl_dth_tesla_a,28762,0,|zm_factory_zombie.ai_am|animmappingtable|spawner_zm_factory_zombie|aitype|maps/zm/zm_nightmare.d3dbsp|col_map|zone_source/zm_nightmare.zone|csv
838,xanim,ai_zombie_base_crawl_dth_tesla_b,28316,0,|zm_factory_zombie.ai_am|animmappingtable|spawner_zm_factory_zombie|aitype|maps/zm/zm_nightmare.d3dbsp|col_map|zone_source/zm_nightmare.zone|csv
839,xanim,ai_zombie_base_crawl_boardtear_aligned_l_1_grab,4967,0,|zm_factory_zombie.ai_am|animmappingtable|spawner_zm_factory_zombie|aitype|maps/zm/zm_nightmare.d3dbsp|col_map|zone_source/zm_nightmare.zone|csv
840,xanim,ai_zombie_base_crawl_boardtear_aligned_l_2_grab,25129,0,|zm_factory_zombie.ai_am|animmappingtable|spawner_zm_factory_zombie|aitype|maps/zm/zm_nightmare.d3dbsp|col_map|zone_source/zm_nightmare.zone|csv
841,xanim,ai_zombie_base_crawl_boardtear_aligned_l_3_grab,22569,0,|zm_factory_zombie.ai_am|animmappingtable|spawner_zm_factory_zombie|aitype|maps/zm/zm_nightmare.d3dbsp|col_map|zone_source/zm_nightmare.zone|csv
842,xanim,ai_zombie_base_crawl_boardtear_aligned_l_4_grab,39727,0,|zm_factory_zombie.ai_am|animmappingtable|spawner_zm_factory_zombie|aitype|maps/zm/zm_nightmare.d3dbsp|col_map|zone_source/zm_nightmare.zone|csv
843,xanim,ai_zombie_base_crawl_boardtear_aligned_l_5_grab,23501,0,|zm_factory_zombie.ai_am|animmappingtable|spawner_zm_factory_zombie|aitype|maps/zm/zm_nightmare.d3dbsp|col_map|zone_source/zm_nightmare.zone|csv
844,xanim,ai_zombie_base_crawl_boardtear_aligned_l_6_grab,13461,0,|zm_factory_zombie.ai_am|animmappingtable|spawner_zm_factory_zombie|aitype|maps/zm/zm_nightmare.d3dbsp|col_map|zone_source/zm_nightmare.zone|csv
845,xanim,ai_zombie_base_crawl_boardtear_aligned_m_1_grab,19987,0,|zm_factory_zombie.ai_am|animmappingtable|spawner_zm_factory_zombie|aitype|maps/zm/zm_nightmare.d3dbsp|col_map|zone_source/zm_nightmare.zone|csv
846,xanim,ai_zombie_base_crawl_boardtear_aligned_m_2_grab,35728,0,|zm_factory_zombie.ai_am|animmappingtable|spawner_zm_factory_zombie|aitype|maps/zm/zm_nightmare.d3dbsp|col_map|zone_source/zm_nightmare.zone|csv
847,xanim,ai_zombie_base_crawl_boardtear_aligned_m_3_grab,46706,0,|zm_factory_zombie.ai_am|animmappingtable|spawner_zm_factory_zombie|aitype|maps/zm/zm_nightmare.d3dbsp|col_map|zone_source/zm_nightmare.zone|csv
848,xanim,ai_zombie_base_crawl_boardtear_aligned_m_4_grab,52987,0,|zm_factory_zombie.ai_am|animmappingtable|spawner_zm_factory_zombie|aitype|maps/zm/zm_nightmare.d3dbsp|col_map|zone_source/zm_nightmare.zone|csv
849,xanim,ai_zombie_base_crawl_boardtear_aligned_m_5_grab,38435,0,|zm_factory_zombie.ai_am|animmappingtable|spawner_zm_factory_zombie|aitype|maps/zm/zm_nightmare.d3dbsp|col_map|zone_source/zm_nightmare.zone|csv
850,xanim,ai_zombie_base_crawl_boardtear_aligned_m_6_grab,15328,0,|zm_factory_zombie.ai_am|animmappingtable|spawner_zm_factory_zombie|aitype|maps/zm/zm_nightmare.d3dbsp|col_map|zone_source/zm_nightmare.zone|csv
851,xanim,ai_zombie_base_crawl_boardtear_aligned_r_1_grab,39300,0,|zm_factory_zombie.ai_am|animmappingtable|spawner_zm_factory_zombie|aitype|maps/zm/zm_nightmare.d3dbsp|col_map|zone_source/zm_nightmare.zone|csv
852,xanim,ai_zombie_base_crawl_boardtear_aligned_r_2_grab,32945,0,|zm_factory_zombie.ai_am|animmappingtable|spawner_zm_factory_zombie|aitype|maps/zm/zm_nightmare.d3dbsp|col_map|zone_source/zm_nightmare.zone|csv
853,xanim,ai_zombie_base_crawl_boardtear_aligned_r_3_grab,41837,0,|zm_factory_zombie.ai_am|animmappingtable|spawner_zm_factory_zombie|aitype|maps/zm/zm_nightmare.d3dbsp|col_map|zone_source/zm_nightmare.zone|csv
854,xanim,ai_zombie_base_crawl_boardtear_aligned_r_4_grab,47309,0,|zm_factory_zombie.ai_am|animmappingtable|spawner_zm_factory_zombie|aitype|maps/zm/zm_nightmare.d3dbsp|col_map|zone_source/zm_nightmare.zone|csv
855,xanim,ai_zombie_base_crawl_boardtear_aligned_r_5_grab,28748,0,|zm_factory_zombie.ai_am|animmappingtable|spawner_zm_factory_zombie|aitype|maps/zm/zm_nightmare.d3dbsp|col_map|zone_source/zm_nightmare.zone|csv
856,xanim,ai_zombie_base_crawl_boardtear_aligned_r_6_grab,23015,0,|zm_factory_zombie.ai_am|animmappingtable|spawner_zm_factory_zombie|aitype|maps/zm/zm_nightmare.d3dbsp|col_map|zone_source/zm_nightmare.zone|csv
857,xanim,ai_zombie_base_crawl_boardtear_aligned_l_1_hold,25376,0,|zm_factory_zombie.ai_am|animmappingtable|spawner_zm_factory_zombie|aitype|maps/zm/zm_nightmare.d3dbsp|col_map|zone_source/zm_nightmare.zone|csv
858,xanim,ai_zombie_base_crawl_boardtear_aligned_l_2_hold,8162,0,|zm_factory_zombie.ai_am|animmappingtable|spawner_zm_factory_zombie|aitype|maps/zm/zm_nightmare.d3dbsp|col_map|zone_source/zm_nightmare.zone|csv
859,xanim,ai_zombie_base_crawl_boardtear_aligned_l_3_hold,6414,0,|zm_factory_zombie.ai_am|animmappingtable|spawner_zm_factory_zombie|aitype|maps/zm/zm_nightmare.d3dbsp|col_map|zone_source/zm_nightmare.zone|csv
860,xanim,ai_zombie_base_crawl_boardtear_aligned_l_4_hold,7337,0,|zm_factory_zombie.ai_am|animmappingtable|spawner_zm_factory_zombie|aitype|maps/zm/zm_nightmare.d3dbsp|col_map|zone_source/zm_nightmare.zone|csv
861,xanim,ai_zombie_base_crawl_boardtear_aligned_l_5_hold,6935,0,|zm_factory_zombie.ai_am|animmappingtable|spawner_zm_factory_zombie|aitype|maps/zm/zm_nightmare.d3dbsp|col_map|zone_source/zm_nightmare.zone|csv
862,xanim,ai_zombie_base_crawl_boardtear_aligned_l_6_hold,5400,0,|zm_factory_zombie.ai_am|animmappingtable|spawner_zm_factory_zombie|aitype|maps/zm/zm_nightmare.d3dbsp|col_map|zone_source/zm_nightmare.zone|csv
863,xanim,ai_zombie_base_crawl_boardtear_aligned_m_1_hold,8345,0,|zm_factory_zombie.ai_am|animmappingtable|spawner_zm_factory_zombie|aitype|maps/zm/zm_nightmare.d3dbsp|col_map|zone_source/zm_nightmare.zone|csv
864,xanim,ai_zombie_base_crawl_boardtear_aligned_m_2_hold,5935,0,|zm_factory_zombie.ai_am|animmappingtable|spawner_zm_factory_zombie|aitype|maps/zm/zm_nightmare.d3dbsp|col_map|zone_source/zm_nightmare.zone|csv
865,xanim,ai_zombie_base_crawl_boardtear_aligned_m_3_hold,8005,0,|zm_factory_zombie.ai_am|animmappingtable|spawner_zm_factory_zombie|aitype|maps/zm/zm_nightmare.d3dbsp|col_map|zone_source/zm_nightmare.zone|csv
866,xanim,ai_zombie_base_crawl_boardtear_aligned_m_4_hold,7688,0,|zm_factory_zombie.ai_am|animmappingtable|spawner_zm_factory_zombie|aitype|maps/zm/zm_nightmare.d3dbsp|col_map|zone_source/zm_nightmare.zone|csv
867,xanim,ai_zombie_base_crawl_boardtear_aligned_m_5_hold,5651,0,|zm_factory_zombie.ai_am|animmappingtable|spawner_zm_factory_zombie|aitype|maps/zm/zm_nightmare.d3dbsp|col_map|zone_source/zm_nightmare.zone|csv
868,xanim,ai_zombie_base_crawl_boardtear_aligned_m_6_hold,5088,0,|zm_factory_zombie.ai_am|animmappingtable|spawner_zm_factory_zombie|aitype|maps/zm/zm_nightmare.d3dbsp|col_map|zone_source/zm_nightmare.zone|csv
869,xanim,ai_zombie_base_crawl_boardtear_aligned_r_1_hold,5020,0,|zm_factory_zombie.ai_am|animmappingtable|spawner_zm_factory_zombie|aitype|maps/zm/zm_nightmare.d3dbsp|col_map|zone_source/zm_nightmare.zone|csv
870,xanim,ai_zombie_base_crawl_boardtear_aligned_r_2_hold,6407,0,|zm_factory_zombie.ai_am|animmappingtable|spawner_zm_factory_zombie|aitype|maps/zm/zm_nightmare.d3dbsp|col_map|zone_source/zm_nightmare.zone|csv
871,xanim,ai_zombie_base_crawl_boardtear_aligned_r_3_hold,6007,0,|zm_factory_zombie.ai_am|animmappingtable|spawner_zm_factory_zombie|aitype|maps/zm/zm_nightmare.d3dbsp|col_map|zone_source/zm_nightmare.zone|csv
872,xanim,ai_zombie_base_crawl_boardtear_aligned_r_4_hold,5555,0,|zm_factory_zombie.ai_am|animmappingtable|spawner_zm_factory_zombie|aitype|maps/zm/zm_nightmare.d3dbsp|col_map|zone_source/zm_nightmare.zone|csv
873,xanim,ai_zombie_base_crawl_boardtear_aligned_r_5_hold,4274,0,|zm_factory_zombie.ai_am|animmappingtable|spawner_zm_factory_zombie|aitype|maps/zm/zm_nightmare.d3dbsp|col_map|zone_source/zm_nightmare.zone|csv
874,xanim,ai_zombie_base_crawl_boardtear_aligned_r_6_hold,9984,0,|zm_factory_zombie.ai_am|animmappingtable|spawner_zm_factory_zombie|aitype|maps/zm/zm_nightmare.d3dbsp|col_map|zone_source/zm_nightmare.zone|csv
875,xanim,ai_zombie_base_crawl_idle_v1,29697,0,|zm_factory_zombie.ai_am|animmappingtable|spawner_zm_factory_zombie|aitype|maps/zm/zm_nightmare.d3dbsp|col_map|zone_source/zm_nightmare.zone|csv
876,xanim,ai_zombie_base_crawl_attack_v1,32500,0,|zm_factory_zombie.ai_am|animmappingtable|spawner_zm_factory_zombie|aitype|maps/zm/zm_nightmare.d3dbsp|col_map|zone_source/zm_nightmare.zone|csv
877,xanim,ai_zombie_base_crawl_attack_v2,23124,0,|zm_factory_zombie.ai_am|animmappingtable|spawner_zm_factory_zombie|aitype|maps/zm/zm_nightmare.d3dbsp|col_map|zone_source/zm_nightmare.zone|csv
878,xanim,ai_zombie_base_crawl_boardtear_aligned_l_1_pull,21339,0,|zm_factory_zombie.ai_am|animmappingtable|spawner_zm_factory_zombie|aitype|maps/zm/zm_nightmare.d3dbsp|col_map|zone_source/zm_nightmare.zone|csv
879,xanim,ai_zombie_base_crawl_boardtear_aligned_l_2_pull,18167,0,|zm_factory_zombie.ai_am|animmappingtable|spawner_zm_factory_zombie|aitype|maps/zm/zm_nightmare.d3dbsp|col_map|zone_source/zm_nightmare.zone|csv
880,xanim,ai_zombie_base_crawl_boardtear_aligned_l_3_pull,26392,0,|zm_factory_zombie.ai_am|animmappingtable|spawner_zm_factory_zombie|aitype|maps/zm/zm_nightmare.d3dbsp|col_map|zone_source/zm_nightmare.zone|csv
881,xanim,ai_zombie_base_crawl_boardtear_aligned_l_4_pull,41542,0,|zm_factory_zombie.ai_am|animmappingtable|spawner_zm_factory_zombie|aitype|maps/zm/zm_nightmare.d3dbsp|col_map|zone_source/zm_nightmare.zone|csv
882,xanim,ai_zombie_base_crawl_boardtear_aligned_l_5_pull,21735,0,|zm_factory_zombie.ai_am|animmappingtable|spawner_zm_factory_zombie|aitype|maps/zm/zm_nightmare.d3dbsp|col_map|zone_source/zm_nightmare.zone|csv
883,xanim,ai_zombie_base_crawl_boardtear_aligned_l_6_pull,23253,0,|zm_factory_zombie.ai_am|animmappingtable|spawner_zm_factory_zombie|aitype|maps/zm/zm_nightmare.d3dbsp|col_map|zone_source/zm_nightmare.zone|csv
884,xanim,ai_zombie_base_crawl_boardtear_aligned_m_1_pull,25039,0,|zm_factory_zombie.ai_am|animmappingtable|spawner_zm_factory_zombie|aitype|maps/zm/zm_nightmare.d3dbsp|col_map|zone_source/zm_nightmare.zone|csv
885,xanim,ai_zombie_base_crawl_boardtear_aligned_m_2_pull,20065,0,|zm_factory_zombie.ai_am|animmappingtable|spawner_zm_factory_zombie|aitype|maps/zm/zm_nightmare.d3dbsp|col_map|zone_source/zm_nightmare.zone|csv
886,xanim,ai_zombie_base_crawl_boardtear_aligned_m_3_pull,20420,0,|zm_factory_zombie.ai_am|animmappingtable|spawner_zm_factory_zombie|aitype|maps/zm/zm_nightmare.d3dbsp|col_map|zone_source/zm_nightmare.zone|csv
887,xanim,ai_zombie_base_crawl_boardtear_aligned_m_4_pull,25243,0,|zm_factory_zombie.ai_am|animmappingtable|spawner_zm_factory_zombie|aitype|maps/zm/zm_nightmare.d3dbsp|col_map|zone_source/zm_nightmare.zone|csv
888,xanim,ai_zombie_base_crawl_boardtear_aligned_m_5_pull,23376,0,|zm_factory_zombie.ai_am|animmappingtable|spawner_zm_factory_zombie|aitype|maps/zm/zm_nightmare.d3dbsp|col_map|zone_source/zm_nightmare.zone|csv
889,xanim,ai_zombie_base_crawl_boardtear_aligned_m_6_pull,27997,0,|zm_factory_zombie.ai_am|animmappingtable|spawner_zm_factory_zombie|aitype|maps/zm/zm_nightmare.d3dbsp|col_map|zone_source/zm_nightmare.zone|csv
890,xanim,ai_zombie_base_crawl_boardtear_aligned_r_1_pull,24245,0,|zm_factory_zombie.ai_am|animmappingtable|spawner_zm_factory_zombie|aitype|maps/zm/zm_nightmare.d3dbsp|col_map|zone_source/zm_nightmare.zone|csv
891,xanim,ai_zombie_base_crawl_boardtear_aligned_r_2_pull,25117,0,|zm_factory_zombie.ai_am|animmappingtable|spawner_zm_factory_zombie|aitype|maps/zm/zm_nightmare.d3dbsp|col_map|zone_source/zm_nightmare.zone|csv
892,xanim,ai_zombie_base_crawl_boardtear_aligned_r_3_pull,21169,0,|zm_factory_zombie.ai_am|animmappingtable|spawner_zm_factory_zombie|aitype|maps/zm/zm_nightmare.d3dbsp|col_map|zone_source/zm_nightmare.zone|csv
893,xanim,ai_zombie_base_crawl_boardtear_aligned_r_4_pull,20337,0,|zm_factory_zombie.ai_am|animmappingtable|spawner_zm_factory_zombie|aitype|maps/zm/zm_nightmare.d3dbsp|col_map|zone_source/zm_nightmare.zone|csv
894,xanim,ai_zombie_base_crawl_boardtear_aligned_r_5_pull,20844,0,|zm_factory_zombie.ai_am|animmappingtable|spawner_zm_factory_zombie|aitype|maps/zm/zm_nightmare.d3dbsp|col_map|zone_source/zm_nightmare.zone|csv
895,xanim,ai_zombie_base_crawl_boardtear_aligned_r_6_pull,30132,0,|zm_factory_zombie.ai_am|animmappingtable|spawner_zm_factory_zombie|aitype|maps/zm/zm_nightmare.d3dbsp|col_map|zone_source/zm_nightmare.zone|csv
896,xanim,ai_zombie_base_crawl_v1,56997,0,|zm_factory_zombie.ai_am|animmappingtable|spawner_zm_factory_zombie|aitype|maps/zm/zm_nightmare.d3dbsp|col_map|zone_source/zm_nightmare.zone|csv
897,xanim,ai_zombie_base_crawl_v2,33319,0,|zm_factory_zombie.ai_am|animmappingtable|spawner_zm_factory_zombie|aitype|maps/zm/zm_nightmare.d3dbsp|col_map|zone_source/zm_nightmare.zone|csv
898,xanim,ai_zombie_base_crawl_v3,26735,0,|zm_factory_zombie.ai_am|animmappingtable|spawner_zm_factory_zombie|aitype|maps/zm/zm_nightmare.d3dbsp|col_map|zone_source/zm_nightmare.zone|csv
899,xanim,ai_zombie_base_crawl_v4,42169,0,|zm_factory_zombie.ai_am|animmappingtable|spawner_zm_factory_zombie|aitype|maps/zm/zm_nightmare.d3dbsp|col_map|zone_source/zm_nightmare.zone|csv
900,xanim,ai_zombie_base_crawl_v5,80681,0,|zm_factory_zombie.ai_am|animmappingtable|spawner_zm_factory_zombie|aitype|maps/zm/zm_nightmare.d3dbsp|col_map|zone_source/zm_nightmare.zone|csv
901,xanim,ai_zombie_base_crawl_sprint_v1,40533,0,|zm_factory_zombie.ai_am|animmappingtable|spawner_zm_factory_zombie|aitype|maps/zm/zm_nightmare.d3dbsp|col_map|zone_source/zm_nightmare.zone|csv
902,xanim,ai_zombie_base_crawl_sprint_v2,213868,0,|zm_factory_zombie.ai_am|animmappingtable|spawner_zm_factory_zombie|aitype|maps/zm/zm_nightmare.d3dbsp|col_map|zone_source/zm_nightmare.zone|csv
903,xanim,ai_zombie_base_crawl_sprint_v3,100127,0,|zm_factory_zombie.ai_am|animmappingtable|spawner_zm_factory_zombie|aitype|maps/zm/zm_nightmare.d3dbsp|col_map|zone_source/zm_nightmare.zone|csv
904,xanim,ai_zombie_base_walk_au_pain_head_v1,57096,0,|zm_factory_zombie.ai_am|animmappingtable|spawner_zm_factory_zombie|aitype|maps/zm/zm_nightmare.d3dbsp|col_map|zone_source/zm_nightmare.zone|csv
905,xanim,ai_zombie_base_walk_au_pain_legs_v1,57005,0,|zm_factory_zombie.ai_am|animmappingtable|spawner_zm_factory_zombie|aitype|maps/zm/zm_nightmare.d3dbsp|col_map|zone_source/zm_nightmare.zone|csv
906,xanim,ai_zombie_base_walk_au_pain_torso_v1,57237,0,|zm_factory_zombie.ai_am|animmappingtable|spawner_zm_factory_zombie|aitype|maps/zm/zm_nightmare.d3dbsp|col_map|zone_source/zm_nightmare.zone|csv
907,xanim,ai_zombie_base_boardtear_aligned_l_1_pull,20280,0,|zm_factory_zombie.ai_am|animmappingtable|spawner_zm_factory_zombie|aitype|maps/zm/zm_nightmare.d3dbsp|col_map|zone_source/zm_nightmare.zone|csv
908,xanim,ai_zombie_base_boardtear_aligned_l_2_pull,26743,0,|zm_factory_zombie.ai_am|animmappingtable|spawner_zm_factory_zombie|aitype|maps/zm/zm_nightmare.d3dbsp|col_map|zone_source/zm_nightmare.zone|csv
909,xanim,ai_zombie_base_boardtear_aligned_l_3_pull,29892,0,|zm_factory_zombie.ai_am|animmappingtable|spawner_zm_factory_zombie|aitype|maps/zm/zm_nightmare.d3dbsp|col_map|zone_source/zm_nightmare.zone|csv
910,xanim,ai_zombie_base_boardtear_aligned_l_4_pull,27603,0,|zm_factory_zombie.ai_am|animmappingtable|spawner_zm_factory_zombie|aitype|maps/zm/zm_nightmare.d3dbsp|col_map|zone_source/zm_nightmare.zone|csv
911,xanim,ai_zombie_base_boardtear_aligned_l_5_pull,31985,0,|zm_factory_zombie.ai_am|animmappingtable|spawner_zm_factory_zombie|aitype|maps/zm/zm_nightmare.d3dbsp|col_map|zone_source/zm_nightmare.zone|csv
912,xanim,ai_zombie_base_boardtear_aligned_l_6_pull,23706,0,|zm_factory_zombie.ai_am|animmappingtable|spawner_zm_factory_zombie|aitype|maps/zm/zm_nightmare.d3dbsp|col_map|zone_source/zm_nightmare.zone|csv
913,xanim,ai_zombie_base_boardtear_aligned_m_1_pull,24723,0,|zm_factory_zombie.ai_am|animmappingtable|spawner_zm_factory_zombie|aitype|maps/zm/zm_nightmare.d3dbsp|col_map|zone_source/zm_nightmare.zone|csv
914,xanim,ai_zombie_base_boardtear_aligned_m_2_pull,26807,0,|zm_factory_zombie.ai_am|animmappingtable|spawner_zm_factory_zombie|aitype|maps/zm/zm_nightmare.d3dbsp|col_map|zone_source/zm_nightmare.zone|csv
915,xanim,ai_zombie_base_boardtear_aligned_m_3_pull,31186,0,|zm_factory_zombie.ai_am|animmappingtable|spawner_zm_factory_zombie|aitype|maps/zm/zm_nightmare.d3dbsp|col_map|zone_source/zm_nightmare.zone|csv
916,xanim,ai_zombie_base_boardtear_aligned_m_4_pull,31494,0,|zm_factory_zombie.ai_am|animmappingtable|spawner_zm_factory_zombie|aitype|maps/zm/zm_nightmare.d3dbsp|col_map|zone_source/zm_nightmare.zone|csv
917,xanim,ai_zombie_base_boardtear_aligned_m_5_pull,29322,0,|zm_factory_zombie.ai_am|animmappingtable|spawner_zm_factory_zombie|aitype|maps/zm/zm_nightmare.d3dbsp|col_map|zone_source/zm_nightmare.zone|csv
918,xanim,ai_zombie_base_boardtear_aligned_m_6_pull,24637,0,|zm_factory_zombie.ai_am|animmappingtable|spawner_zm_factory_zombie|aitype|maps/zm/zm_nightmare.d3dbsp|col_map|zone_source/zm_nightmare.zone|csv
919,xanim,ai_zombie_base_boardtear_aligned_r_1_pull,23176,0,|zm_factory_zombie.ai_am|animmappingtable|spawner_zm_factory_zombie|aitype|maps/zm/zm_nightmare.d3dbsp|col_map|zone_source/zm_nightmare.zone|csv
920,xanim,ai_zombie_base_boardtear_aligned_r_2_pull,21904,0,|zm_factory_zombie.ai_am|animmappingtable|spawner_zm_factory_zombie|aitype|maps/zm/zm_nightmare.d3dbsp|col_map|zone_source/zm_nightmare.zone|csv
921,xanim,ai_zombie_base_boardtear_aligned_r_3_pull,27088,0,|zm_factory_zombie.ai_am|animmappingtable|spawner_zm_factory_zombie|aitype|maps/zm/zm_nightmare.d3dbsp|col_map|zone_source/zm_nightmare.zone|csv
922,xanim,ai_zombie_base_boardtear_aligned_r_4_pull,29987,0,|zm_factory_zombie.ai_am|animmappingtable|spawner_zm_factory_zombie|aitype|maps/zm/zm_nightmare.d3dbsp|col_map|zone_source/zm_nightmare.zone|csv
923,xanim,ai_zombie_base_boardtear_aligned_r_5_pull,23654,0,|zm_factory_zombie.ai_am|animmappingtable|spawner_zm_factory_zombie|aitype|maps/zm/zm_nightmare.d3dbsp|col_map|zone_source/zm_nightmare.zone|csv
924,xanim,ai_zombie_base_boardtear_aligned_r_6_pull,22049,0,|zm_factory_zombie.ai_am|animmappingtable|spawner_zm_factory_zombie|aitype|maps/zm/zm_nightmare.d3dbsp|col_map|zone_source/zm_nightmare.zone|csv
925,xanim,ai_zombie_base_run_ad_sidestep_left_long_a,20702,0,|zm_factory_zombie.ai_am|animmappingtable|spawner_zm_factory_zombie|aitype|maps/zm/zm_nightmare.d3dbsp|col_map|zone_source/zm_nightmare.zone|csv
926,xanim,ai_zombie_base_run_ad_sidestep_left_long_b,29191,0,|zm_factory_zombie.ai_am|animmappingtable|spawner_zm_factory_zombie|aitype|maps/zm/zm_nightmare.d3dbsp|col_map|zone_source/zm_nightmare.zone|csv
927,xanim,ai_zombie_base_run_ad_sidestep_left_short_a,27075,0,|zm_factory_zombie.ai_am|animmappingtable|spawner_zm_factory_zombie|aitype|maps/zm/zm_nightmare.d3dbsp|col_map|zone_source/zm_nightmare.zone|csv
928,xanim,ai_zombie_base_run_ad_sidestep_right_long,20997,0,|zm_factory_zombie.ai_am|animmappingtable|spawner_zm_factory_zombie|aitype|maps/zm/zm_nightmare.d3dbsp|col_map|zone_source/zm_nightmare.zone|csv
929,xanim,ai_zombie_base_run_ad_sidestep_right_long_a,31658,0,|zm_factory_zombie.ai_am|animmappingtable|spawner_zm_factory_zombie|aitype|maps/zm/zm_nightmare.d3dbsp|col_map|zone_source/zm_nightmare.zone|csv
930,xanim,ai_zombie_base_run_ad_sidestep_right_short,16608,0,|zm_factory_zombie.ai_am|animmappingtable|spawner_zm_factory_zombie|aitype|maps/zm/zm_nightmare.d3dbsp|col_map|zone_source/zm_nightmare.zone|csv
931,xanim,ai_zombie_base_run_ad_v1,61789,0,|zm_factory_zombie.ai_am|animmappingtable|spawner_zm_factory_zombie|aitype|maps/zm/zm_nightmare.d3dbsp|col_map|zone_source/zm_nightmare.zone|csv
932,xanim,ai_zombie_base_run_ad_v1_pain_chest_f,61470,0,|zm_factory_zombie.ai_am|animmappingtable|spawner_zm_factory_zombie|aitype|maps/zm/zm_nightmare.d3dbsp|col_map|zone_source/zm_nightmare.zone|csv
933,xanim,ai_zombie_base_run_ad_v1_pain_chest_f_alt,61474,0,|zm_factory_zombie.ai_am|animmappingtable|spawner_zm_factory_zombie|aitype|maps/zm/zm_nightmare.d3dbsp|col_map|zone_source/zm_nightmare.zone|csv
934,xanim,ai_zombie_base_run_ad_v2,42556,0,|zm_factory_zombie.ai_am|animmappingtable|spawner_zm_factory_zombie|aitype|maps/zm/zm_nightmare.d3dbsp|col_map|zone_source/zm_nightmare.zone|csv
935,xanim,ai_zombie_base_run_ad_v12,44052,0,|zm_factory_zombie.ai_am|animmappingtable|spawner_zm_factory_zombie|aitype|maps/zm/zm_nightmare.d3dbsp|col_map|zone_source/zm_nightmare.zone|csv
936,xanim,ai_zombie_base_run_ad_v12_pain_chest_f,43984,0,|zm_factory_zombie.ai_am|animmappingtable|spawner_zm_factory_zombie|aitype|maps/zm/zm_nightmare.d3dbsp|col_map|zone_source/zm_nightmare.zone|csv
937,xanim,ai_zombie_base_run_ad_v12_pain_chest_f_alt,44001,0,|zm_factory_zombie.ai_am|animmappingtable|spawner_zm_factory_zombie|aitype|maps/zm/zm_nightmare.d3dbsp|col_map|zone_source/zm_nightmare.zone|csv
938,xanim,ai_zombie_base_run_ad_v11,56545,0,|zm_factory_zombie.ai_am|animmappingtable|spawner_zm_factory_zombie|aitype|maps/zm/zm_nightmare.d3dbsp|col_map|zone_source/zm_nightmare.zone|csv
939,xanim,ai_zombie_base_run_ad_v11_pain_chest_f,55973,0,|zm_factory_zombie.ai_am|animmappingtable|spawner_zm_factory_zombie|aitype|maps/zm/zm_nightmare.d3dbsp|col_map|zone_source/zm_nightmare.zone|csv
940,xanim,ai_zombie_base_run_ad_v11_pain_chest_f_alt,56059,0,|zm_factory_zombie.ai_am|animmappingtable|spawner_zm_factory_zombie|aitype|maps/zm/zm_nightmare.d3dbsp|col_map|zone_source/zm_nightmare.zone|csv
941,xanim,ai_zombie_base_run_ad_v14,59442,0,|zm_factory_zombie.ai_am|animmappingtable|spawner_zm_factory_zombie|aitype|maps/zm/zm_nightmare.d3dbsp|col_map|zone_source/zm_nightmare.zone|csv
942,xanim,ai_zombie_base_run_ad_v14_pain_chest_f,59023,0,|zm_factory_zombie.ai_am|animmappingtable|spawner_zm_factory_zombie|aitype|maps/zm/zm_nightmare.d3dbsp|col_map|zone_source/zm_nightmare.zone|csv
943,xanim,ai_zombie_base_run_ad_v14_pain_chest_f_alt,59040,0,|zm_factory_zombie.ai_am|animmappingtable|spawner_zm_factory_zombie|aitype|maps/zm/zm_nightmare.d3dbsp|col_map|zone_source/zm_nightmare.zone|csv
944,xanim,ai_zombie_base_run_ad_v2_pain_chest_f,42200,0,|zm_factory_zombie.ai_am|animmappingtable|spawner_zm_factory_zombie|aitype|maps/zm/zm_nightmare.d3dbsp|col_map|zone_source/zm_nightmare.zone|csv
945,xanim,ai_zombie_base_run_ad_v2_pain_chest_f_alt,42157,0,|zm_factory_zombie.ai_am|animmappingtable|spawner_zm_factory_zombie|aitype|maps/zm/zm_nightmare.d3dbsp|col_map|zone_source/zm_nightmare.zone|csv
946,xanim,ai_zombie_base_run_ad_v4,42695,0,|zm_factory_zombie.ai_am|animmappingtable|spawner_zm_factory_zombie|aitype|maps/zm/zm_nightmare.d3dbsp|col_map|zone_source/zm_nightmare.zone|csv
947,xanim,ai_zombie_base_run_ad_v4_pain_chest_f,43701,0,|zm_factory_zombie.ai_am|animmappingtable|spawner_zm_factory_zombie|aitype|maps/zm/zm_nightmare.d3dbsp|col_map|zone_source/zm_nightmare.zone|csv
948,xanim,ai_zombie_base_run_ad_v4_pain_chest_f_alt,43328,0,|zm_factory_zombie.ai_am|animmappingtable|spawner_zm_factory_zombie|aitype|maps/zm/zm_nightmare.d3dbsp|col_map|zone_source/zm_nightmare.zone|csv
949,xanim,ai_zombie_base_run_ad_v8,54900,0,|zm_factory_zombie.ai_am|animmappingtable|spawner_zm_factory_zombie|aitype|maps/zm/zm_nightmare.d3dbsp|col_map|zone_source/zm_nightmare.zone|csv
950,xanim,ai_zombie_base_run_ad_v8_pain_chest_f,54476,0,|zm_factory_zombie.ai_am|animmappingtable|spawner_zm_factory_zombie|aitype|maps/zm/zm_nightmare.d3dbsp|col_map|zone_source/zm_nightmare.zone|csv
951,xanim,ai_zombie_base_run_ad_v8_pain_chest_f_alt,54475,0,|zm_factory_zombie.ai_am|animmappingtable|spawner_zm_factory_zombie|aitype|maps/zm/zm_nightmare.d3dbsp|col_map|zone_source/zm_nightmare.zone|csv
952,xanim,ai_zombie_base_run_ad_v23,100764,0,|zm_factory_zombie.ai_am|animmappingtable|spawner_zm_factory_zombie|aitype|maps/zm/zm_nightmare.d3dbsp|col_map|zone_source/zm_nightmare.zone|csv
953,xanim,ai_zombie_base_run_ad_v23_pain_chest_f,97075,0,|zm_factory_zombie.ai_am|animmappingtable|spawner_zm_factory_zombie|aitype|maps/zm/zm_nightmare.d3dbsp|col_map|zone_source/zm_nightmare.zone|csv
954,xanim,ai_zombie_base_run_ad_v23_pain_chest_f_alt,96513,0,|zm_factory_zombie.ai_am|animmappingtable|spawner_zm_factory_zombie|aitype|maps/zm/zm_nightmare.d3dbsp|col_map|zone_source/zm_nightmare.zone|csv
955,xanim,ai_zombie_base_run_ad_v24,51015,0,|zm_factory_zombie.ai_am|animmappingtable|spawner_zm_factory_zombie|aitype|maps/zm/zm_nightmare.d3dbsp|col_map|zone_source/zm_nightmare.zone|csv
956,xanim,ai_zombie_base_run_ad_v24_pain_chest_f,48060,0,|zm_factory_zombie.ai_am|animmappingtable|spawner_zm_factory_zombie|aitype|maps/zm/zm_nightmare.d3dbsp|col_map|zone_source/zm_nightmare.zone|csv
957,xanim,ai_zombie_base_run_ad_v24_pain_chest_f_alt,48052,0,|zm_factory_zombie.ai_am|animmappingtable|spawner_zm_factory_zombie|aitype|maps/zm/zm_nightmare.d3dbsp|col_map|zone_source/zm_nightmare.zone|csv
958,xanim,ai_zombie_base_run_ad_v7,47443,0,|zm_factory_zombie.ai_am|animmappingtable|spawner_zm_factory_zombie|aitype|maps/zm/zm_nightmare.d3dbsp|col_map|zone_source/zm_nightmare.zone|csv
959,xanim,ai_zombie_base_run_ad_v7_pain_chest_f,50487,0,|zm_factory_zombie.ai_am|animmappingtable|spawner_zm_factory_zombie|aitype|maps/zm/zm_nightmare.d3dbsp|col_map|zone_source/zm_nightmare.zone|csv
960,xanim,ai_zombie_base_run_ad_v7_pain_chest_f_alt,50563,0,|zm_factory_zombie.ai_am|animmappingtable|spawner_zm_factory_zombie|aitype|maps/zm/zm_nightmare.d3dbsp|col_map|zone_source/zm_nightmare.zone|csv
961,xanim,ai_zombie_base_run_ad_v22,62725,0,|zm_factory_zombie.ai_am|animmappingtable|spawner_zm_factory_zombie|aitype|maps/zm/zm_nightmare.d3dbsp|col_map|zone_source/zm_nightmare.zone|csv
962,xanim,ai_zombie_base_run_ad_v22_pain_chest_f,62662,0,|zm_factory_zombie.ai_am|animmappingtable|spawner_zm_factory_zombie|aitype|maps/zm/zm_nightmare.d3dbsp|col_map|zone_source/zm_nightmare.zone|csv
963,xanim,ai_zombie_base_run_ad_v22_pain_chest_f_alt,61304,0,|zm_factory_zombie.ai_am|animmappingtable|spawner_zm_factory_zombie|aitype|maps/zm/zm_nightmare.d3dbsp|col_map|zone_source/zm_nightmare.zone|csv
964,xanim,ai_zombie_base_run_ad_v21,108864,0,|zm_factory_zombie.ai_am|animmappingtable|spawner_zm_factory_zombie|aitype|maps/zm/zm_nightmare.d3dbsp|col_map|zone_source/zm_nightmare.zone|csv
965,xanim,ai_zombie_base_run_ad_v21_pain_chest_f,108687,0,|zm_factory_zombie.ai_am|animmappingtable|spawner_zm_factory_zombie|aitype|maps/zm/zm_nightmare.d3dbsp|col_map|zone_source/zm_nightmare.zone|csv
966,xanim,ai_zombie_base_run_ad_v21_pain_chest_f_alt,108719,0,|zm_factory_zombie.ai_am|animmappingtable|spawner_zm_factory_zombie|aitype|maps/zm/zm_nightmare.d3dbsp|col_map|zone_source/zm_nightmare.zone|csv
967,xanim,ai_zombie_base_run_ad_v20,88484,0,|zm_factory_zombie.ai_am|animmappingtable|spawner_zm_factory_zombie|aitype|maps/zm/zm_nightmare.d3dbsp|col_map|zone_source/zm_nightmare.zone|csv
968,xanim,ai_zombie_base_run_ad_v20_pain_chest_f,85338,0,|zm_factory_zombie.ai_am|animmappingtable|spawner_zm_factory_zombie|aitype|maps/zm/zm_nightmare.d3dbsp|col_map|zone_source/zm_nightmare.zone|csv
969,xanim,ai_zombie_base_run_ad_v20_pain_chest_f_alt,84003,0,|zm_factory_zombie.ai_am|animmappingtable|spawner_zm_factory_zombie|aitype|maps/zm/zm_nightmare.d3dbsp|col_map|zone_source/zm_nightmare.zone|csv
970,xanim,ai_zombie_base_run_au_sidestep_left_long_a,36763,0,|zm_factory_zombie.ai_am|animmappingtable|spawner_zm_factory_zombie|aitype|maps/zm/zm_nightmare.d3dbsp|col_map|zone_source/zm_nightmare.zone|csv
971,xanim,ai_zombie_base_run_au_sidestep_left_long_b,40030,0,|zm_factory_zombie.ai_am|animmappingtable|spawner_zm_factory_zombie|aitype|maps/zm/zm_nightmare.d3dbsp|col_map|zone_source/zm_nightmare.zone|csv
972,xanim,ai_zombie_base_run_au_sidestep_left_long_c,27659,0,|zm_factory_zombie.ai_am|animmappingtable|spawner_zm_factory_zombie|aitype|maps/zm/zm_nightmare.d3dbsp|col_map|zone_source/zm_nightmare.zone|csv
973,xanim,ai_zombie_base_run_au_sidestep_left_short,23394,0,|zm_factory_zombie.ai_am|animmappingtable|spawner_zm_factory_zombie|aitype|maps/zm/zm_nightmare.d3dbsp|col_map|zone_source/zm_nightmare.zone|csv
974,xanim,ai_zombie_base_run_au_sidestep_left_short_a,30814,0,|zm_factory_zombie.ai_am|animmappingtable|spawner_zm_factory_zombie|aitype|maps/zm/zm_nightmare.d3dbsp|col_map|zone_source/zm_nightmare.zone|csv
975,xanim,ai_zombie_base_run_au_sidestep_left_short_b,30688,0,|zm_factory_zombie.ai_am|animmappingtable|spawner_zm_factory_zombie|aitype|maps/zm/zm_nightmare.d3dbsp|col_map|zone_source/zm_nightmare.zone|csv
976,xanim,ai_zombie_base_run_au_sidestep_right_long_a,30252,0,|zm_factory_zombie.ai_am|animmappingtable|spawner_zm_factory_zombie|aitype|maps/zm/zm_nightmare.d3dbsp|col_map|zone_source/zm_nightmare.zone|csv
977,xanim,ai_zombie_base_run_au_sidestep_right_long_b,27476,0,|zm_factory_zombie.ai_am|animmappingtable|spawner_zm_factory_zombie|aitype|maps/zm/zm_nightmare.d3dbsp|col_map|zone_source/zm_nightmare.zone|csv
978,xanim,ai_zombie_base_run_au_sidestep_right_long_c,34392,0,|zm_factory_zombie.ai_am|animmappingtable|spawner_zm_factory_zombie|aitype|maps/zm/zm_nightmare.d3dbsp|col_map|zone_source/zm_nightmare.zone|csv
979,xanim,ai_zombie_base_run_au_sidestep_right_short_a,26722,0,|zm_factory_zombie.ai_am|animmappingtable|spawner_zm_factory_zombie|aitype|maps/zm/zm_nightmare.d3dbsp|col_map|zone_source/zm_nightmare.zone|csv
980,xanim,ai_zombie_base_run_au_sidestep_right_short_b,29102,0,|zm_factory_zombie.ai_am|animmappingtable|spawner_zm_factory_zombie|aitype|maps/zm/zm_nightmare.d3dbsp|col_map|zone_source/zm_nightmare.zone|csv
981,xanim,ai_zombie_base_run_au_sidestep_right_short_c,29710,0,|zm_factory_zombie.ai_am|animmappingtable|spawner_zm_factory_zombie|aitype|maps/zm/zm_nightmare.d3dbsp|col_map|zone_source/zm_nightmare.zone|csv
982,xanim,ai_zombie_base_run_au_sidestep_right_short_d,29747,0,|zm_factory_zombie.ai_am|animmappingtable|spawner_zm_factory_zombie|aitype|maps/zm/zm_nightmare.d3dbsp|col_map|zone_source/zm_nightmare.zone|csv
983,xanim,ai_zombie_base_run_au_v1,27370,0,|zm_factory_zombie.ai_am|animmappingtable|spawner_zm_factory_zombie|aitype|maps/zm/zm_nightmare.d3dbsp|col_map|zone_source/zm_nightmare.zone|csv
984,xanim,ai_zombie_base_run_au_v1_pain_chest_f,41330,0,|zm_factory_zombie.ai_am|animmappingtable|spawner_zm_factory_zombie|aitype|maps/zm/zm_nightmare.d3dbsp|col_map|zone_source/zm_nightmare.zone|csv
985,xanim,ai_zombie_base_run_au_v1_pain_chest_f_alt,41353,0,|zm_factory_zombie.ai_am|animmappingtable|spawner_zm_factory_zombie|aitype|maps/zm/zm_nightmare.d3dbsp|col_map|zone_source/zm_nightmare.zone|csv
986,xanim,ai_zombie_base_run_au_v2,41383,0,|zm_factory_zombie.ai_am|animmappingtable|spawner_zm_factory_zombie|aitype|maps/zm/zm_nightmare.d3dbsp|col_map|zone_source/zm_nightmare.zone|csv
987,xanim,ai_zombie_base_run_au_v5,73670,0,|zm_factory_zombie.ai_am|animmappingtable|spawner_zm_factory_zombie|aitype|maps/zm/zm_nightmare.d3dbsp|col_map|zone_source/zm_nightmare.zone|csv
988,xanim,ai_zombie_base_run_au_v5_pain_chest_f,73816,0,|zm_factory_zombie.ai_am|animmappingtable|spawner_zm_factory_zombie|aitype|maps/zm/zm_nightmare.d3dbsp|col_map|zone_source/zm_nightmare.zone|csv
989,xanim,ai_zombie_base_run_au_v5_pain_chest_f_alt,74075,0,|zm_factory_zombie.ai_am|animmappingtable|spawner_zm_factory_zombie|aitype|maps/zm/zm_nightmare.d3dbsp|col_map|zone_source/zm_nightmare.zone|csv
990,xanim,ai_zombie_base_run_au_v13,43169,0,|zm_factory_zombie.ai_am|animmappingtable|spawner_zm_factory_zombie|aitype|maps/zm/zm_nightmare.d3dbsp|col_map|zone_source/zm_nightmare.zone|csv
991,xanim,ai_zombie_base_run_au_v13_pain_chest_f,43233,0,|zm_factory_zombie.ai_am|animmappingtable|spawner_zm_factory_zombie|aitype|maps/zm/zm_nightmare.d3dbsp|col_map|zone_source/zm_nightmare.zone|csv
992,xanim,ai_zombie_base_run_au_v2_pain_chest_f,42353,0,|zm_factory_zombie.ai_am|animmappingtable|spawner_zm_factory_zombie|aitype|maps/zm/zm_nightmare.d3dbsp|col_map|zone_source/zm_nightmare.zone|csv
993,xanim,ai_zombie_base_run_au_v2_pain_chest_f_alt,42339,0,|zm_factory_zombie.ai_am|animmappingtable|spawner_zm_factory_zombie|aitype|maps/zm/zm_nightmare.d3dbsp|col_map|zone_source/zm_nightmare.zone|csv
994,xanim,ai_zombie_base_run_au_v20,116536,0,|zm_factory_zombie.ai_am|animmappingtable|spawner_zm_factory_zombie|aitype|maps/zm/zm_nightmare.d3dbsp|col_map|zone_source/zm_nightmare.zone|csv
995,xanim,ai_zombie_base_run_au_v20_pain_chest_f,108607,0,|zm_factory_zombie.ai_am|animmappingtable|spawner_zm_factory_zombie|aitype|maps/zm/zm_nightmare.d3dbsp|col_map|zone_source/zm_nightmare.zone|csv
996,xanim,ai_zombie_base_run_au_v20_pain_chest_f_alt,109611,0,|zm_factory_zombie.ai_am|animmappingtable|spawner_zm_factory_zombie|aitype|maps/zm/zm_nightmare.d3dbsp|col_map|zone_source/zm_nightmare.zone|csv
997,xanim,ai_zombie_base_run_au_v21,81504,0,|zm_factory_zombie.ai_am|animmappingtable|spawner_zm_factory_zombie|aitype|maps/zm/zm_nightmare.d3dbsp|col_map|zone_source/zm_nightmare.zone|csv
998,xanim,ai_zombie_base_run_au_v21_pain_chest_f,78997,0,|zm_factory_zombie.ai_am|animmappingtable|spawner_zm_factory_zombie|aitype|maps/zm/zm_nightmare.d3dbsp|col_map|zone_source/zm_nightmare.zone|csv
999,xanim,ai_zombie_base_run_au_v21_pain_chest_f_alt,78485,0,|zm_factory_zombie.ai_am|animmappingtable|spawner_zm_factory_zombie|aitype|maps/zm/zm_nightmare.d3dbsp|col_map|zone_source/zm_nightmare.zone|csv
1000,xanim,ai_zombie_base_run_au_v22,51521,0,|zm_factory_zombie.ai_am|animmappingtable|spawner_zm_factory_zombie|aitype|maps/zm/zm_nightmare.d3dbsp|col_map|zone_source/zm_nightmare.zone|csv
1001,xanim,ai_zombie_base_run_au_v22_pain_chest_f,49325,0,|zm_factory_zombie.ai_am|animmappingtable|spawner_zm_factory_zombie|aitype|maps/zm/zm_nightmare.d3dbsp|col_map|zone_source/zm_nightmare.zone|csv
1002,xanim,ai_zombie_base_run_au_v22_pain_chest_f_alt,48785,0,|zm_factory_zombie.ai_am|animmappingtable|spawner_zm_factory_zombie|aitype|maps/zm/zm_nightmare.d3dbsp|col_map|zone_source/zm_nightmare.zone|csv
1003,xanim,ai_zombie_base_run_au_v23,81336,0,|zm_factory_zombie.ai_am|animmappingtable|spawner_zm_factory_zombie|aitype|maps/zm/zm_nightmare.d3dbsp|col_map|zone_source/zm_nightmare.zone|csv
1004,xanim,ai_zombie_base_run_au_v23_pain_chest_f,77126,0,|zm_factory_zombie.ai_am|animmappingtable|spawner_zm_factory_zombie|aitype|maps/zm/zm_nightmare.d3dbsp|col_map|zone_source/zm_nightmare.zone|csv
1005,xanim,ai_zombie_base_run_au_v23_pain_chest_f_alt,77593,0,|zm_factory_zombie.ai_am|animmappingtable|spawner_zm_factory_zombie|aitype|maps/zm/zm_nightmare.d3dbsp|col_map|zone_source/zm_nightmare.zone|csv
1006,xanim,ai_zombie_base_run_au_v24,71860,0,|zm_factory_zombie.ai_am|animmappingtable|spawner_zm_factory_zombie|aitype|maps/zm/zm_nightmare.d3dbsp|col_map|zone_source/zm_nightmare.zone|csv
1007,xanim,ai_zombie_base_run_au_v24_pain_chest_f,68932,0,|zm_factory_zombie.ai_am|animmappingtable|spawner_zm_factory_zombie|aitype|maps/zm/zm_nightmare.d3dbsp|col_map|zone_source/zm_nightmare.zone|csv
1008,xanim,ai_zombie_base_run_au_v24_pain_chest_f_alt,68674,0,|zm_factory_zombie.ai_am|animmappingtable|spawner_zm_factory_zombie|aitype|maps/zm/zm_nightmare.d3dbsp|col_map|zone_source/zm_nightmare.zone|csv
1009,xanim,ai_zombie_base_run_au_v9,63424,0,|zm_factory_zombie.ai_am|animmappingtable|spawner_zm_factory_zombie|aitype|maps/zm/zm_nightmare.d3dbsp|col_map|zone_source/zm_nightmare.zone|csv
1010,xanim,ai_zombie_base_run_au_v9_pain_chest_f,63382,0,|zm_factory_zombie.ai_am|animmappingtable|spawner_zm_factory_zombie|aitype|maps/zm/zm_nightmare.d3dbsp|col_map|zone_source/zm_nightmare.zone|csv
1011,xanim,ai_zombie_base_run_au_v9_pain_chest_f_alt,63389,0,|zm_factory_zombie.ai_am|animmappingtable|spawner_zm_factory_zombie|aitype|maps/zm/zm_nightmare.d3dbsp|col_map|zone_source/zm_nightmare.zone|csv
1012,xanim,ai_zombie_base_run_au_v4,42129,0,|zm_factory_zombie.ai_am|animmappingtable|spawner_zm_factory_zombie|aitype|maps/zm/zm_nightmare.d3dbsp|col_map|zone_source/zm_nightmare.zone|csv
1013,xanim,ai_zombie_base_run_au_v4_pain_chest_f,43733,0,|zm_factory_zombie.ai_am|animmappingtable|spawner_zm_factory_zombie|aitype|maps/zm/zm_nightmare.d3dbsp|col_map|zone_source/zm_nightmare.zone|csv
1014,xanim,ai_zombie_base_run_au_v4_pain_chest_f_alt,43737,0,|zm_factory_zombie.ai_am|animmappingtable|spawner_zm_factory_zombie|aitype|maps/zm/zm_nightmare.d3dbsp|col_map|zone_source/zm_nightmare.zone|csv
1015,xanim,ai_zombie_base_run_au_v11,43754,0,|zm_factory_zombie.ai_am|animmappingtable|spawner_zm_factory_zombie|aitype|maps/zm/zm_nightmare.d3dbsp|col_map|zone_source/zm_nightmare.zone|csv
1016,xanim,ai_zombie_base_run_au_v11_pain_chest_f,43837,0,|zm_factory_zombie.ai_am|animmappingtable|spawner_zm_factory_zombie|aitype|maps/zm/zm_nightmare.d3dbsp|col_map|zone_source/zm_nightmare.zone|csv
1017,xanim,ai_zombie_base_run_au_v11_pain_chest_f_alt,43908,0,|zm_factory_zombie.ai_am|animmappingtable|spawner_zm_factory_zombie|aitype|maps/zm/zm_nightmare.d3dbsp|col_map|zone_source/zm_nightmare.zone|csv
1018,xanim,ai_zombie_base_run_jump_down_36,17787,0,|zm_factory_zombie.ai_am|animmappingtable|spawner_zm_factory_zombie|aitype|maps/zm/zm_nightmare.d3dbsp|col_map|zone_source/zm_nightmare.zone|csv
1019,xanim,ai_zombie_base_run_jump_down_48,19388,0,|zm_factory_zombie.ai_am|animmappingtable|spawner_zm_factory_zombie|aitype|maps/zm/zm_nightmare.d3dbsp|col_map|zone_source/zm_nightmare.zone|csv
1020,xanim,ai_zombie_base_run_jump_down_72,43702,0,|zm_factory_zombie.ai_am|animmappingtable|spawner_zm_factory_zombie|aitype|maps/zm/zm_nightmare.d3dbsp|col_map|zone_source/zm_nightmare.zone|csv
1021,xanim,ai_zombie_base_run_jump_down_96,43804,0,|zm_factory_zombie.ai_am|animmappingtable|spawner_zm_factory_zombie|aitype|maps/zm/zm_nightmare.d3dbsp|col_map|zone_source/zm_nightmare.zone|csv
1022,xanim,ai_zombie_base_run_jump_up_36,37023,0,|zm_factory_zombie.ai_am|animmappingtable|spawner_zm_factory_zombie|aitype|maps/zm/zm_nightmare.d3dbsp|col_map|zone_source/zm_nightmare.zone|csv
1023,xanim,ai_zombie_base_run_jump_up_48,26133,0,|zm_factory_zombie.ai_am|animmappingtable|spawner_zm_factory_zombie|aitype|maps/zm/zm_nightmare.d3dbsp|col_map|zone_source/zm_nightmare.zone|csv
1024,xanim,ai_zombie_base_run_jump_up_72,78201,0,|zm_factory_zombie.ai_am|animmappingtable|spawner_zm_factory_zombie|aitype|maps/zm/zm_nightmare.d3dbsp|col_map|zone_source/zm_nightmare.zone|csv
1025,xanim,ai_zombie_base_run_jump_up_96,92506,0,|zm_factory_zombie.ai_am|animmappingtable|spawner_zm_factory_zombie|aitype|maps/zm/zm_nightmare.d3dbsp|col_map|zone_source/zm_nightmare.zone|csv
1026,xanim,rtrg_ai_zm_dlc1_zombie_run_lowg_v1,23489,0,|zm_factory_zombie.ai_am|animmappingtable|spawner_zm_factory_zombie|aitype|maps/zm/zm_nightmare.d3dbsp|col_map|zone_source/zm_nightmare.zone|csv
1027,xanim,rtrg_ai_zm_dlc1_zombie_run_lowg_v2,47078,0,|zm_factory_zombie.ai_am|animmappingtable|spawner_zm_factory_zombie|aitype|maps/zm/zm_nightmare.d3dbsp|col_map|zone_source/zm_nightmare.zone|csv
1028,xanim,rtrg_ai_zm_dlc1_zombie_run_lowg_v3,43370,0,|zm_factory_zombie.ai_am|animmappingtable|spawner_zm_factory_zombie|aitype|maps/zm/zm_nightmare.d3dbsp|col_map|zone_source/zm_nightmare.zone|csv
1029,xanim,rtrg_ai_zm_dlc1_zombie_run_lowg_v4,23665,0,|zm_factory_zombie.ai_am|animmappingtable|spawner_zm_factory_zombie|aitype|maps/zm/zm_nightmare.d3dbsp|col_map|zone_source/zm_nightmare.zone|csv
1030,xanim,ai_zombie_base_run_mantle_over_36,23127,0,|zm_factory_zombie.ai_am|animmappingtable|spawner_zm_factory_zombie|aitype|maps/zm/zm_nightmare.d3dbsp|col_map|zone_source/zm_nightmare.zone|csv
1031,xanim,ai_zombie_base_run_mantle_over_48,37505,0,|zm_factory_zombie.ai_am|animmappingtable|spawner_zm_factory_zombie|aitype|maps/zm/zm_nightmare.d3dbsp|col_map|zone_source/zm_nightmare.zone|csv
1032,xanim,ai_zombie_base_run_mantle_over_72,42137,0,|zm_factory_zombie.ai_am|animmappingtable|spawner_zm_factory_zombie|aitype|maps/zm/zm_nightmare.d3dbsp|col_map|zone_source/zm_nightmare.zone|csv
1033,xanim,ai_zombie_base_run_mantle_over_96,42081,0,|zm_factory_zombie.ai_am|animmappingtable|spawner_zm_factory_zombie|aitype|maps/zm/zm_nightmare.d3dbsp|col_map|zone_source/zm_nightmare.zone|csv
1034,xanim,ai_zombie_base_run_turn_135_l_v2,31224,0,|zm_factory_zombie.ai_am|animmappingtable|spawner_zm_factory_zombie|aitype|maps/zm/zm_nightmare.d3dbsp|col_map|zone_source/zm_nightmare.zone|csv
1035,xanim,ai_zombie_base_run_turn_135_r_v2,34597,0,|zm_factory_zombie.ai_am|animmappingtable|spawner_zm_factory_zombie|aitype|maps/zm/zm_nightmare.d3dbsp|col_map|zone_source/zm_nightmare.zone|csv
1036,xanim,ai_zombie_base_run_turn_180_l_v2,40719,0,|zm_factory_zombie.ai_am|animmappingtable|spawner_zm_factory_zombie|aitype|maps/zm/zm_nightmare.d3dbsp|col_map|zone_source/zm_nightmare.zone|csv
1037,xanim,ai_zombie_base_run_turn_180_r_v2,45780,0,|zm_factory_zombie.ai_am|animmappingtable|spawner_zm_factory_zombie|aitype|maps/zm/zm_nightmare.d3dbsp|col_map|zone_source/zm_nightmare.zone|csv
1038,xanim,ai_zombie_base_run_turn_45_l_v2,21296,0,|zm_factory_zombie.ai_am|animmappingtable|spawner_zm_factory_zombie|aitype|maps/zm/zm_nightmare.d3dbsp|col_map|zone_source/zm_nightmare.zone|csv
1039,xanim,ai_zombie_base_run_turn_45_r_v2,36721,0,|zm_factory_zombie.ai_am|animmappingtable|spawner_zm_factory_zombie|aitype|maps/zm/zm_nightmare.d3dbsp|col_map|zone_source/zm_nightmare.zone|csv
1040,xanim,ai_zombie_base_run_turn_90_l_v3,21863,0,|zm_factory_zombie.ai_am|animmappingtable|spawner_zm_factory_zombie|aitype|maps/zm/zm_nightmare.d3dbsp|col_map|zone_source/zm_nightmare.zone|csv
1041,xanim,ai_zombie_base_run_turn_90_r_v2,30203,0,|zm_factory_zombie.ai_am|animmappingtable|spawner_zm_factory_zombie|aitype|maps/zm/zm_nightmare.d3dbsp|col_map|zone_source/zm_nightmare.zone|csv
1042,xanim,ai_zombie_base_sprint_ad_sidestep_left_long_a,29357,0,|zm_factory_zombie.ai_am|animmappingtable|spawner_zm_factory_zombie|aitype|maps/zm/zm_nightmare.d3dbsp|col_map|zone_source/zm_nightmare.zone|csv
1043,xanim,ai_zombie_base_sprint_ad_sidestep_left_long_b,28373,0,|zm_factory_zombie.ai_am|animmappingtable|spawner_zm_factory_zombie|aitype|maps/zm/zm_nightmare.d3dbsp|col_map|zone_source/zm_nightmare.zone|csv
1044,xanim,ai_zombie_base_sprint_ad_sidestep_left_short_a,29011,0,|zm_factory_zombie.ai_am|animmappingtable|spawner_zm_factory_zombie|aitype|maps/zm/zm_nightmare.d3dbsp|col_map|zone_source/zm_nightmare.zone|csv
1045,xanim,ai_zombie_base_sprint_ad_sidestep_right_long,14617,0,|zm_factory_zombie.ai_am|animmappingtable|spawner_zm_factory_zombie|aitype|maps/zm/zm_nightmare.d3dbsp|col_map|zone_source/zm_nightmare.zone|csv
1046,xanim,ai_zombie_base_sprint_ad_sidestep_right_long_a,28793,0,|zm_factory_zombie.ai_am|animmappingtable|spawner_zm_factory_zombie|aitype|maps/zm/zm_nightmare.d3dbsp|col_map|zone_source/zm_nightmare.zone|csv
1047,xanim,ai_zombie_base_sprint_ad_sidestep_right_long_b,29505,0,|zm_factory_zombie.ai_am|animmappingtable|spawner_zm_factory_zombie|aitype|maps/zm/zm_nightmare.d3dbsp|col_map|zone_source/zm_nightmare.zone|csv
1048,xanim,ai_zombie_base_sprint_ad_sidestep_right_short_a,15137,0,|zm_factory_zombie.ai_am|animmappingtable|spawner_zm_factory_zombie|aitype|maps/zm/zm_nightmare.d3dbsp|col_map|zone_source/zm_nightmare.zone|csv
1049,xanim,ai_zombie_base_sprint_ad_v1,33441,0,|zm_factory_zombie.ai_am|animmappingtable|spawner_zm_factory_zombie|aitype|maps/zm/zm_nightmare.d3dbsp|col_map|zone_source/zm_nightmare.zone|csv
1050,xanim,ai_zombie_base_sprint_ad_v1_pain_chest_f,33490,0,|zm_factory_zombie.ai_am|animmappingtable|spawner_zm_factory_zombie|aitype|maps/zm/zm_nightmare.d3dbsp|col_map|zone_source/zm_nightmare.zone|csv
1051,xanim,ai_zombie_base_sprint_ad_v1_pain_chest_f_alt,33479,0,|zm_factory_zombie.ai_am|animmappingtable|spawner_zm_factory_zombie|aitype|maps/zm/zm_nightmare.d3dbsp|col_map|zone_source/zm_nightmare.zone|csv
1052,xanim,ai_zombie_base_sprint_ad_v2,31098,0,|zm_factory_zombie.ai_am|animmappingtable|spawner_zm_factory_zombie|aitype|maps/zm/zm_nightmare.d3dbsp|col_map|zone_source/zm_nightmare.zone|csv
1053,xanim,ai_zombie_base_sprint_ad_v2_pain_chest_f,31279,0,|zm_factory_zombie.ai_am|animmappingtable|spawner_zm_factory_zombie|aitype|maps/zm/zm_nightmare.d3dbsp|col_map|zone_source/zm_nightmare.zone|csv
1054,xanim,ai_zombie_base_sprint_ad_v2_pain_chest_f_alt,31254,0,|zm_factory_zombie.ai_am|animmappingtable|spawner_zm_factory_zombie|aitype|maps/zm/zm_nightmare.d3dbsp|col_map|zone_source/zm_nightmare.zone|csv
1055,xanim,ai_zombie_base_sprint_ad_v5,38224,0,|zm_factory_zombie.ai_am|animmappingtable|spawner_zm_factory_zombie|aitype|maps/zm/zm_nightmare.d3dbsp|col_map|zone_source/zm_nightmare.zone|csv
1056,xanim,ai_zombie_base_sprint_ad_v5_pain_chest_f,38310,0,|zm_factory_zombie.ai_am|animmappingtable|spawner_zm_factory_zombie|aitype|maps/zm/zm_nightmare.d3dbsp|col_map|zone_source/zm_nightmare.zone|csv
1057,xanim,ai_zombie_base_sprint_ad_v5_pain_chest_f_alt,38292,0,|zm_factory_zombie.ai_am|animmappingtable|spawner_zm_factory_zombie|aitype|maps/zm/zm_nightmare.d3dbsp|col_map|zone_source/zm_nightmare.zone|csv
1058,xanim,ai_zombie_base_sprint_ad_v21,41378,0,|zm_factory_zombie.ai_am|animmappingtable|spawner_zm_factory_zombie|aitype|maps/zm/zm_nightmare.d3dbsp|col_map|zone_source/zm_nightmare.zone|csv
1059,xanim,ai_zombie_base_sprint_ad_v21_pain_chest_f,39458,0,|zm_factory_zombie.ai_am|animmappingtable|spawner_zm_factory_zombie|aitype|maps/zm/zm_nightmare.d3dbsp|col_map|zone_source/zm_nightmare.zone|csv
1060,xanim,ai_zombie_base_sprint_ad_v21_pain_chest_f_alt,40289,0,|zm_factory_zombie.ai_am|animmappingtable|spawner_zm_factory_zombie|aitype|maps/zm/zm_nightmare.d3dbsp|col_map|zone_source/zm_nightmare.zone|csv
1061,xanim,ai_zombie_base_sprint_ad_v22,70198,0,|zm_factory_zombie.ai_am|animmappingtable|spawner_zm_factory_zombie|aitype|maps/zm/zm_nightmare.d3dbsp|col_map|zone_source/zm_nightmare.zone|csv
1062,xanim,ai_zombie_base_sprint_ad_v22_pain_chest_f,67370,0,|zm_factory_zombie.ai_am|animmappingtable|spawner_zm_factory_zombie|aitype|maps/zm/zm_nightmare.d3dbsp|col_map|zone_source/zm_nightmare.zone|csv
1063,xanim,ai_zombie_base_sprint_ad_v22_pain_chest_f_alt,76639,0,|zm_factory_zombie.ai_am|animmappingtable|spawner_zm_factory_zombie|aitype|maps/zm/zm_nightmare.d3dbsp|col_map|zone_source/zm_nightmare.zone|csv
1064,xanim,ai_zombie_base_sprint_ad_v23,76843,0,|zm_factory_zombie.ai_am|animmappingtable|spawner_zm_factory_zombie|aitype|maps/zm/zm_nightmare.d3dbsp|col_map|zone_source/zm_nightmare.zone|csv
1065,xanim,ai_zombie_base_sprint_ad_v23_pain_chest_f,72134,0,|zm_factory_zombie.ai_am|animmappingtable|spawner_zm_factory_zombie|aitype|maps/zm/zm_nightmare.d3dbsp|col_map|zone_source/zm_nightmare.zone|csv
1066,xanim,ai_zombie_base_sprint_ad_v23_pain_chest_f_alt,68353,0,|zm_factory_zombie.ai_am|animmappingtable|spawner_zm_factory_zombie|aitype|maps/zm/zm_nightmare.d3dbsp|col_map|zone_source/zm_nightmare.zone|csv
1067,xanim,ai_zombie_base_sprint_ad_v24,60566,0,|zm_factory_zombie.ai_am|animmappingtable|spawner_zm_factory_zombie|aitype|maps/zm/zm_nightmare.d3dbsp|col_map|zone_source/zm_nightmare.zone|csv
1068,xanim,ai_zombie_base_sprint_ad_v24_pain_chest_f,57518,0,|zm_factory_zombie.ai_am|animmappingtable|spawner_zm_factory_zombie|aitype|maps/zm/zm_nightmare.d3dbsp|col_map|zone_source/zm_nightmare.zone|csv
1069,xanim,ai_zombie_base_sprint_ad_v24_pain_chest_f_alt,57814,0,|zm_factory_zombie.ai_am|animmappingtable|spawner_zm_factory_zombie|aitype|maps/zm/zm_nightmare.d3dbsp|col_map|zone_source/zm_nightmare.zone|csv
1070,xanim,ai_zombie_base_fast_sprint_01,40613,0,|zm_factory_zombie.ai_am|animmappingtable|spawner_zm_factory_zombie|aitype|maps/zm/zm_nightmare.d3dbsp|col_map|zone_source/zm_nightmare.zone|csv
1071,xanim,ai_zombie_base_fast_sprint_01_pain_chest_f,40196,0,|zm_factory_zombie.ai_am|animmappingtable|spawner_zm_factory_zombie|aitype|maps/zm/zm_nightmare.d3dbsp|col_map|zone_source/zm_nightmare.zone|csv
1072,xanim,ai_zombie_base_fast_sprint_01_pain_chest_f_alt,40221,0,|zm_factory_zombie.ai_am|animmappingtable|spawner_zm_factory_zombie|aitype|maps/zm/zm_nightmare.d3dbsp|col_map|zone_source/zm_nightmare.zone|csv
1073,xanim,ai_zombie_base_fast_sprint_02,44225,0,|zm_factory_zombie.ai_am|animmappingtable|spawner_zm_factory_zombie|aitype|maps/zm/zm_nightmare.d3dbsp|col_map|zone_source/zm_nightmare.zone|csv
1074,xanim,ai_zombie_base_fast_sprint_02_pain_chest_f,44240,0,|zm_factory_zombie.ai_am|animmappingtable|spawner_zm_factory_zombie|aitype|maps/zm/zm_nightmare.d3dbsp|col_map|zone_source/zm_nightmare.zone|csv
1075,xanim,ai_zombie_base_fast_sprint_02_pain_chest_f_alt,44264,0,|zm_factory_zombie.ai_am|animmappingtable|spawner_zm_factory_zombie|aitype|maps/zm/zm_nightmare.d3dbsp|col_map|zone_source/zm_nightmare.zone|csv
1076,xanim,ai_zombie_base_sprint_au_sidestep_left_long_a,35100,0,|zm_factory_zombie.ai_am|animmappingtable|spawner_zm_factory_zombie|aitype|maps/zm/zm_nightmare.d3dbsp|col_map|zone_source/zm_nightmare.zone|csv
1077,xanim,ai_zombie_base_sprint_au_sidestep_left_long_b,33405,0,|zm_factory_zombie.ai_am|animmappingtable|spawner_zm_factory_zombie|aitype|maps/zm/zm_nightmare.d3dbsp|col_map|zone_source/zm_nightmare.zone|csv
1078,xanim,ai_zombie_base_sprint_au_sidestep_left_short_a,29527,0,|zm_factory_zombie.ai_am|animmappingtable|spawner_zm_factory_zombie|aitype|maps/zm/zm_nightmare.d3dbsp|col_map|zone_source/zm_nightmare.zone|csv
1079,xanim,ai_zombie_base_sprint_au_sidestep_left_short_b,28680,0,|zm_factory_zombie.ai_am|animmappingtable|spawner_zm_factory_zombie|aitype|maps/zm/zm_nightmare.d3dbsp|col_map|zone_source/zm_nightmare.zone|csv
1080,xanim,ai_zombie_base_sprint_au_sidestep_right_long_a,28955,0,|zm_factory_zombie.ai_am|animmappingtable|spawner_zm_factory_zombie|aitype|maps/zm/zm_nightmare.d3dbsp|col_map|zone_source/zm_nightmare.zone|csv
1081,xanim,ai_zombie_base_sprint_au_sidestep_right_long_b,41550,0,|zm_factory_zombie.ai_am|animmappingtable|spawner_zm_factory_zombie|aitype|maps/zm/zm_nightmare.d3dbsp|col_map|zone_source/zm_nightmare.zone|csv
1082,xanim,ai_zombie_base_sprint_au_sidestep_right_short_a,30656,0,|zm_factory_zombie.ai_am|animmappingtable|spawner_zm_factory_zombie|aitype|maps/zm/zm_nightmare.d3dbsp|col_map|zone_source/zm_nightmare.zone|csv
1083,xanim,ai_zombie_base_sprint_au_sidestep_right_short_b,45102,0,|zm_factory_zombie.ai_am|animmappingtable|spawner_zm_factory_zombie|aitype|maps/zm/zm_nightmare.d3dbsp|col_map|zone_source/zm_nightmare.zone|csv
1084,xanim,ai_zombie_base_sprint_au_v1,33414,0,|zm_factory_zombie.ai_am|animmappingtable|spawner_zm_factory_zombie|aitype|maps/zm/zm_nightmare.d3dbsp|col_map|zone_source/zm_nightmare.zone|csv
1085,xanim,ai_zombie_base_sprint_au_v1_pain_chest_f,33518,0,|zm_factory_zombie.ai_am|animmappingtable|spawner_zm_factory_zombie|aitype|maps/zm/zm_nightmare.d3dbsp|col_map|zone_source/zm_nightmare.zone|csv
1086,xanim,ai_zombie_base_sprint_au_v1_pain_chest_f_alt,33558,0,|zm_factory_zombie.ai_am|animmappingtable|spawner_zm_factory_zombie|aitype|maps/zm/zm_nightmare.d3dbsp|col_map|zone_source/zm_nightmare.zone|csv
1087,xanim,ai_zombie_base_sprint_au_v20,89660,0,|zm_factory_zombie.ai_am|animmappingtable|spawner_zm_factory_zombie|aitype|maps/zm/zm_nightmare.d3dbsp|col_map|zone_source/zm_nightmare.zone|csv
1088,xanim,ai_zombie_base_sprint_au_v20_pain_chest_f,86239,0,|zm_factory_zombie.ai_am|animmappingtable|spawner_zm_factory_zombie|aitype|maps/zm/zm_nightmare.d3dbsp|col_map|zone_source/zm_nightmare.zone|csv
1089,xanim,ai_zombie_base_sprint_au_v20_pain_chest_f_alt,86585,0,|zm_factory_zombie.ai_am|animmappingtable|spawner_zm_factory_zombie|aitype|maps/zm/zm_nightmare.d3dbsp|col_map|zone_source/zm_nightmare.zone|csv
1090,xanim,ai_zombie_base_sprint_au_v2,30587,0,|zm_factory_zombie.ai_am|animmappingtable|spawner_zm_factory_zombie|aitype|maps/zm/zm_nightmare.d3dbsp|col_map|zone_source/zm_nightmare.zone|csv
1091,xanim,ai_zombie_base_sprint_au_v2_pain_chest_f,31567,0,|zm_factory_zombie.ai_am|animmappingtable|spawner_zm_factory_zombie|aitype|maps/zm/zm_nightmare.d3dbsp|col_map|zone_source/zm_nightmare.zone|csv
1092,xanim,ai_zombie_base_sprint_au_v2_pain_chest_f_alt,31549,0,|zm_factory_zombie.ai_am|animmappingtable|spawner_zm_factory_zombie|aitype|maps/zm/zm_nightmare.d3dbsp|col_map|zone_source/zm_nightmare.zone|csv
1093,xanim,ai_zombie_base_sprint_au_v21,56550,0,|zm_factory_zombie.ai_am|animmappingtable|spawner_zm_factory_zombie|aitype|maps/zm/zm_nightmare.d3dbsp|col_map|zone_source/zm_nightmare.zone|csv
1094,xanim,ai_zombie_base_sprint_au_v21_pain_chest_f,56505,0,|zm_factory_zombie.ai_am|animmappingtable|spawner_zm_factory_zombie|aitype|maps/zm/zm_nightmare.d3dbsp|col_map|zone_source/zm_nightmare.zone|csv
1095,xanim,ai_zombie_base_sprint_au_v21_pain_chest_f_alt,54126,0,|zm_factory_zombie.ai_am|animmappingtable|spawner_zm_factory_zombie|aitype|maps/zm/zm_nightmare.d3dbsp|col_map|zone_source/zm_nightmare.zone|csv
1096,xanim,ai_zombie_base_sprint_au_v22,65207,0,|zm_factory_zombie.ai_am|animmappingtable|spawner_zm_factory_zombie|aitype|maps/zm/zm_nightmare.d3dbsp|col_map|zone_source/zm_nightmare.zone|csv
1097,xanim,ai_zombie_base_sprint_au_v22_pain_chest_f,63002,0,|zm_factory_zombie.ai_am|animmappingtable|spawner_zm_factory_zombie|aitype|maps/zm/zm_nightmare.d3dbsp|col_map|zone_source/zm_nightmare.zone|csv
1098,xanim,ai_zombie_base_sprint_au_v22_pain_chest_f_alt,62764,0,|zm_factory_zombie.ai_am|animmappingtable|spawner_zm_factory_zombie|aitype|maps/zm/zm_nightmare.d3dbsp|col_map|zone_source/zm_nightmare.zone|csv
1099,xanim,ai_zombie_base_sprint_au_v25,67889,0,|zm_factory_zombie.ai_am|animmappingtable|spawner_zm_factory_zombie|aitype|maps/zm/zm_nightmare.d3dbsp|col_map|zone_source/zm_nightmare.zone|csv
1100,xanim,ai_zombie_base_sprint_au_v25_pain_chest_f,65553,0,|zm_factory_zombie.ai_am|animmappingtable|spawner_zm_factory_zombie|aitype|maps/zm/zm_nightmare.d3dbsp|col_map|zone_source/zm_nightmare.zone|csv
1101,xanim,ai_zombie_base_sprint_au_v25_pain_chest_f_alt,65763,0,|zm_factory_zombie.ai_am|animmappingtable|spawner_zm_factory_zombie|aitype|maps/zm/zm_nightmare.d3dbsp|col_map|zone_source/zm_nightmare.zone|csv
1102,xanim,rtrg_ai_zm_dlc1_zombie_sprint_lowg_v1,29360,0,|zm_factory_zombie.ai_am|animmappingtable|spawner_zm_factory_zombie|aitype|maps/zm/zm_nightmare.d3dbsp|col_map|zone_source/zm_nightmare.zone|csv
1103,xanim,rtrg_ai_zm_dlc1_zombie_sprint_lowg_v2,35915,0,|zm_factory_zombie.ai_am|animmappingtable|spawner_zm_factory_zombie|aitype|maps/zm/zm_nightmare.d3dbsp|col_map|zone_source/zm_nightmare.zone|csv
1104,xanim,rtrg_ai_zm_dlc1_zombie_sprint_lowg_v3,21400,0,|zm_factory_zombie.ai_am|animmappingtable|spawner_zm_factory_zombie|aitype|maps/zm/zm_nightmare.d3dbsp|col_map|zone_source/zm_nightmare.zone|csv
1105,xanim,rtrg_ai_zm_dlc1_zombie_sprint_lowg_v4,51711,0,|zm_factory_zombie.ai_am|animmappingtable|spawner_zm_factory_zombie|aitype|maps/zm/zm_nightmare.d3dbsp|col_map|zone_source/zm_nightmare.zone|csv
1106,xanim,ai_zombie_base_sprint_turn_135_l_v2,26630,0,|zm_factory_zombie.ai_am|animmappingtable|spawner_zm_factory_zombie|aitype|maps/zm/zm_nightmare.d3dbsp|col_map|zone_source/zm_nightmare.zone|csv
1107,xanim,ai_zombie_base_sprint_turn_135_r_v2,28904,0,|zm_factory_zombie.ai_am|animmappingtable|spawner_zm_factory_zombie|aitype|maps/zm/zm_nightmare.d3dbsp|col_map|zone_source/zm_nightmare.zone|csv
1108,xanim,ai_zombie_base_sprint_turn_180_l_v2,27097,0,|zm_factory_zombie.ai_am|animmappingtable|spawner_zm_factory_zombie|aitype|maps/zm/zm_nightmare.d3dbsp|col_map|zone_source/zm_nightmare.zone|csv
1109,xanim,ai_zombie_base_sprint_turn_180_r_v3,37444,0,|zm_factory_zombie.ai_am|animmappingtable|spawner_zm_factory_zombie|aitype|maps/zm/zm_nightmare.d3dbsp|col_map|zone_source/zm_nightmare.zone|csv
1110,xanim,ai_zombie_base_sprint_turn_45_l_v2,20061,0,|zm_factory_zombie.ai_am|animmappingtable|spawner_zm_factory_zombie|aitype|maps/zm/zm_nightmare.d3dbsp|col_map|zone_source/zm_nightmare.zone|csv
1111,xanim,ai_zombie_base_sprint_turn_45_r_v2,24216,0,|zm_factory_zombie.ai_am|animmappingtable|spawner_zm_factory_zombie|aitype|maps/zm/zm_nightmare.d3dbsp|col_map|zone_source/zm_nightmare.zone|csv
1112,xanim,ai_zombie_base_sprint_turn_90_l_v2,27079,0,|zm_factory_zombie.ai_am|animmappingtable|spawner_zm_factory_zombie|aitype|maps/zm/zm_nightmare.d3dbsp|col_map|zone_source/zm_nightmare.zone|csv
1113,xanim,ai_zombie_base_sprint_turn_90_r_v2,20631,0,|zm_factory_zombie.ai_am|animmappingtable|spawner_zm_factory_zombie|aitype|maps/zm/zm_nightmare.d3dbsp|col_map|zone_source/zm_nightmare.zone|csv
1114,xanim,ai_zombie_base_supersprint_ad_v1,28439,0,|zm_factory_zombie.ai_am|animmappingtable|spawner_zm_factory_zombie|aitype|maps/zm/zm_nightmare.d3dbsp|col_map|zone_source/zm_nightmare.zone|csv
1115,xanim,ai_zombie_base_supersprint_ad_v2,29031,0,|zm_factory_zombie.ai_am|animmappingtable|spawner_zm_factory_zombie|aitype|maps/zm/zm_nightmare.d3dbsp|col_map|zone_source/zm_nightmare.zone|csv
1116,xanim,ai_zombie_base_supersprint_au_v1,28175,0,|zm_factory_zombie.ai_am|animmappingtable|spawner_zm_factory_zombie|aitype|maps/zm/zm_nightmare.d3dbsp|col_map|zone_source/zm_nightmare.zone|csv
1117,xanim,ai_zombie_base_supersprint_au_v2,29033,0,|zm_factory_zombie.ai_am|animmappingtable|spawner_zm_factory_zombie|aitype|maps/zm/zm_nightmare.d3dbsp|col_map|zone_source/zm_nightmare.zone|csv
1118,xanim,bo3_ai_zombie_taunts_4,56034,0,|zm_factory_zombie.ai_am|animmappingtable|spawner_zm_factory_zombie|aitype|maps/zm/zm_nightmare.d3dbsp|col_map|zone_source/zm_nightmare.zone|csv
1119,xanim,ai_zombie_base_walk_ad_sidestep_left_long_b,43443,0,|zm_factory_zombie.ai_am|animmappingtable|spawner_zm_factory_zombie|aitype|maps/zm/zm_nightmare.d3dbsp|col_map|zone_source/zm_nightmare.zone|csv
1120,xanim,ai_zombie_base_walk_ad_sidestep_left_short,28673,0,|zm_factory_zombie.ai_am|animmappingtable|spawner_zm_factory_zombie|aitype|maps/zm/zm_nightmare.d3dbsp|col_map|zone_source/zm_nightmare.zone|csv
1121,xanim,ai_zombie_base_walk_ad_sidestep_left_short_b,21975,0,|zm_factory_zombie.ai_am|animmappingtable|spawner_zm_factory_zombie|aitype|maps/zm/zm_nightmare.d3dbsp|col_map|zone_source/zm_nightmare.zone|csv
1122,xanim,ai_zombie_base_walk_ad_sidestep_right_long_a,23157,0,|zm_factory_zombie.ai_am|animmappingtable|spawner_zm_factory_zombie|aitype|maps/zm/zm_nightmare.d3dbsp|col_map|zone_source/zm_nightmare.zone|csv
1123,xanim,ai_zombie_base_walk_ad_sidestep_right_long_b,23144,0,|zm_factory_zombie.ai_am|animmappingtable|spawner_zm_factory_zombie|aitype|maps/zm/zm_nightmare.d3dbsp|col_map|zone_source/zm_nightmare.zone|csv
1124,xanim,ai_zombie_base_walk_ad_sidestep_right_a,13125,0,|zm_factory_zombie.ai_am|animmappingtable|spawner_zm_factory_zombie|aitype|maps/zm/zm_nightmare.d3dbsp|col_map|zone_source/zm_nightmare.zone|csv
1125,xanim,ai_zombie_base_walk_ad_sidestep_right_short,34137,0,|zm_factory_zombie.ai_am|animmappingtable|spawner_zm_factory_zombie|aitype|maps/zm/zm_nightmare.d3dbsp|col_map|zone_source/zm_nightmare.zone|csv
1126,xanim,ai_zombie_base_walk_ad_sidestep_right_short_a,33522,0,|zm_factory_zombie.ai_am|animmappingtable|spawner_zm_factory_zombie|aitype|maps/zm/zm_nightmare.d3dbsp|col_map|zone_source/zm_nightmare.zone|csv
1127,xanim,ai_zombie_base_walk_ad_v1,55151,0,|zm_factory_zombie.ai_am|animmappingtable|spawner_zm_factory_zombie|aitype|maps/zm/zm_nightmare.d3dbsp|col_map|zone_source/zm_nightmare.zone|csv
1128,xanim,ai_zombie_base_walk_ad_v1_pain_chest_f,56133,0,|zm_factory_zombie.ai_am|animmappingtable|spawner_zm_factory_zombie|aitype|maps/zm/zm_nightmare.d3dbsp|col_map|zone_source/zm_nightmare.zone|csv
1129,xanim,ai_zombie_base_walk_ad_v1_pain_chest_f_alt,55808,0,|zm_factory_zombie.ai_am|animmappingtable|spawner_zm_factory_zombie|aitype|maps/zm/zm_nightmare.d3dbsp|col_map|zone_source/zm_nightmare.zone|csv
1130,xanim,ai_zombie_base_walk_ad_v2,39862,0,|zm_factory_zombie.ai_am|animmappingtable|spawner_zm_factory_zombie|aitype|maps/zm/zm_nightmare.d3dbsp|col_map|zone_source/zm_nightmare.zone|csv
1131,xanim,ai_zombie_base_walk_ad_v19,44954,0,|zm_factory_zombie.ai_am|animmappingtable|spawner_zm_factory_zombie|aitype|maps/zm/zm_nightmare.d3dbsp|col_map|zone_source/zm_nightmare.zone|csv
1132,xanim,ai_zombie_base_walk_ad_v19_pain_chest_f,45103,0,|zm_factory_zombie.ai_am|animmappingtable|spawner_zm_factory_zombie|aitype|maps/zm/zm_nightmare.d3dbsp|col_map|zone_source/zm_nightmare.zone|csv
1133,xanim,ai_zombie_base_walk_ad_v19_pain_chest_f_alt,45101,0,|zm_factory_zombie.ai_am|animmappingtable|spawner_zm_factory_zombie|aitype|maps/zm/zm_nightmare.d3dbsp|col_map|zone_source/zm_nightmare.zone|csv
1134,xanim,ai_zombie_base_walk_ad_v22,198519,0,|zm_factory_zombie.ai_am|animmappingtable|spawner_zm_factory_zombie|aitype|maps/zm/zm_nightmare.d3dbsp|col_map|zone_source/zm_nightmare.zone|csv
1135,xanim,ai_zombie_base_walk_ad_v22_pain_chest_f,198415,0,|zm_factory_zombie.ai_am|animmappingtable|spawner_zm_factory_zombie|aitype|maps/zm/zm_nightmare.d3dbsp|col_map|zone_source/zm_nightmare.zone|csv
1136,xanim,ai_zombie_base_walk_ad_v22_pain_chest_f_alt,198496,0,|zm_factory_zombie.ai_am|animmappingtable|spawner_zm_factory_zombie|aitype|maps/zm/zm_nightmare.d3dbsp|col_map|zone_source/zm_nightmare.zone|csv
1137,xanim,ai_zombie_base_walk_ad_v3,49309,0,|zm_factory_zombie.ai_am|animmappingtable|spawner_zm_factory_zombie|aitype|maps/zm/zm_nightmare.d3dbsp|col_map|zone_source/zm_nightmare.zone|csv
1138,xanim,ai_zombie_base_walk_ad_v3_pain_chest_f,49456,0,|zm_factory_zombie.ai_am|animmappingtable|spawner_zm_factory_zombie|aitype|maps/zm/zm_nightmare.d3dbsp|col_map|zone_source/zm_nightmare.zone|csv
1139,xanim,ai_zombie_base_walk_ad_v3_pain_chest_f_alt,49367,0,|zm_factory_zombie.ai_am|animmappingtable|spawner_zm_factory_zombie|aitype|maps/zm/zm_nightmare.d3dbsp|col_map|zone_source/zm_nightmare.zone|csv
1140,xanim,ai_zombie_base_walk_ad_v21,160368,0,|zm_factory_zombie.ai_am|animmappingtable|spawner_zm_factory_zombie|aitype|maps/zm/zm_nightmare.d3dbsp|col_map|zone_source/zm_nightmare.zone|csv
1141,xanim,ai_zombie_base_walk_ad_v21_pain_chest_f,160561,0,|zm_factory_zombie.ai_am|animmappingtable|spawner_zm_factory_zombie|aitype|maps/zm/zm_nightmare.d3dbsp|col_map|zone_source/zm_nightmare.zone|csv
1142,xanim,ai_zombie_base_walk_ad_v21_pain_chest_f_alt,157476,0,|zm_factory_zombie.ai_am|animmappingtable|spawner_zm_factory_zombie|aitype|maps/zm/zm_nightmare.d3dbsp|col_map|zone_source/zm_nightmare.zone|csv
1143,xanim,ai_zombie_base_walk_ad_v2_pain_chest_f,41762,0,|zm_factory_zombie.ai_am|animmappingtable|spawner_zm_factory_zombie|aitype|maps/zm/zm_nightmare.d3dbsp|col_map|zone_source/zm_nightmare.zone|csv
1144,xanim,ai_zombie_base_walk_ad_v2_pain_chest_f_alt,41747,0,|zm_factory_zombie.ai_am|animmappingtable|spawner_zm_factory_zombie|aitype|maps/zm/zm_nightmare.d3dbsp|col_map|zone_source/zm_nightmare.zone|csv
1145,xanim,ai_zombie_base_walk_ad_v24,66558,0,|zm_factory_zombie.ai_am|animmappingtable|spawner_zm_factory_zombie|aitype|maps/zm/zm_nightmare.d3dbsp|col_map|zone_source/zm_nightmare.zone|csv
1146,xanim,ai_zombie_base_walk_ad_v24_pain_chest_f,63955,0,|zm_factory_zombie.ai_am|animmappingtable|spawner_zm_factory_zombie|aitype|maps/zm/zm_nightmare.d3dbsp|col_map|zone_source/zm_nightmare.zone|csv
1147,xanim,ai_zombie_base_walk_ad_v24_pain_chest_f_alt,63455,0,|zm_factory_zombie.ai_am|animmappingtable|spawner_zm_factory_zombie|aitype|maps/zm/zm_nightmare.d3dbsp|col_map|zone_source/zm_nightmare.zone|csv
1148,xanim,ai_zombie_base_walk_ad_v25,128904,0,|zm_factory_zombie.ai_am|animmappingtable|spawner_zm_factory_zombie|aitype|maps/zm/zm_nightmare.d3dbsp|col_map|zone_source/zm_nightmare.zone|csv
1149,xanim,ai_zombie_base_walk_ad_v25_pain_chest_f,122916,0,|zm_factory_zombie.ai_am|animmappingtable|spawner_zm_factory_zombie|aitype|maps/zm/zm_nightmare.d3dbsp|col_map|zone_source/zm_nightmare.zone|csv
1150,xanim,ai_zombie_base_walk_ad_v25_pain_chest_f_alt,122353,0,|zm_factory_zombie.ai_am|animmappingtable|spawner_zm_factory_zombie|aitype|maps/zm/zm_nightmare.d3dbsp|col_map|zone_source/zm_nightmare.zone|csv
1151,xanim,ai_zombie_base_walk_ad_v5,73373,0,|zm_factory_zombie.ai_am|animmappingtable|spawner_zm_factory_zombie|aitype|maps/zm/zm_nightmare.d3dbsp|col_map|zone_source/zm_nightmare.zone|csv
1152,xanim,ai_zombie_base_walk_ad_v5_pain_chest_f,73493,0,|zm_factory_zombie.ai_am|animmappingtable|spawner_zm_factory_zombie|aitype|maps/zm/zm_nightmare.d3dbsp|col_map|zone_source/zm_nightmare.zone|csv
1153,xanim,ai_zombie_base_walk_ad_v5_pain_chest_f_alt,73507,0,|zm_factory_zombie.ai_am|animmappingtable|spawner_zm_factory_zombie|aitype|maps/zm/zm_nightmare.d3dbsp|col_map|zone_source/zm_nightmare.zone|csv
1154,xanim,ai_zombie_base_walk_ad_v6,68190,0,|zm_factory_zombie.ai_am|animmappingtable|spawner_zm_factory_zombie|aitype|maps/zm/zm_nightmare.d3dbsp|col_map|zone_source/zm_nightmare.zone|csv
1155,xanim,ai_zombie_base_walk_ad_v6_pain_chest_f,68030,0,|zm_factory_zombie.ai_am|animmappingtable|spawner_zm_factory_zombie|aitype|maps/zm/zm_nightmare.d3dbsp|col_map|zone_source/zm_nightmare.zone|csv
1156,xanim,ai_zombie_base_walk_ad_v6_pain_chest_f_alt,68142,0,|zm_factory_zombie.ai_am|animmappingtable|spawner_zm_factory_zombie|aitype|maps/zm/zm_nightmare.d3dbsp|col_map|zone_source/zm_nightmare.zone|csv
1157,xanim,ai_zombie_base_walk_ad_v4,38777,0,|zm_factory_zombie.ai_am|animmappingtable|spawner_zm_factory_zombie|aitype|maps/zm/zm_nightmare.d3dbsp|col_map|zone_source/zm_nightmare.zone|csv
1158,xanim,ai_zombie_base_walk_ad_v4_pain_chest_f,38510,0,|zm_factory_zombie.ai_am|animmappingtable|spawner_zm_factory_zombie|aitype|maps/zm/zm_nightmare.d3dbsp|col_map|zone_source/zm_nightmare.zone|csv
1159,xanim,ai_zombie_base_walk_ad_v4_pain_chest_f_alt,38481,0,|zm_factory_zombie.ai_am|animmappingtable|spawner_zm_factory_zombie|aitype|maps/zm/zm_nightmare.d3dbsp|col_map|zone_source/zm_nightmare.zone|csv
1160,xanim,ai_zombie_base_walk_ad_v7,50408,0,|zm_factory_zombie.ai_am|animmappingtable|spawner_zm_factory_zombie|aitype|maps/zm/zm_nightmare.d3dbsp|col_map|zone_source/zm_nightmare.zone|csv
1161,xanim,ai_zombie_base_walk_ad_v7_pain_chest_f,50868,0,|zm_factory_zombie.ai_am|animmappingtable|spawner_zm_factory_zombie|aitype|maps/zm/zm_nightmare.d3dbsp|col_map|zone_source/zm_nightmare.zone|csv
1162,xanim,ai_zombie_base_walk_ad_v7_pain_chest_f_alt,50590,0,|zm_factory_zombie.ai_am|animmappingtable|spawner_zm_factory_zombie|aitype|maps/zm/zm_nightmare.d3dbsp|col_map|zone_source/zm_nightmare.zone|csv
1163,xanim,ai_zombie_base_walk_ad_v20,61437,0,|zm_factory_zombie.ai_am|animmappingtable|spawner_zm_factory_zombie|aitype|maps/zm/zm_nightmare.d3dbsp|col_map|zone_source/zm_nightmare.zone|csv
1164,xanim,ai_zombie_base_walk_ad_v20_pain_chest_f,61596,0,|zm_factory_zombie.ai_am|animmappingtable|spawner_zm_factory_zombie|aitype|maps/zm/zm_nightmare.d3dbsp|col_map|zone_source/zm_nightmare.zone|csv
1165,xanim,ai_zombie_base_walk_ad_v20_pain_chest_f_alt,61407,0,|zm_factory_zombie.ai_am|animmappingtable|spawner_zm_factory_zombie|aitype|maps/zm/zm_nightmare.d3dbsp|col_map|zone_source/zm_nightmare.zone|csv
1166,xanim,ai_zombie_base_walk_ad_v23,105734,0,|zm_factory_zombie.ai_am|animmappingtable|spawner_zm_factory_zombie|aitype|maps/zm/zm_nightmare.d3dbsp|col_map|zone_source/zm_nightmare.zone|csv
1167,xanim,ai_zombie_base_walk_ad_v23_pain_chest_f,102791,0,|zm_factory_zombie.ai_am|animmappingtable|spawner_zm_factory_zombie|aitype|maps/zm/zm_nightmare.d3dbsp|col_map|zone_source/zm_nightmare.zone|csv
1168,xanim,ai_zombie_base_walk_ad_v23_pain_chest_f_alt,101118,0,|zm_factory_zombie.ai_am|animmappingtable|spawner_zm_factory_zombie|aitype|maps/zm/zm_nightmare.d3dbsp|col_map|zone_source/zm_nightmare.zone|csv
1169,xanim,ai_zombie_base_walk_au_sidestep_left_long,28909,0,|zm_factory_zombie.ai_am|animmappingtable|spawner_zm_factory_zombie|aitype|maps/zm/zm_nightmare.d3dbsp|col_map|zone_source/zm_nightmare.zone|csv
1170,xanim,ai_zombie_base_walk_au_sidestep_left_long_d,33163,0,|zm_factory_zombie.ai_am|animmappingtable|spawner_zm_factory_zombie|aitype|maps/zm/zm_nightmare.d3dbsp|col_map|zone_source/zm_nightmare.zone|csv
1171,xanim,ai_zombie_base_walk_au_sidestep_left_short,26801,0,|zm_factory_zombie.ai_am|animmappingtable|spawner_zm_factory_zombie|aitype|maps/zm/zm_nightmare.d3dbsp|col_map|zone_source/zm_nightmare.zone|csv
1172,xanim,ai_zombie_base_walk_au_sidestep_right_b,14230,0,|zm_factory_zombie.ai_am|animmappingtable|spawner_zm_factory_zombie|aitype|maps/zm/zm_nightmare.d3dbsp|col_map|zone_source/zm_nightmare.zone|csv
1173,xanim,ai_zombie_base_walk_au_sidestep_right_short,21539,0,|zm_factory_zombie.ai_am|animmappingtable|spawner_zm_factory_zombie|aitype|maps/zm/zm_nightmare.d3dbsp|col_map|zone_source/zm_nightmare.zone|csv
1174,xanim,ai_zombie_base_walk_au_v1,56647,0,|zm_factory_zombie.ai_am|animmappingtable|spawner_zm_factory_zombie|aitype|maps/zm/zm_nightmare.d3dbsp|col_map|zone_source/zm_nightmare.zone|csv
1175,xanim,ai_zombie_base_walk_au_v1_pain_chest_f,56004,0,|zm_factory_zombie.ai_am|animmappingtable|spawner_zm_factory_zombie|aitype|maps/zm/zm_nightmare.d3dbsp|col_map|zone_source/zm_nightmare.zone|csv
1176,xanim,ai_zombie_base_walk_au_v1_pain_chest_f_alt,56147,0,|zm_factory_zombie.ai_am|animmappingtable|spawner_zm_factory_zombie|aitype|maps/zm/zm_nightmare.d3dbsp|col_map|zone_source/zm_nightmare.zone|csv
1177,xanim,ai_zombie_base_walk_au_v2,55324,0,|zm_factory_zombie.ai_am|animmappingtable|spawner_zm_factory_zombie|aitype|maps/zm/zm_nightmare.d3dbsp|col_map|zone_source/zm_nightmare.zone|csv
1178,xanim,ai_zombie_base_walk_au_v11,61485,0,|zm_factory_zombie.ai_am|animmappingtable|spawner_zm_factory_zombie|aitype|maps/zm/zm_nightmare.d3dbsp|col_map|zone_source/zm_nightmare.zone|csv
1179,xanim,ai_zombie_base_walk_au_v11_pain_chest_f,61457,0,|zm_factory_zombie.ai_am|animmappingtable|spawner_zm_factory_zombie|aitype|maps/zm/zm_nightmare.d3dbsp|col_map|zone_source/zm_nightmare.zone|csv
1180,xanim,ai_zombie_base_walk_au_v11_pain_chest_f_alt,61632,0,|zm_factory_zombie.ai_am|animmappingtable|spawner_zm_factory_zombie|aitype|maps/zm/zm_nightmare.d3dbsp|col_map|zone_source/zm_nightmare.zone|csv
1181,xanim,ai_zombie_base_walk_au_v12,73973,0,|zm_factory_zombie.ai_am|animmappingtable|spawner_zm_factory_zombie|aitype|maps/zm/zm_nightmare.d3dbsp|col_map|zone_source/zm_nightmare.zone|csv
1182,xanim,ai_zombie_base_walk_au_v12_pain_chest_f,74150,0,|zm_factory_zombie.ai_am|animmappingtable|spawner_zm_factory_zombie|aitype|maps/zm/zm_nightmare.d3dbsp|col_map|zone_source/zm_nightmare.zone|csv
1183,xanim,ai_zombie_base_walk_au_v12_pain_chest_f_alt,73965,0,|zm_factory_zombie.ai_am|animmappingtable|spawner_zm_factory_zombie|aitype|maps/zm/zm_nightmare.d3dbsp|col_map|zone_source/zm_nightmare.zone|csv
1184,xanim,ai_zombie_base_walk_au_v13,102494,0,|zm_factory_zombie.ai_am|animmappingtable|spawner_zm_factory_zombie|aitype|maps/zm/zm_nightmare.d3dbsp|col_map|zone_source/zm_nightmare.zone|csv
1185,xanim,ai_zombie_base_walk_au_v13_pain_chest_f,100950,0,|zm_factory_zombie.ai_am|animmappingtable|spawner_zm_factory_zombie|aitype|maps/zm/zm_nightmare.d3dbsp|col_map|zone_source/zm_nightmare.zone|csv
1186,xanim,ai_zombie_base_walk_au_v13_pain_chest_f_alt,101415,0,|zm_factory_zombie.ai_am|animmappingtable|spawner_zm_factory_zombie|aitype|maps/zm/zm_nightmare.d3dbsp|col_map|zone_source/zm_nightmare.zone|csv
1187,xanim,ai_zombie_base_walk_au_v20,81144,0,|zm_factory_zombie.ai_am|animmappingtable|spawner_zm_factory_zombie|aitype|maps/zm/zm_nightmare.d3dbsp|col_map|zone_source/zm_nightmare.zone|csv
1188,xanim,ai_zombie_base_walk_au_v20_pain_chest_f,79634,0,|zm_factory_zombie.ai_am|animmappingtable|spawner_zm_factory_zombie|aitype|maps/zm/zm_nightmare.d3dbsp|col_map|zone_source/zm_nightmare.zone|csv
1189,xanim,ai_zombie_base_walk_au_v20_pain_chest_f_alt,80724,0,|zm_factory_zombie.ai_am|animmappingtable|spawner_zm_factory_zombie|aitype|maps/zm/zm_nightmare.d3dbsp|col_map|zone_source/zm_nightmare.zone|csv
1190,xanim,ai_zombie_base_walk_au_v15,57298,0,|zm_factory_zombie.ai_am|animmappingtable|spawner_zm_factory_zombie|aitype|maps/zm/zm_nightmare.d3dbsp|col_map|zone_source/zm_nightmare.zone|csv
1191,xanim,ai_zombie_base_walk_au_v15_pain_chest_f,56826,0,|zm_factory_zombie.ai_am|animmappingtable|spawner_zm_factory_zombie|aitype|maps/zm/zm_nightmare.d3dbsp|col_map|zone_source/zm_nightmare.zone|csv
1192,xanim,ai_zombie_base_walk_au_v15_pain_chest_f_alt,56919,0,|zm_factory_zombie.ai_am|animmappingtable|spawner_zm_factory_zombie|aitype|maps/zm/zm_nightmare.d3dbsp|col_map|zone_source/zm_nightmare.zone|csv
1193,xanim,ai_zombie_base_walk_au_v21,98728,0,|zm_factory_zombie.ai_am|animmappingtable|spawner_zm_factory_zombie|aitype|maps/zm/zm_nightmare.d3dbsp|col_map|zone_source/zm_nightmare.zone|csv
1194,xanim,ai_zombie_base_walk_au_v21_pain_chest_f,98545,0,|zm_factory_zombie.ai_am|animmappingtable|spawner_zm_factory_zombie|aitype|maps/zm/zm_nightmare.d3dbsp|col_map|zone_source/zm_nightmare.zone|csv
1195,xanim,ai_zombie_base_walk_au_v21_pain_chest_f_alt,98554,0,|zm_factory_zombie.ai_am|animmappingtable|spawner_zm_factory_zombie|aitype|maps/zm/zm_nightmare.d3dbsp|col_map|zone_source/zm_nightmare.zone|csv
1196,xanim,ai_zombie_base_walk_au_v2_pain_chest_f,60647,0,|zm_factory_zombie.ai_am|animmappingtable|spawner_zm_factory_zombie|aitype|maps/zm/zm_nightmare.d3dbsp|col_map|zone_source/zm_nightmare.zone|csv
1197,xanim,ai_zombie_base_walk_au_v2_pain_chest_f_alt,60701,0,|zm_factory_zombie.ai_am|animmappingtable|spawner_zm_factory_zombie|aitype|maps/zm/zm_nightmare.d3dbsp|col_map|zone_source/zm_nightmare.zone|csv
1198,xanim,ai_zombie_base_walk_au_v3,48784,0,|zm_factory_zombie.ai_am|animmappingtable|spawner_zm_factory_zombie|aitype|maps/zm/zm_nightmare.d3dbsp|col_map|zone_source/zm_nightmare.zone|csv
1199,xanim,ai_zombie_base_walk_au_v3_pain_chest_f,49352,0,|zm_factory_zombie.ai_am|animmappingtable|spawner_zm_factory_zombie|aitype|maps/zm/zm_nightmare.d3dbsp|col_map|zone_source/zm_nightmare.zone|csv
1200,xanim,ai_zombie_base_walk_au_v3_pain_chest_f_alt,49575,0,|zm_factory_zombie.ai_am|animmappingtable|spawner_zm_factory_zombie|aitype|maps/zm/zm_nightmare.d3dbsp|col_map|zone_source/zm_nightmare.zone|csv
1201,xanim,ai_zombie_base_walk_au_v4,37374,0,|zm_factory_zombie.ai_am|animmappingtable|spawner_zm_factory_zombie|aitype|maps/zm/zm_nightmare.d3dbsp|col_map|zone_source/zm_nightmare.zone|csv
1202,xanim,ai_zombie_base_walk_au_v4_pain_chest_f,38634,0,|zm_factory_zombie.ai_am|animmappingtable|spawner_zm_factory_zombie|aitype|maps/zm/zm_nightmare.d3dbsp|col_map|zone_source/zm_nightmare.zone|csv
1203,xanim,ai_zombie_base_walk_au_v4_pain_chest_f_alt,38582,0,|zm_factory_zombie.ai_am|animmappingtable|spawner_zm_factory_zombie|aitype|maps/zm/zm_nightmare.d3dbsp|col_map|zone_source/zm_nightmare.zone|csv
1204,xanim,ai_zombie_base_walk_au_v5,72410,0,|zm_factory_zombie.ai_am|animmappingtable|spawner_zm_factory_zombie|aitype|maps/zm/zm_nightmare.d3dbsp|col_map|zone_source/zm_nightmare.zone|csv
1205,xanim,ai_zombie_base_walk_au_v5_pain_chest_f,72744,0,|zm_factory_zombie.ai_am|animmappingtable|spawner_zm_factory_zombie|aitype|maps/zm/zm_nightmare.d3dbsp|col_map|zone_source/zm_nightmare.zone|csv
1206,xanim,ai_zombie_base_walk_au_v5_pain_chest_f_alt,72680,0,|zm_factory_zombie.ai_am|animmappingtable|spawner_zm_factory_zombie|aitype|maps/zm/zm_nightmare.d3dbsp|col_map|zone_source/zm_nightmare.zone|csv
1207,xanim,ai_zombie_base_walk_au_v23,110559,0,|zm_factory_zombie.ai_am|animmappingtable|spawner_zm_factory_zombie|aitype|maps/zm/zm_nightmare.d3dbsp|col_map|zone_source/zm_nightmare.zone|csv
1208,xanim,ai_zombie_base_walk_au_v23_pain_chest_f,103353,0,|zm_factory_zombie.ai_am|animmappingtable|spawner_zm_factory_zombie|aitype|maps/zm/zm_nightmare.d3dbsp|col_map|zone_source/zm_nightmare.zone|csv
1209,xanim,ai_zombie_base_walk_au_v23_pain_chest_f_alt,107398,0,|zm_factory_zombie.ai_am|animmappingtable|spawner_zm_factory_zombie|aitype|maps/zm/zm_nightmare.d3dbsp|col_map|zone_source/zm_nightmare.zone|csv
1210,xanim,ai_zombie_base_walk_au_v7,63414,0,|zm_factory_zombie.ai_am|animmappingtable|spawner_zm_factory_zombie|aitype|maps/zm/zm_nightmare.d3dbsp|col_map|zone_source/zm_nightmare.zone|csv
1211,xanim,ai_zombie_base_walk_au_v7_pain_chest_f,63624,0,|zm_factory_zombie.ai_am|animmappingtable|spawner_zm_factory_zombie|aitype|maps/zm/zm_nightmare.d3dbsp|col_map|zone_source/zm_nightmare.zone|csv
1212,xanim,ai_zombie_base_walk_au_v7_pain_chest_f_alt,63648,0,|zm_factory_zombie.ai_am|animmappingtable|spawner_zm_factory_zombie|aitype|maps/zm/zm_nightmare.d3dbsp|col_map|zone_source/zm_nightmare.zone|csv
1213,xanim,ai_zombie_base_walk_au_v8,68405,0,|zm_factory_zombie.ai_am|animmappingtable|spawner_zm_factory_zombie|aitype|maps/zm/zm_nightmare.d3dbsp|col_map|zone_source/zm_nightmare.zone|csv
1214,xanim,ai_zombie_base_walk_au_v8_pain_chest_f,68133,0,|zm_factory_zombie.ai_am|animmappingtable|spawner_zm_factory_zombie|aitype|maps/zm/zm_nightmare.d3dbsp|col_map|zone_source/zm_nightmare.zone|csv
1215,xanim,ai_zombie_base_walk_au_v8_pain_chest_f_alt,68636,0,|zm_factory_zombie.ai_am|animmappingtable|spawner_zm_factory_zombie|aitype|maps/zm/zm_nightmare.d3dbsp|col_map|zone_source/zm_nightmare.zone|csv
1216,xanim,ai_zombie_base_walk_au_v6,66782,0,|zm_factory_zombie.ai_am|animmappingtable|spawner_zm_factory_zombie|aitype|maps/zm/zm_nightmare.d3dbsp|col_map|zone_source/zm_nightmare.zone|csv
1217,xanim,ai_zombie_base_walk_au_v6_pain_chest_f,66682,0,|zm_factory_zombie.ai_am|animmappingtable|spawner_zm_factory_zombie|aitype|maps/zm/zm_nightmare.d3dbsp|col_map|zone_source/zm_nightmare.zone|csv
1218,xanim,ai_zombie_base_walk_au_v6_pain_chest_f_alt,66738,0,|zm_factory_zombie.ai_am|animmappingtable|spawner_zm_factory_zombie|aitype|maps/zm/zm_nightmare.d3dbsp|col_map|zone_source/zm_nightmare.zone|csv
1219,xanim,ai_zombie_base_walk_au_v10,72798,0,|zm_factory_zombie.ai_am|animmappingtable|spawner_zm_factory_zombie|aitype|maps/zm/zm_nightmare.d3dbsp|col_map|zone_source/zm_nightmare.zone|csv
1220,xanim,ai_zombie_base_walk_au_v10_pain_chest_f,72746,0,|zm_factory_zombie.ai_am|animmappingtable|spawner_zm_factory_zombie|aitype|maps/zm/zm_nightmare.d3dbsp|col_map|zone_source/zm_nightmare.zone|csv
1221,xanim,ai_zombie_base_walk_au_v10_pain_chest_f_alt,72871,0,|zm_factory_zombie.ai_am|animmappingtable|spawner_zm_factory_zombie|aitype|maps/zm/zm_nightmare.d3dbsp|col_map|zone_source/zm_nightmare.zone|csv
1222,xanim,rtrg_ai_zm_dlc1_zombie_walk_lowg_v1,66733,0,|zm_factory_zombie.ai_am|animmappingtable|spawner_zm_factory_zombie|aitype|maps/zm/zm_nightmare.d3dbsp|col_map|zone_source/zm_nightmare.zone|csv
1223,xanim,rtrg_ai_zm_dlc1_zombie_walk_lowg_v2,36924,0,|zm_factory_zombie.ai_am|animmappingtable|spawner_zm_factory_zombie|aitype|maps/zm/zm_nightmare.d3dbsp|col_map|zone_source/zm_nightmare.zone|csv
1224,xanim,rtrg_ai_zm_dlc1_zombie_walk_lowg_v3,50174,0,|zm_factory_zombie.ai_am|animmappingtable|spawner_zm_factory_zombie|aitype|maps/zm/zm_nightmare.d3dbsp|col_map|zone_source/zm_nightmare.zone|csv
1225,xanim,rtrg_ai_zm_dlc1_zombie_walk_lowg_v4,30772,0,|zm_factory_zombie.ai_am|animmappingtable|spawner_zm_factory_zombie|aitype|maps/zm/zm_nightmare.d3dbsp|col_map|zone_source/zm_nightmare.zone|csv
1226,xanim,ai_zombie_base_walk_turn_135_l_v3,56889,0,|zm_factory_zombie.ai_am|animmappingtable|spawner_zm_factory_zombie|aitype|maps/zm/zm_nightmare.d3dbsp|col_map|zone_source/zm_nightmare.zone|csv
1227,xanim,ai_zombie_base_walk_turn_135_r_v2,33093,0,|zm_factory_zombie.ai_am|animmappingtable|spawner_zm_factory_zombie|aitype|maps/zm/zm_nightmare.d3dbsp|col_map|zone_source/zm_nightmare.zone|csv
1228,xanim,ai_zombie_base_walk_turn_180_l_v3,34330,0,|zm_factory_zombie.ai_am|animmappingtable|spawner_zm_factory_zombie|aitype|maps/zm/zm_nightmare.d3dbsp|col_map|zone_source/zm_nightmare.zone|csv
1229,xanim,ai_zombie_base_walk_turn_180_r_v3,44285,0,|zm_factory_zombie.ai_am|animmappingtable|spawner_zm_factory_zombie|aitype|maps/zm/zm_nightmare.d3dbsp|col_map|zone_source/zm_nightmare.zone|csv
1230,xanim,ai_zombie_base_walk_turn_45_l_v2,35443,0,|zm_factory_zombie.ai_am|animmappingtable|spawner_zm_factory_zombie|aitype|maps/zm/zm_nightmare.d3dbsp|col_map|zone_source/zm_nightmare.zone|csv
1231,xanim,ai_zombie_base_walk_turn_45_r_v2,46857,0,|zm_factory_zombie.ai_am|animmappingtable|spawner_zm_factory_zombie|aitype|maps/zm/zm_nightmare.d3dbsp|col_map|zone_source/zm_nightmare.zone|csv
1232,xanim,ai_zombie_base_walk_turn_90_l_v2,33529,0,|zm_factory_zombie.ai_am|animmappingtable|spawner_zm_factory_zombie|aitype|maps/zm/zm_nightmare.d3dbsp|col_map|zone_source/zm_nightmare.zone|csv
1233,xanim,ai_zombie_base_walk_turn_90_r_v2,37583,0,|zm_factory_zombie.ai_am|animmappingtable|spawner_zm_factory_zombie|aitype|maps/zm/zm_nightmare.d3dbsp|col_map|zone_source/zm_nightmare.zone|csv
1234,xanim,void,6,0,|zm_factory_zombie.ai_am|animmappingtable|spawner_zm_factory_zombie|aitype|maps/zm/zm_nightmare.d3dbsp|col_map|zone_source/zm_nightmare.zone|csv
1235,animmappingtable,zm_factory_zombie.ai_am,11693,0,|spawner_zm_factory_zombie|aitype|maps/zm/zm_nightmare.d3dbsp|col_map|zone_source/zm_nightmare.zone|csv
1236,aimtable,soldier_aim,13,0,|spawner_zm_factory_zombie|aitype|maps/zm/zm_nightmare.d3dbsp|col_map|zone_source/zm_nightmare.zone|csv
1237,material,ei/gfx_smk_billow_sm_anim_lit,31,0,|player/fx_plyr_jump_dust_dirt|fx|player_jump_start|surfacefxtable|c_54i_grunt_fx_table|scriptbundle|spawner_zm_factory_zombie|aitype|maps/zm/zm_nightmare.d3dbsp|col_map|zone_source/zm_nightmare.zone|csv
1238,fx,player/fx_plyr_jump_dust,26,0,|player_jump_start|surfacefxtable|c_54i_grunt_fx_table|scriptbundle|spawner_zm_factory_zombie|aitype|maps/zm/zm_nightmare.d3dbsp|col_map|zone_source/zm_nightmare.zone|csv
1239,fx,player/fx_plyr_jump_dust_dirt,31,0,|player_jump_start|surfacefxtable|c_54i_grunt_fx_table|scriptbundle|spawner_zm_factory_zombie|aitype|maps/zm/zm_nightmare.d3dbsp|col_map|zone_source/zm_nightmare.zone|csv
1240,surfacefxtable,player_jump_start,19,0,|c_54i_grunt_fx_table|scriptbundle|spawner_zm_factory_zombie|aitype|maps/zm/zm_nightmare.d3dbsp|col_map|zone_source/zm_nightmare.zone|csv
1241,material,ei/gfx_fog_slow_lg_anim_lit,29,0,|player/fx_plyr_land_dust_dirt_xlg|fx|player_vtol_drop|surfacefxtable|c_54i_grunt_fx_table|scriptbundle|spawner_zm_factory_zombie|aitype|maps/zm/zm_nightmare.d3dbsp|col_map|zone_source/zm_nightmare.zone|csv
1242,material,ei/gfx_smk_billow_thick_anim_lit_full_lite,44,0,|player/fx_plyr_land_dust_dirt_xlg|fx|player_vtol_drop|surfacefxtable|c_54i_grunt_fx_table|scriptbundle|spawner_zm_factory_zombie|aitype|maps/zm/zm_nightmare.d3dbsp|col_map|zone_source/zm_nightmare.zone|csv
1243,fx,player/fx_plyr_land_dust_xlg,30,0,|player_vtol_drop|surfacefxtable|c_54i_grunt_fx_table|scriptbundle|spawner_zm_factory_zombie|aitype|maps/zm/zm_nightmare.d3dbsp|col_map|zone_source/zm_nightmare.zone|csv
1244,fx,player/fx_plyr_land_dust_dirt_xlg,35,0,|player_vtol_drop|surfacefxtable|c_54i_grunt_fx_table|scriptbundle|spawner_zm_factory_zombie|aitype|maps/zm/zm_nightmare.d3dbsp|col_map|zone_source/zm_nightmare.zone|csv
1245,surfacefxtable,player_vtol_drop,18,0,|c_54i_grunt_fx_table|scriptbundle|spawner_zm_factory_zombie|aitype|maps/zm/zm_nightmare.d3dbsp|col_map|zone_source/zm_nightmare.zone|csv
1246,material,ei/gfx_fog_slow_md_anim_lit,29,0,|player/fx_plyr_footstep_dust_dirt|fx|player_footstep|surfacefxtable|c_54i_grunt_fx_table|scriptbundle|spawner_zm_factory_zombie|aitype|maps/zm/zm_nightmare.d3dbsp|col_map|zone_source/zm_nightmare.zone|csv
1247,fx,player/fx_plyr_footstep_dust,30,0,|player_footstep|surfacefxtable|c_54i_grunt_fx_table|scriptbundle|spawner_zm_factory_zombie|aitype|maps/zm/zm_nightmare.d3dbsp|col_map|zone_source/zm_nightmare.zone|csv
1248,fx,player/fx_plyr_footstep_dust_dirt,35,0,|player_footstep|surfacefxtable|c_54i_grunt_fx_table|scriptbundle|spawner_zm_factory_zombie|aitype|maps/zm/zm_nightmare.d3dbsp|col_map|zone_source/zm_nightmare.zone|csv
1249,surfacefxtable,player_footstep,17,0,|c_54i_grunt_fx_table|scriptbundle|spawner_zm_factory_zombie|aitype|maps/zm/zm_nightmare.d3dbsp|col_map|zone_source/zm_nightmare.zone|csv
1250,scriptbundle,c_54i_grunt_fx_table,237,0,|spawner_zm_factory_zombie|aitype|maps/zm/zm_nightmare.d3dbsp|col_map|zone_source/zm_nightmare.zone|csv
1251,attachmentcosmeticvariant,defaultattachmentcosmeticvariant,34,0,|zombie_ai_defaultmelee_zm|weapon|spawner_zm_factory_zombie|aitype|maps/zm/zm_nightmare.d3dbsp|col_map|zone_source/zm_nightmare.zone|csv
1252,weapon,zombie_ai_defaultmelee_zm,9606,0,|spawner_zm_factory_zombie|aitype|maps/zm/zm_nightmare.d3dbsp|col_map|zone_source/zm_nightmare.zone|csv
1253,image,t7_cp_hud_tacmode_type_amws,5764,0,|spawner_zm_factory_zombie|aitype|maps/zm/zm_nightmare.d3dbsp|col_map|zone_source/zm_nightmare.zone|csv
1254,aitype,spawner_zm_factory_zombie,48,0,|maps/zm/zm_nightmare.d3dbsp|col_map|zone_source/zm_nightmare.zone|csv
1255,material,mc/bullet_collision_wood,1388,0,|p7_fxanim_zm_zod_drop_down_buy_gate_mod|xmodel|maps/zm/zm_nightmare.d3dbsp|col_map|zone_source/zm_nightmare.zone|csv
1256,material,mc/bullet_collision_metal,27,0,|p7_fxanim_zm_zod_drop_down_buy_gate_mod|xmodel|maps/zm/zm_nightmare.d3dbsp|col_map|zone_source/zm_nightmare.zone|csv
1257,image,i_mtl_p7_zm_zod_drop_down_buy_gate_n,133,190112,|mc/mtl_p7_zm_zod_drop_down_buy_gate|material|p7_fxanim_zm_zod_drop_down_buy_gate_mod|xmodel|maps/zm/zm_nightmare.d3dbsp|col_map|zone_source/zm_nightmare.zone|csv
1258,image,i_mtl_p7_zm_zod_drop_down_buy_gate_c,277,109208,|mc/mtl_p7_zm_zod_drop_down_buy_gate|material|p7_fxanim_zm_zod_drop_down_buy_gate_mod|xmodel|maps/zm/zm_nightmare.d3dbsp|col_map|zone_source/zm_nightmare.zone|csv
1259,image,i_t7_decal_grunge_water_droplets_blend_n,297,1441800,|mc/mtl_p7_zm_zod_drop_down_buy_gate|material|p7_fxanim_zm_zod_drop_down_buy_gate_mod|xmodel|maps/zm/zm_nightmare.d3dbsp|col_map|zone_source/zm_nightmare.zone|csv
1260,material,mc/mtl_p7_zm_zod_drop_down_buy_gate,1122,0,|p7_fxanim_zm_zod_drop_down_buy_gate_mod|xmodel|maps/zm/zm_nightmare.d3dbsp|col_map|zone_source/zm_nightmare.zone|csv
1261,material,mc/t7_wood_beam_worn_oak_bleached_dark_wet,1536,0,|p7_fxanim_zm_zod_drop_down_buy_gate_mod|xmodel|maps/zm/zm_nightmare.d3dbsp|col_map|zone_source/zm_nightmare.zone|csv
1262,image,i_t7_decal_blood_drips_01_n,172,393248,|mc/t7_decal_blood_drips_01|material|p7_fxanim_zm_zod_drop_down_buy_gate_mod|xmodel|maps/zm/zm_nightmare.d3dbsp|col_map|zone_source/zm_nightmare.zone|csv
1263,image,i_t7_decal_blood_drips_01_c,284,393216,|mc/t7_decal_blood_drips_01|material|p7_fxanim_zm_zod_drop_down_buy_gate_mod|xmodel|maps/zm/zm_nightmare.d3dbsp|col_map|zone_source/zm_nightmare.zone|csv
1264,material,mc/t7_decal_blood_drips_01,1192,0,|p7_fxanim_zm_zod_drop_down_buy_gate_mod|xmodel|maps/zm/zm_nightmare.d3dbsp|col_map|zone_source/zm_nightmare.zone|csv
1265,xmodelmesh,p7_fxanim_zm_zod_drop_down_buy_gate_lod0e0958675,928,73680,|p7_fxanim_zm_zod_drop_down_buy_gate_mod|xmodel|maps/zm/zm_nightmare.d3dbsp|col_map|zone_source/zm_nightmare.zone|csv
1266,xmodelmesh,p7_fxanim_zm_zod_drop_down_buy_gate_lod052b9056f,928,116848,|p7_fxanim_zm_zod_drop_down_buy_gate_mod|xmodel|maps/zm/zm_nightmare.d3dbsp|col_map|zone_source/zm_nightmare.zone|csv
1267,xmodelmesh,p7_fxanim_zm_zod_drop_down_buy_gate_colb8092cef,12056,0,|p7_fxanim_zm_zod_drop_down_buy_gate_mod|xmodel|maps/zm/zm_nightmare.d3dbsp|col_map|zone_source/zm_nightmare.zone|csv
1268,xmodel,p7_fxanim_zm_zod_drop_down_buy_gate_mod,8744,0,|maps/zm/zm_nightmare.d3dbsp|col_map|zone_source/zm_nightmare.zone|csv
1269,techset,mc/lit_advanced#e6142445,26,0,|mc/mtl_p7_zm_vending_packapunch|material|p7_zm_der2_vending_packapunch_sign_wait|xmodel|zmcore_packapunch|zbarrier|maps/zm/zm_nightmare.d3dbsp|col_map|zone_source/zm_nightmare.zone|csv
1270,image,i_mtl_p7_zm_vending_packapunch_moving_o,96,93416,|mc/mtl_p7_zm_vending_pap_logo|material|p7_zm_vending_packapunch_on|xmodel|zmcore_packapunch|zbarrier|maps/zm/zm_nightmare.d3dbsp|col_map|zone_source/zm_nightmare.zone|csv
1271,image,i_mtl_p7_zm_vending_packapunch_moving_n,304,1419960,|mc/mtl_p7_zm_vending_pap_logo|material|p7_zm_vending_packapunch_on|xmodel|zmcore_packapunch|zbarrier|maps/zm/zm_nightmare.d3dbsp|col_map|zone_source/zm_nightmare.zone|csv
1272,image,i_mtl_p7_zm_vending_packapunch_moving_g,288,742728,|mc/mtl_p7_zm_vending_pap_logo|material|p7_zm_vending_packapunch_on|xmodel|zmcore_packapunch|zbarrier|maps/zm/zm_nightmare.d3dbsp|col_map|zone_source/zm_nightmare.zone|csv
1273,image,i_mtl_p7_zm_vending_packapunch_moving_c,304,1419960,|mc/mtl_p7_zm_vending_pap_logo|material|p7_zm_vending_packapunch_on|xmodel|zmcore_packapunch|zbarrier|maps/zm/zm_nightmare.d3dbsp|col_map|zone_source/zm_nightmare.zone|csv
1274,image,i_mtl_p7_zm_vending_packapunch_moving_s,288,742728,|mc/mtl_p7_zm_vending_pap_logo|material|p7_zm_vending_packapunch_on|xmodel|zmcore_packapunch|zbarrier|maps/zm/zm_nightmare.d3dbsp|col_map|zone_source/zm_nightmare.zone|csv
1275,material,mc/mtl_p7_zm_vending_pap_detail,1294,0,|p7_zm_vending_packapunch_on|xmodel|zmcore_packapunch|zbarrier|maps/zm/zm_nightmare.d3dbsp|col_map|zone_source/zm_nightmare.zone|csv
1276,image,i_mtl_p7_zm_vending_pap_frame_right_o,94,65536,|mc/mtl_p7_zm_vending_pap_frame_right|material|p7_zm_vending_packapunch_on|xmodel|zmcore_packapunch|zbarrier|maps/zm/zm_nightmare.d3dbsp|col_map|zone_source/zm_nightmare.zone|csv
1277,image,i_mtl_p7_zm_vending_pap_frame_right_n,302,1419960,|mc/mtl_p7_zm_vending_pap_frame_right|material|p7_zm_vending_packapunch_on|xmodel|zmcore_packapunch|zbarrier|maps/zm/zm_nightmare.d3dbsp|col_map|zone_source/zm_nightmare.zone|csv
1278,image,i_mtl_p7_zm_vending_pap_frame_right_g,286,742728,|mc/mtl_p7_zm_vending_pap_frame_right|material|p7_zm_vending_packapunch_on|xmodel|zmcore_packapunch|zbarrier|maps/zm/zm_nightmare.d3dbsp|col_map|zone_source/zm_nightmare.zone|csv
1279,image,i_mtl_p7_zm_vending_pap_frame_right_c,294,720896,|mc/mtl_p7_zm_vending_pap_frame_right|material|p7_zm_vending_packapunch_on|xmodel|zmcore_packapunch|zbarrier|maps/zm/zm_nightmare.d3dbsp|col_map|zone_source/zm_nightmare.zone|csv
1280,image,i_mtl_p7_zm_vending_pap_frame_right_s,294,720896,|mc/mtl_p7_zm_vending_pap_frame_right|material|p7_zm_vending_packapunch_on|xmodel|zmcore_packapunch|zbarrier|maps/zm/zm_nightmare.d3dbsp|col_map|zone_source/zm_nightmare.zone|csv
1281,material,mc/mtl_p7_zm_vending_pap_frame_right,1402,0,|p7_zm_vending_packapunch_on|xmodel|zmcore_packapunch|zbarrier|maps/zm/zm_nightmare.d3dbsp|col_map|zone_source/zm_nightmare.zone|csv
1282,image,i_mtl_p7_zm_vending_pap_frame_left_o,293,65536,|mc/mtl_p7_zm_vending_pap_frame_left|material|p7_zm_vending_packapunch_on|xmodel|zmcore_packapunch|zbarrier|maps/zm/zm_nightmare.d3dbsp|col_map|zone_source/zm_nightmare.zone|csv
1283,image,i_mtl_p7_zm_vending_pap_frame_left_n,301,1419960,|mc/mtl_p7_zm_vending_pap_frame_left|material|p7_zm_vending_packapunch_on|xmodel|zmcore_packapunch|zbarrier|maps/zm/zm_nightmare.d3dbsp|col_map|zone_source/zm_nightmare.zone|csv
1284,image,i_mtl_p7_zm_vending_pap_frame_left_g,285,742728,|mc/mtl_p7_zm_vending_pap_frame_left|material|p7_zm_vending_packapunch_on|xmodel|zmcore_packapunch|zbarrier|maps/zm/zm_nightmare.d3dbsp|col_map|zone_source/zm_nightmare.zone|csv
1285,image,i_mtl_p7_zm_vending_pap_frame_left_c,293,720896,|mc/mtl_p7_zm_vending_pap_frame_left|material|p7_zm_vending_packapunch_on|xmodel|zmcore_packapunch|zbarrier|maps/zm/zm_nightmare.d3dbsp|col_map|zone_source/zm_nightmare.zone|csv
1286,image,i_mtl_p7_zm_vending_pap_frame_left_s,293,720896,|mc/mtl_p7_zm_vending_pap_frame_left|material|p7_zm_vending_packapunch_on|xmodel|zmcore_packapunch|zbarrier|maps/zm/zm_nightmare.d3dbsp|col_map|zone_source/zm_nightmare.zone|csv
1287,material,mc/mtl_p7_zm_vending_pap_frame_left,951,0,|p7_zm_vending_packapunch_on|xmodel|zmcore_packapunch|zbarrier|maps/zm/zm_nightmare.d3dbsp|col_map|zone_source/zm_nightmare.zone|csv
1288,image,i_mtl_p7_zm_vending_pap_side_inside_o,294,65536,|mc/mtl_p7_zm_vending_pap_side_inside|material|p7_zm_vending_packapunch_on|xmodel|zmcore_packapunch|zbarrier|maps/zm/zm_nightmare.d3dbsp|col_map|zone_source/zm_nightmare.zone|csv
1289,image,i_mtl_p7_zm_vending_pap_side_inside_n,302,1419960,|mc/mtl_p7_zm_vending_pap_side_inside|material|p7_zm_vending_packapunch_on|xmodel|zmcore_packapunch|zbarrier|maps/zm/zm_nightmare.d3dbsp|col_map|zone_source/zm_nightmare.zone|csv
1290,image,i_mtl_p7_zm_vending_pap_side_inside_g,286,742728,|mc/mtl_p7_zm_vending_pap_side_inside|material|p7_zm_vending_packapunch_on|xmodel|zmcore_packapunch|zbarrier|maps/zm/zm_nightmare.d3dbsp|col_map|zone_source/zm_nightmare.zone|csv
1291,image,i_mtl_p7_zm_vending_pap_side_inside_c,294,720896,|mc/mtl_p7_zm_vending_pap_side_inside|material|p7_zm_vending_packapunch_on|xmodel|zmcore_packapunch|zbarrier|maps/zm/zm_nightmare.d3dbsp|col_map|zone_source/zm_nightmare.zone|csv
1292,image,i_mtl_p7_zm_vending_pap_side_inside_s,294,720896,|mc/mtl_p7_zm_vending_pap_side_inside|material|p7_zm_vending_packapunch_on|xmodel|zmcore_packapunch|zbarrier|maps/zm/zm_nightmare.d3dbsp|col_map|zone_source/zm_nightmare.zone|csv
1293,material,mc/mtl_p7_zm_vending_pap_side_inside,946,0,|p7_zm_vending_packapunch_on|xmodel|zmcore_packapunch|zbarrier|maps/zm/zm_nightmare.d3dbsp|col_map|zone_source/zm_nightmare.zone|csv
1294,image,i_mtl_p7_zm_vending_pap_top_main_o,291,65536,|mc/mtl_p7_zm_vending_pap_top_main|material|p7_zm_vending_packapunch_on|xmodel|zmcore_packapunch|zbarrier|maps/zm/zm_nightmare.d3dbsp|col_map|zone_source/zm_nightmare.zone|csv
1295,image,i_mtl_p7_zm_vending_pap_top_main_n,299,1419960,|mc/mtl_p7_zm_vending_pap_top_main|material|p7_zm_vending_packapunch_on|xmodel|zmcore_packapunch|zbarrier|maps/zm/zm_nightmare.d3dbsp|col_map|zone_source/zm_nightmare.zone|csv
1296,image,i_mtl_p7_zm_vending_pap_top_main_g,283,742728,|mc/mtl_p7_zm_vending_pap_top_main|material|p7_zm_vending_packapunch_on|xmodel|zmcore_packapunch|zbarrier|maps/zm/zm_nightmare.d3dbsp|col_map|zone_source/zm_nightmare.zone|csv
1297,image,i_mtl_p7_zm_vending_pap_top_main_c,291,720896,|mc/mtl_p7_zm_vending_pap_top_main|material|p7_zm_vending_packapunch_on|xmodel|zmcore_packapunch|zbarrier|maps/zm/zm_nightmare.d3dbsp|col_map|zone_source/zm_nightmare.zone|csv
1298,image,i_mtl_p7_zm_vending_pap_top_main_s,291,720896,|mc/mtl_p7_zm_vending_pap_top_main|material|p7_zm_vending_packapunch_on|xmodel|zmcore_packapunch|zbarrier|maps/zm/zm_nightmare.d3dbsp|col_map|zone_source/zm_nightmare.zone|csv
1299,material,mc/mtl_p7_zm_vending_pap_top_main,945,0,|p7_zm_vending_packapunch_on|xmodel|zmcore_packapunch|zbarrier|maps/zm/zm_nightmare.d3dbsp|col_map|zone_source/zm_nightmare.zone|csv
1300,image,i_mtl_p7_zm_vending_pap_top_o,286,65536,|mc/mtl_p7_zm_vending_pap_top|material|p7_zm_vending_packapunch_on|xmodel|zmcore_packapunch|zbarrier|maps/zm/zm_nightmare.d3dbsp|col_map|zone_source/zm_nightmare.zone|csv
1301,image,i_mtl_p7_zm_vending_pap_top_n,294,1419960,|mc/mtl_p7_zm_vending_pap_top|material|p7_zm_vending_packapunch_on|xmodel|zmcore_packapunch|zbarrier|maps/zm/zm_nightmare.d3dbsp|col_map|zone_source/zm_nightmare.zone|csv
1302,image,i_mtl_p7_zm_vending_pap_top_g,278,742728,|mc/mtl_p7_zm_vending_pap_top|material|p7_zm_vending_packapunch_on|xmodel|zmcore_packapunch|zbarrier|maps/zm/zm_nightmare.d3dbsp|col_map|zone_source/zm_nightmare.zone|csv
1303,image,i_mtl_p7_zm_vending_pap_top_c,286,720896,|mc/mtl_p7_zm_vending_pap_top|material|p7_zm_vending_packapunch_on|xmodel|zmcore_packapunch|zbarrier|maps/zm/zm_nightmare.d3dbsp|col_map|zone_source/zm_nightmare.zone|csv
1304,image,i_mtl_p7_zm_vending_pap_top_s,286,720896,|mc/mtl_p7_zm_vending_pap_top|material|p7_zm_vending_packapunch_on|xmodel|zmcore_packapunch|zbarrier|maps/zm/zm_nightmare.d3dbsp|col_map|zone_source/zm_nightmare.zone|csv
1305,material,mc/mtl_p7_zm_vending_pap_top,922,0,|p7_zm_vending_packapunch_on|xmodel|zmcore_packapunch|zbarrier|maps/zm/zm_nightmare.d3dbsp|col_map|zone_source/zm_nightmare.zone|csv
1306,image,i_mtl_p7_zm_vending_pap_front_side_o,293,65536,|mc/mtl_p7_zm_vending_pap_front_side|material|p7_zm_vending_packapunch_on|xmodel|zmcore_packapunch|zbarrier|maps/zm/zm_nightmare.d3dbsp|col_map|zone_source/zm_nightmare.zone|csv
1307,image,i_mtl_p7_zm_vending_pap_front_side_n,301,1419960,|mc/mtl_p7_zm_vending_pap_front_side|material|p7_zm_vending_packapunch_on|xmodel|zmcore_packapunch|zbarrier|maps/zm/zm_nightmare.d3dbsp|col_map|zone_source/zm_nightmare.zone|csv
1308,image,i_mtl_p7_zm_vending_pap_front_side_g,285,742728,|mc/mtl_p7_zm_vending_pap_front_side|material|p7_zm_vending_packapunch_on|xmodel|zmcore_packapunch|zbarrier|maps/zm/zm_nightmare.d3dbsp|col_map|zone_source/zm_nightmare.zone|csv
1309,image,i_mtl_p7_zm_vending_pap_front_side_c,293,720896,|mc/mtl_p7_zm_vending_pap_front_side|material|p7_zm_vending_packapunch_on|xmodel|zmcore_packapunch|zbarrier|maps/zm/zm_nightmare.d3dbsp|col_map|zone_source/zm_nightmare.zone|csv
1310,image,i_mtl_p7_zm_vending_pap_front_side_s,293,720896,|mc/mtl_p7_zm_vending_pap_front_side|material|p7_zm_vending_packapunch_on|xmodel|zmcore_packapunch|zbarrier|maps/zm/zm_nightmare.d3dbsp|col_map|zone_source/zm_nightmare.zone|csv
1311,material,mc/mtl_p7_zm_vending_pap_front_side,951,0,|p7_zm_vending_packapunch_on|xmodel|zmcore_packapunch|zbarrier|maps/zm/zm_nightmare.d3dbsp|col_map|zone_source/zm_nightmare.zone|csv
1312,image,i_mtl_p7_zm_vending_pap_bottom_back_o,294,65536,|mc/mtl_p7_zm_vending_pap_bottom_back|material|p7_zm_vending_packapunch_on|xmodel|zmcore_packapunch|zbarrier|maps/zm/zm_nightmare.d3dbsp|col_map|zone_source/zm_nightmare.zone|csv
1313,image,i_mtl_p7_zm_vending_pap_bottom_back_n,302,1419960,|mc/mtl_p7_zm_vending_pap_bottom_back|material|p7_zm_vending_packapunch_on|xmodel|zmcore_packapunch|zbarrier|maps/zm/zm_nightmare.d3dbsp|col_map|zone_source/zm_nightmare.zone|csv
1314,image,i_mtl_p7_zm_vending_pap_bottom_back_g,286,742728,|mc/mtl_p7_zm_vending_pap_bottom_back|material|p7_zm_vending_packapunch_on|xmodel|zmcore_packapunch|zbarrier|maps/zm/zm_nightmare.d3dbsp|col_map|zone_source/zm_nightmare.zone|csv
1315,image,i_mtl_p7_zm_vending_pap_bottom_back_c,294,720896,|mc/mtl_p7_zm_vending_pap_bottom_back|material|p7_zm_vending_packapunch_on|xmodel|zmcore_packapunch|zbarrier|maps/zm/zm_nightmare.d3dbsp|col_map|zone_source/zm_nightmare.zone|csv
1316,image,i_mtl_p7_zm_vending_pap_bottom_back_s,294,720896,|mc/mtl_p7_zm_vending_pap_bottom_back|material|p7_zm_vending_packapunch_on|xmodel|zmcore_packapunch|zbarrier|maps/zm/zm_nightmare.d3dbsp|col_map|zone_source/zm_nightmare.zone|csv
1317,material,mc/mtl_p7_zm_vending_pap_bottom_back,946,0,|p7_zm_vending_packapunch_on|xmodel|zmcore_packapunch|zbarrier|maps/zm/zm_nightmare.d3dbsp|col_map|zone_source/zm_nightmare.zone|csv
1318,image,i_mtl_p7_zm_vending_packapunch_o,289,65536,|mc/mtl_p7_zm_vending_packapunch|material|p7_zm_der2_vending_packapunch_sign_wait|xmodel|zmcore_packapunch|zbarrier|maps/zm/zm_nightmare.d3dbsp|col_map|zone_source/zm_nightmare.zone|csv
1319,image,i_mtl_p7_zm_vending_packapunch_n,297,1419960,|mc/mtl_p7_zm_vending_packapunch|material|p7_zm_der2_vending_packapunch_sign_wait|xmodel|zmcore_packapunch|zbarrier|maps/zm/zm_nightmare.d3dbsp|col_map|zone_source/zm_nightmare.zone|csv
1320,image,i_mtl_p7_zm_vending_packapunch_g,281,742728,|mc/mtl_p7_zm_vending_packapunch|material|p7_zm_der2_vending_packapunch_sign_wait|xmodel|zmcore_packapunch|zbarrier|maps/zm/zm_nightmare.d3dbsp|col_map|zone_source/zm_nightmare.zone|csv
1321,image,i_mtl_p7_zm_vending_packapunch_s,289,720896,|mc/mtl_p7_zm_vending_packapunch|material|p7_zm_der2_vending_packapunch_sign_wait|xmodel|zmcore_packapunch|zbarrier|maps/zm/zm_nightmare.d3dbsp|col_map|zone_source/zm_nightmare.zone|csv
1322,material,mc/mtl_p7_zm_vending_packapunch,924,0,|p7_zm_der2_vending_packapunch_sign_wait|xmodel|zmcore_packapunch|zbarrier|maps/zm/zm_nightmare.d3dbsp|col_map|zone_source/zm_nightmare.zone|csv
1323,techset,mc/lit_backlit#e6142445,290176,0,|mc/mtl_p7_zm_vending_packapunch_sign|material|p7_zm_vending_packapunch_on|xmodel|zmcore_packapunch|zbarrier|maps/zm/zm_nightmare.d3dbsp|col_map|zone_source/zm_nightmare.zone|csv
1324,image,i_mtl_p7_zm_vending_packapunch_moving_t,96,65536,|mc/mtl_p7_zm_vending_packapunch_sign|material|p7_zm_vending_packapunch_on|xmodel|zmcore_packapunch|zbarrier|maps/zm/zm_nightmare.d3dbsp|col_map|zone_source/zm_nightmare.zone|csv
1325,material,mc/mtl_p7_zm_vending_packapunch_sign,1312,0,|p7_zm_vending_packapunch_on|xmodel|zmcore_packapunch|zbarrier|maps/zm/zm_nightmare.d3dbsp|col_map|zone_source/zm_nightmare.zone|csv
1326,material,mc/mtl_p7_zm_vending_pap_roller,1256,0,|p7_zm_vending_packapunch_on|xmodel|zmcore_packapunch|zbarrier|maps/zm/zm_nightmare.d3dbsp|col_map|zone_source/zm_nightmare.zone|csv
1327,techset,mc/lit_decal_advanced#e6142445,32,0,|mc/mtl_p7_zm_vending_pap_logo|material|p7_zm_vending_packapunch_on|xmodel|zmcore_packapunch|zbarrier|maps/zm/zm_nightmare.d3dbsp|col_map|zone_source/zm_nightmare.zone|csv
1328,material,mc/mtl_p7_zm_vending_pap_logo,800,0,|p7_zm_vending_packapunch_on|xmodel|zmcore_packapunch|zbarrier|maps/zm/zm_nightmare.d3dbsp|col_map|zone_source/zm_nightmare.zone|csv
1329,image,i_mtl_p7_zm_vending_pap_leather_n,226,65624,|mc/mtl_p7_zm_vending_pap_leather_scroll|material|p7_zm_vending_packapunch_on|xmodel|zmcore_packapunch|zbarrier|maps/zm/zm_nightmare.d3dbsp|col_map|zone_source/zm_nightmare.zone|csv
1330,image,i_mtl_p7_zm_vending_pap_leather_c,226,43640,|mc/mtl_p7_zm_vending_pap_leather_scroll|material|p7_zm_vending_packapunch_on|xmodel|zmcore_packapunch|zbarrier|maps/zm/zm_nightmare.d3dbsp|col_map|zone_source/zm_nightmare.zone|csv
1331,material,mc/mtl_p7_zm_vending_pap_leather,828,0,|p7_zm_vending_packapunch|xmodel|zmcore_packapunch|zbarrier|maps/zm/zm_nightmare.d3dbsp|col_map|zone_source/zm_nightmare.zone|csv
1332,xmodelmesh,p7_zm_vending_packapunch_lod06728f20b,1616,297848,|p7_zm_vending_packapunch_on|xmodel|zmcore_packapunch|zbarrier|maps/zm/zm_nightmare.d3dbsp|col_map|zone_source/zm_nightmare.zone|csv
1333,xmodelmesh,p7_zm_vending_packapunch_lod0695684a2,1608,487408,|p7_zm_vending_packapunch_on|xmodel|zmcore_packapunch|zbarrier|maps/zm/zm_nightmare.d3dbsp|col_map|zone_source/zm_nightmare.zone|csv
1334,xmodelmesh,p7_zm_vending_pap_body_col75e90a9,39944,0,|p7_zm_vending_packapunch_on|xmodel|zmcore_packapunch|zbarrier|maps/zm/zm_nightmare.d3dbsp|col_map|zone_source/zm_nightmare.zone|csv
1335,xmodel,p7_zm_vending_packapunch,38132,0,|zmcore_packapunch|zbarrier|maps/zm/zm_nightmare.d3dbsp|col_map|zone_source/zm_nightmare.zone|csv
1336,techset,mc/lit_scroll_rotate#e6142445,266578,0,|mc/mtl_p7_zm_vending_pap_leather_scroll|material|p7_zm_vending_packapunch_on|xmodel|zmcore_packapunch|zbarrier|maps/zm/zm_nightmare.d3dbsp|col_map|zone_source/zm_nightmare.zone|csv
1337,material,mc/mtl_p7_zm_vending_pap_leather_scroll,1642,0,|p7_zm_vending_packapunch_on|xmodel|zmcore_packapunch|zbarrier|maps/zm/zm_nightmare.d3dbsp|col_map|zone_source/zm_nightmare.zone|csv
1338,xmodel,p7_zm_vending_packapunch_on,37844,0,|zmcore_packapunch|zbarrier|maps/zm/zm_nightmare.d3dbsp|col_map|zone_source/zm_nightmare.zone|csv
1339,techset,mc/lit_advanced_fullspec#e6142445,35,0,|mc/mtl_p7_zm_vending_packapunch_sign_wait|material|p7_zm_der2_vending_packapunch_sign_wait|xmodel|zmcore_packapunch|zbarrier|maps/zm/zm_nightmare.d3dbsp|col_map|zone_source/zm_nightmare.zone|csv
1340,image,i_mtl_p7_zm_vending_packapunch_sign_wait_g,99,88520,|mc/mtl_p7_zm_vending_packapunch_sign_wait|material|p7_zm_der2_vending_packapunch_sign_wait|xmodel|zmcore_packapunch|zbarrier|maps/zm/zm_nightmare.d3dbsp|col_map|zone_source/zm_nightmare.zone|csv
1341,image,i_mtl_p7_zm_vending_packapunch_sign_wait_c,299,65536,|mc/mtl_p7_zm_vending_packapunch_sign_wait|material|p7_zm_der2_vending_packapunch_sign_wait|xmodel|zmcore_packapunch|zbarrier|maps/zm/zm_nightmare.d3dbsp|col_map|zone_source/zm_nightmare.zone|csv
1342,image,i_mtl_p7_zm_vending_packapunch_sign_wait_s,299,65536,|mc/mtl_p7_zm_vending_packapunch_sign_wait|material|p7_zm_der2_vending_packapunch_sign_wait|xmodel|zmcore_packapunch|zbarrier|maps/zm/zm_nightmare.d3dbsp|col_map|zone_source/zm_nightmare.zone|csv
1343,material,mc/mtl_p7_zm_vending_packapunch_sign_wait,1176,0,|p7_zm_der2_vending_packapunch_sign_wait|xmodel|zmcore_packapunch|zbarrier|maps/zm/zm_nightmare.d3dbsp|col_map|zone_source/zm_nightmare.zone|csv
1344,xmodelmesh,p7_zm_der2_vending_packapunch_sign_wait_lod0a704097c,2456,0,|p7_zm_der2_vending_packapunch_sign_wait|xmodel|zmcore_packapunch|zbarrier|maps/zm/zm_nightmare.d3dbsp|col_map|zone_source/zm_nightmare.zone|csv
1345,xmodelmesh,p7_zm_der2_vending_packapunch_sign_wait_lod0a262e7d3,3416,0,|p7_zm_der2_vending_packapunch_sign_wait|xmodel|zmcore_packapunch|zbarrier|maps/zm/zm_nightmare.d3dbsp|col_map|zone_source/zm_nightmare.zone|csv
1346,xmodel,p7_zm_der2_vending_packapunch_sign_wait,1488,0,|zmcore_packapunch|zbarrier|maps/zm/zm_nightmare.d3dbsp|col_map|zone_source/zm_nightmare.zone|csv
1347,xmodelmesh,p7_zm_vending_packapunch_weapon_lod02b8eda8,1512,0,|p7_zm_vending_packapunch_weapon|xmodel|zmcore_packapunch|zbarrier|maps/zm/zm_nightmare.d3dbsp|col_map|zone_source/zm_nightmare.zone|csv
1348,xmodel,p7_zm_vending_packapunch_weapon,452,0,|zmcore_packapunch|zbarrier|maps/zm/zm_nightmare.d3dbsp|col_map|zone_source/zm_nightmare.zone|csv
1349,xanim,o_zombie_base_packapunch_poweron,518,0,|zmcore_packapunch|zbarrier|maps/zm/zm_nightmare.d3dbsp|col_map|zone_source/zm_nightmare.zone|csv
1350,xanim,o_zombie_base_packapunch_working_eject_gun,394,0,|zmcore_packapunch|zbarrier|maps/zm/zm_nightmare.d3dbsp|col_map|zone_source/zm_nightmare.zone|csv
1351,material,ei/gfx_spark_blink_anim_em,28,0,|zombie/fx_ritual_barrier_defend_door_wide_zod_zmb|fx|zone_source/zm_nightmare.zone|csv
1352,material,ei/gfx_light_ray_spread_streaks_em,104,0,|zombie/fx_packapunch_zmb|fx|o_zombie_base_packapunch_working_take_gun|xanim|zmcore_packapunch|zbarrier|maps/zm/zm_nightmare.d3dbsp|col_map|zone_source/zm_nightmare.zone|csv
1353,lightdescription,gfx_dlight_gen_omni_r25-72942508,33,0,|zombie/fx_packapunch_zmb|fx|o_zombie_base_packapunch_working_take_gun|xanim|zmcore_packapunch|zbarrier|maps/zm/zm_nightmare.d3dbsp|col_map|zone_source/zm_nightmare.zone|csv
1354,material,ei/gfx_fxt_light_glow_square_em,33,0,|zombie/fx_packapunch_zmb|fx|o_zombie_base_packapunch_working_take_gun|xanim|zmcore_packapunch|zbarrier|maps/zm/zm_nightmare.d3dbsp|col_map|zone_source/zm_nightmare.zone|csv
1355,material,ei/gfx_elec_arc_bolt_em,25,0,|zombie/fx_packapunch_zmb|fx|o_zombie_base_packapunch_working_take_gun|xanim|zmcore_packapunch|zbarrier|maps/zm/zm_nightmare.d3dbsp|col_map|zone_source/zm_nightmare.zone|csv
1356,material,ei/gfx_elec_arc_omni_em,25,0,|zombie/fx_packapunch_zmb|fx|o_zombie_base_packapunch_working_take_gun|xanim|zmcore_packapunch|zbarrier|maps/zm/zm_nightmare.d3dbsp|col_map|zone_source/zm_nightmare.zone|csv
1357,material,ei/gfx_elec_arc_shock_em,26,0,|zombie/fx_packapunch_zmb|fx|o_zombie_base_packapunch_working_take_gun|xanim|zmcore_packapunch|zbarrier|maps/zm/zm_nightmare.d3dbsp|col_map|zone_source/zm_nightmare.zone|csv
1358,material,ei/gfx_smk_whisp_anim_lit,27,0,|zombie/fx_packapunch_zmb|fx|o_zombie_base_packapunch_working_take_gun|xanim|zmcore_packapunch|zbarrier|maps/zm/zm_nightmare.d3dbsp|col_map|zone_source/zm_nightmare.zone|csv
1359,fx,zombie/fx_packapunch_zmb,21415,0,|o_zombie_base_packapunch_working_take_gun|xanim|zmcore_packapunch|zbarrier|maps/zm/zm_nightmare.d3dbsp|col_map|zone_source/zm_nightmare.zone|csv
1360,xanim,o_zombie_base_packapunch_working_take_gun,396,0,|zmcore_packapunch|zbarrier|maps/zm/zm_nightmare.d3dbsp|col_map|zone_source/zm_nightmare.zone|csv
1361,xanim,o_zombie_base_packapunch_flag_down,232,0,|zmcore_packapunch|zbarrier|maps/zm/zm_nightmare.d3dbsp|col_map|zone_source/zm_nightmare.zone|csv
1362,xanim,o_zombie_base_packapunch_flag_up,304,0,|zmcore_packapunch|zbarrier|maps/zm/zm_nightmare.d3dbsp|col_map|zone_source/zm_nightmare.zone|csv
1363,xanim,o_zombie_base_packapunch_worldguns_ejected,460,0,|zmcore_packapunch|zbarrier|maps/zm/zm_nightmare.d3dbsp|col_map|zone_source/zm_nightmare.zone|csv
1364,xanim,o_zombie_base_packapunch_worldguns_taken,360,0,|zmcore_packapunch|zbarrier|maps/zm/zm_nightmare.d3dbsp|col_map|zone_source/zm_nightmare.zone|csv
1365,xanim,o_zombie_base_packapunch_working_loop,660,0,|zmcore_packapunch|zbarrier|maps/zm/zm_nightmare.d3dbsp|col_map|zone_source/zm_nightmare.zone|csv
1366,zbarrier,zmcore_packapunch,18,0,|maps/zm/zm_nightmare.d3dbsp|col_map|zone_source/zm_nightmare.zone|csv
1367,image,i_mtl_p7_zm_zod_table_ritual_m,119,196608,|mc/mtl_p7_zm_zod_table_ritual_blend|material|p7_zm_zod_table_ritual|xmodel|maps/zm/zm_nightmare.d3dbsp|col_map|zone_source/zm_nightmare.zone|csv
1368,image,i_mtl_p7_zm_zod_table_ritual_n,295,1419960,|mc/mtl_p7_zm_zod_table_ritual_blend|material|p7_zm_zod_table_ritual|xmodel|maps/zm/zm_nightmare.d3dbsp|col_map|zone_source/zm_nightmare.zone|csv
1369,material,mc/mtl_p7_zm_zod_table_ritual_blend,1636,0,|p7_zm_zod_table_ritual|xmodel|maps/zm/zm_nightmare.d3dbsp|col_map|zone_source/zm_nightmare.zone|csv
1370,image,i_mtl_p7_zm_zod_table_ritual_blood_n,117,393216,|mc/mtl_p7_zm_zod_table_ritual_blood_dirty|material|p7_zm_zod_table_ritual|xmodel|maps/zm/zm_nightmare.d3dbsp|col_map|zone_source/zm_nightmare.zone|csv
1371,image,i_mtl_p7_zm_zod_table_ritual_blood_c,293,393216,|mc/mtl_p7_zm_zod_table_ritual_blood_dirty|material|p7_zm_zod_table_ritual|xmodel|maps/zm/zm_nightmare.d3dbsp|col_map|zone_source/zm_nightmare.zone|csv
1372,material,mc/mtl_p7_zm_zod_table_ritual_blood_dirty,1662,0,|p7_zm_zod_table_ritual|xmodel|maps/zm/zm_nightmare.d3dbsp|col_map|zone_source/zm_nightmare.zone|csv
1373,image,i_mtl_p7_cai_street_vendor_02_dirty_c,134,131072,|mc/mtl_p7_zm_zod_table_ritual_stone_dirty|material|p7_zm_zod_table_ritual|xmodel|maps/zm/zm_nightmare.d3dbsp|col_map|zone_source/zm_nightmare.zone|csv
1374,material,mc/mtl_p7_zm_zod_table_ritual_stone_dirty,1370,0,|p7_zm_zod_table_ritual|xmodel|maps/zm/zm_nightmare.d3dbsp|col_map|zone_source/zm_nightmare.zone|csv
1375,xmodelmesh,p7_zm_zod_table_ritual_lod11fe4beb8,464,127088,|p7_zm_zod_table_ritual|xmodel|maps/zm/zm_nightmare.d3dbsp|col_map|zone_source/zm_nightmare.zone|csv
1376,xmodelmesh,p7_zm_zod_table_ritual_lod0d53eb831,456,160496,|p7_zm_zod_table_ritual|xmodel|maps/zm/zm_nightmare.d3dbsp|col_map|zone_source/zm_nightmare.zone|csv
1377,xmodel,p7_zm_zod_table_ritual,14300,0,|maps/zm/zm_nightmare.d3dbsp|col_map|zone_source/zm_nightmare.zone|csv
1378,material,mc/bullet_collision_metalthin,1500,0,|p7_barricade_metal_gate_02_black|xmodel|maps/zm/zm_nightmare.d3dbsp|col_map|zone_source/zm_nightmare.zone|csv
1379,image,i_mtl_p7_barricade_metal_gate_02_n,131,367776,|mc/mtl_p7_barricade_metal_gate_02_black|material|p7_barricade_metal_gate_02_black|xmodel|maps/zm/zm_nightmare.d3dbsp|col_map|zone_source/zm_nightmare.zone|csv
1380,image,i_mtl_p7_barricade_metal_gate_02_black_c,289,742728,|mc/mtl_p7_barricade_metal_gate_02_black|material|p7_barricade_metal_gate_02_black|xmodel|maps/zm/zm_nightmare.d3dbsp|col_map|zone_source/zm_nightmare.zone|csv
1381,material,mc/mtl_p7_barricade_metal_gate_02_black,836,0,|p7_barricade_metal_gate_02_black|xmodel|maps/zm/zm_nightmare.d3dbsp|col_map|zone_source/zm_nightmare.zone|csv
1382,material,mc/global_invisible,21,0,|tag_origin|xmodel|zmcore_magicbox|zbarrier|maps/zm/zm_nightmare.d3dbsp|col_map|zone_source/zm_nightmare.zone|csv
1383,xmodelmesh,p7_barricade_metal_gate_02_lod060259a7a,459,33704,|p7_barricade_metal_gate_02_black|xmodel|maps/zm/zm_nightmare.d3dbsp|col_map|zone_source/zm_nightmare.zone|csv
1384,xmodelmesh,p7_barricade_metal_gate_02_lod043ae8013,464,55328,|p7_barricade_metal_gate_02_black|xmodel|maps/zm/zm_nightmare.d3dbsp|col_map|zone_source/zm_nightmare.zone|csv
1385,xmodelmesh,p7_barricade_metal_gate_02_col21fa1bd0,10304,0,|p7_barricade_metal_gate_02_black|xmodel|maps/zm/zm_nightmare.d3dbsp|col_map|zone_source/zm_nightmare.zone|csv
1386,xmodel,p7_barricade_metal_gate_02_black,10552,0,|maps/zm/zm_nightmare.d3dbsp|col_map|zone_source/zm_nightmare.zone|csv
1387,image,i_mtl_p7_zm_der_magic_box_fake_leather_m,137,413416,|mc/mtl_p7_zm_der_magic_box_fake_leather|material|p7_zm_der_magic_box_fake_trunk|xmodel|p7_zm_der_magic_box_fake|xmodel|zmcore_magicbox|zbarrier|maps/zm/zm_nightmare.d3dbsp|col_map|zone_source/zm_nightmare.zone|csv
1388,image,i_t7_cloth_leather_black_n,28,0,|mc/mtl_p7_zm_der_magic_box_fake_leather|material|p7_zm_der_magic_box_fake_trunk|xmodel|p7_zm_der_magic_box_fake|xmodel|zmcore_magicbox|zbarrier|maps/zm/zm_nightmare.d3dbsp|col_map|zone_source/zm_nightmare.zone|csv
1389,image,i_mtl_p7_zm_der_magic_box_fake_leather_n,313,742760,|mc/mtl_p7_zm_der_magic_box_fake_leather|material|p7_zm_der_magic_box_fake_trunk|xmodel|p7_zm_der_magic_box_fake|xmodel|zmcore_magicbox|zbarrier|maps/zm/zm_nightmare.d3dbsp|col_map|zone_source/zm_nightmare.zone|csv
1390,image,i_t7_cloth_leather_white_c,259,720872,|mc/mtl_p7_zm_der_magic_box_fake_leather|material|p7_zm_der_magic_box_fake_trunk|xmodel|p7_zm_der_magic_box_fake|xmodel|zmcore_magicbox|zbarrier|maps/zm/zm_nightmare.d3dbsp|col_map|zone_source/zm_nightmare.zone|csv
1391,material,mc/mtl_p7_zm_der_magic_box_fake_leather,1567,0,|p7_zm_der_magic_box_fake_trunk|xmodel|p7_zm_der_magic_box_fake|xmodel|zmcore_magicbox|zbarrier|maps/zm/zm_nightmare.d3dbsp|col_map|zone_source/zm_nightmare.zone|csv
1392,image,i_mtl_p7_zm_der_magic_box_fake_metal_m,295,196624,|mc/mtl_p7_zm_der_magic_box_fake_metal|material|p7_zm_der_magic_box_fake_trunk|xmodel|p7_zm_der_magic_box_fake|xmodel|zmcore_magicbox|zbarrier|maps/zm/zm_nightmare.d3dbsp|col_map|zone_source/zm_nightmare.zone|csv
1393,image,i_mtl_p7_zm_der_magic_box_fake_metal_o,11215,0,|mc/mtl_p7_zm_der_magic_box_fake_metal|material|p7_zm_der_magic_box_fake_trunk|xmodel|p7_zm_der_magic_box_fake|xmodel|zmcore_magicbox|zbarrier|maps/zm/zm_nightmare.d3dbsp|col_map|zone_source/zm_nightmare.zone|csv
1394,image,i_t7_metal_worn_iron_dark_g,92,196592,|mc/mtl_p7_zm_der_magic_box_metal|material|p7_zm_der_magic_box|xmodel|zmcore_magicbox|zbarrier|maps/zm/zm_nightmare.d3dbsp|col_map|zone_source/zm_nightmare.zone|csv
1395,image,i_mtl_p7_zm_der_magic_box_fake_metal_n,351,371416,|mc/mtl_p7_zm_der_magic_box_fake_metal|material|p7_zm_der_magic_box_fake_trunk|xmodel|p7_zm_der_magic_box_fake|xmodel|zmcore_magicbox|zbarrier|maps/zm/zm_nightmare.d3dbsp|col_map|zone_source/zm_nightmare.zone|csv
1396,material,mc/mtl_p7_zm_der_magic_box_fake_metal,1671,0,|p7_zm_der_magic_box_fake_trunk|xmodel|p7_zm_der_magic_box_fake|xmodel|zmcore_magicbox|zbarrier|maps/zm/zm_nightmare.d3dbsp|col_map|zone_source/zm_nightmare.zone|csv
1397,xmodelmesh,p7_zm_der_magic_box_fake_trunk_lod08d623c9a,360,65792,|p7_zm_der_magic_box_fake_trunk|xmodel|p7_zm_der_magic_box_fake|xmodel|zmcore_magicbox|zbarrier|maps/zm/zm_nightmare.d3dbsp|col_map|zone_source/zm_nightmare.zone|csv
1398,xmodelmesh,p7_zm_der_magic_box_fake_trunk_lod06b7b3f44,352,99648,|p7_zm_der_magic_box_fake_trunk|xmodel|p7_zm_der_magic_box_fake|xmodel|zmcore_magicbox|zbarrier|maps/zm/zm_nightmare.d3dbsp|col_map|zone_source/zm_nightmare.zone|csv
1399,xmodelmesh,p7_zm_der_magic_box_fake_trunk_colcebf6d45,1192,0,|p7_zm_der_magic_box_fake_trunk|xmodel|p7_zm_der_magic_box_fake|xmodel|zmcore_magicbox|zbarrier|maps/zm/zm_nightmare.d3dbsp|col_map|zone_source/zm_nightmare.zone|csv
1400,xmodel,p7_zm_der_magic_box_fake_trunk,1144,0,|p7_zm_der_magic_box_fake|xmodel|zmcore_magicbox|zbarrier|maps/zm/zm_nightmare.d3dbsp|col_map|zone_source/zm_nightmare.zone|csv
1401,image,i_p7_zm_teddybear_n,68,708352,|mc/mtl_p7_zm_teddybear_eyes|material|p7_zm_der_magic_box_fake|xmodel|zmcore_magicbox|zbarrier|maps/zm/zm_nightmare.d3dbsp|col_map|zone_source/zm_nightmare.zone|csv
1402,image,i_p7_zm_teddybear_c,276,720896,|mc/mtl_p7_zm_teddybear_eyes|material|p7_zm_der_magic_box_fake|xmodel|zmcore_magicbox|zbarrier|maps/zm/zm_nightmare.d3dbsp|col_map|zone_source/zm_nightmare.zone|csv
1403,material,mc/mtl_p7_zm_teddybear,808,0,|p7_zm_der_magic_box_fake|xmodel|zmcore_magicbox|zbarrier|maps/zm/zm_nightmare.d3dbsp|col_map|zone_source/zm_nightmare.zone|csv
1404,techset,mc/lit_transparent_nocull#e6142445,36,0,|mc/mtl_p7_zm_teddybear_fur|material|p7_zm_der_magic_box_fake|xmodel|zmcore_magicbox|zbarrier|maps/zm/zm_nightmare.d3dbsp|col_map|zone_source/zm_nightmare.zone|csv
1405,material,mc/mtl_p7_zm_teddybear_fur,844,0,|p7_zm_der_magic_box_fake|xmodel|zmcore_magicbox|zbarrier|maps/zm/zm_nightmare.d3dbsp|col_map|zone_source/zm_nightmare.zone|csv
1406,material,mc/mtl_p7_zm_teddybear_eyes,1232,0,|p7_zm_der_magic_box_fake|xmodel|zmcore_magicbox|zbarrier|maps/zm/zm_nightmare.d3dbsp|col_map|zone_source/zm_nightmare.zone|csv
1407,xmodelmesh,p7_zm_der_magic_box_fake_lod05e0fc705,464,230304,|p7_zm_der_magic_box_fake|xmodel|zmcore_magicbox|zbarrier|maps/zm/zm_nightmare.d3dbsp|col_map|zone_source/zm_nightmare.zone|csv
1408,xmodelmesh,p7_zm_der_magic_box_fake_lod040092a18,456,313760,|p7_zm_der_magic_box_fake|xmodel|zmcore_magicbox|zbarrier|maps/zm/zm_nightmare.d3dbsp|col_map|zone_source/zm_nightmare.zone|csv
1409,xmodelmesh,p7_zm_der_magic_box_fake_col85208d31,1712,0,|p7_zm_der_magic_box_fake|xmodel|zmcore_magicbox|zbarrier|maps/zm/zm_nightmare.d3dbsp|col_map|zone_source/zm_nightmare.zone|csv
1410,xmodel,p7_zm_der_magic_box_fake,1888,0,|zmcore_magicbox|zbarrier|maps/zm/zm_nightmare.d3dbsp|col_map|zone_source/zm_nightmare.zone|csv
1411,image,i_mtl_p7_zm_der_magic_box_lid_wood_n,133,2798272,|mc/mtl_p7_zm_der_magic_box_lid_wood|material|p7_zm_der_magic_box|xmodel|zmcore_magicbox|zbarrier|maps/zm/zm_nightmare.d3dbsp|col_map|zone_source/zm_nightmare.zone|csv
1412,image,i_mtl_p7_zm_der_magic_box_lid_wood_c,277,1419928,|mc/mtl_p7_zm_der_magic_box_lid_wood|material|p7_zm_der_magic_box|xmodel|zmcore_magicbox|zbarrier|maps/zm/zm_nightmare.d3dbsp|col_map|zone_source/zm_nightmare.zone|csv
1413,image,i_t7_detail_wood_02,276,131080,|mc/mtl_p7_zm_der_magic_box_wood_02|material|p7_zm_der_magic_box|xmodel|zmcore_magicbox|zbarrier|maps/zm/zm_nightmare.d3dbsp|col_map|zone_source/zm_nightmare.zone|csv
1414,material,mc/mtl_p7_zm_der_magic_box_lid_wood,1178,0,|p7_zm_der_magic_box|xmodel|zmcore_magicbox|zbarrier|maps/zm/zm_nightmare.d3dbsp|col_map|zone_source/zm_nightmare.zone|csv
1415,image,i_mtl_p7_zm_der_magic_box_wood_01_n,132,2839904,|mc/mtl_p7_zm_der_magic_box_wood_01|material|p7_zm_der_magic_box|xmodel|zmcore_magicbox|zbarrier|maps/zm/zm_nightmare.d3dbsp|col_map|zone_source/zm_nightmare.zone|csv
1416,image,i_mtl_p7_zm_der_magic_box_wood_01_c,276,1419928,|mc/mtl_p7_zm_der_magic_box_wood_01|material|p7_zm_der_magic_box|xmodel|zmcore_magicbox|zbarrier|maps/zm/zm_nightmare.d3dbsp|col_map|zone_source/zm_nightmare.zone|csv
1417,material,mc/mtl_p7_zm_der_magic_box_wood_01,1288,0,|p7_zm_der_magic_box|xmodel|zmcore_magicbox|zbarrier|maps/zm/zm_nightmare.d3dbsp|col_map|zone_source/zm_nightmare.zone|csv
1418,image,i_mtl_p7_zm_der_magic_box_metal_m,106,218448,|mc/mtl_p7_zm_der_magic_box_metal|material|p7_zm_der_magic_box|xmodel|zmcore_magicbox|zbarrier|maps/zm/zm_nightmare.d3dbsp|col_map|zone_source/zm_nightmare.zone|csv
1419,image,i_mtl_p7_zm_der_magic_box_metal_o,290,65536,|mc/mtl_p7_zm_der_magic_box_metal|material|p7_zm_der_magic_box|xmodel|zmcore_magicbox|zbarrier|maps/zm/zm_nightmare.d3dbsp|col_map|zone_source/zm_nightmare.zone|csv
1420,image,i_t7_metal_worn_iron_dark_n,292,371384,|mc/mtl_p7_zm_der_magic_box_metal|material|p7_zm_der_magic_box|xmodel|zmcore_magicbox|zbarrier|maps/zm/zm_nightmare.d3dbsp|col_map|zone_source/zm_nightmare.zone|csv
1421,image,i_t7_metal_paint_rust_brown_g,278,742728,|mc/mtl_p7_zm_der_magic_box_metal|material|p7_zm_der_magic_box|xmodel|zmcore_magicbox|zbarrier|maps/zm/zm_nightmare.d3dbsp|col_map|zone_source/zm_nightmare.zone|csv
1422,image,i_mtl_p7_zm_der_magic_box_metal_n,298,371384,|mc/mtl_p7_zm_der_magic_box_metal|material|p7_zm_der_magic_box|xmodel|zmcore_magicbox|zbarrier|maps/zm/zm_nightmare.d3dbsp|col_map|zone_source/zm_nightmare.zone|csv
1423,image,i_t7_metal_paint_rust_brown_c,278,742728,|mc/mtl_p7_zm_der_magic_box_metal|material|p7_zm_der_magic_box|xmodel|zmcore_magicbox|zbarrier|maps/zm/zm_nightmare.d3dbsp|col_map|zone_source/zm_nightmare.zone|csv
1424,image,i_t7_metal_worn_iron_dark_c,284,196608,|mc/mtl_p7_zm_der_magic_box_metal|material|p7_zm_der_magic_box|xmodel|zmcore_magicbox|zbarrier|maps/zm/zm_nightmare.d3dbsp|col_map|zone_source/zm_nightmare.zone|csv
1425,image,i_t7_metal_worn_iron_dark_s,284,196608,|mc/mtl_p7_zm_der_magic_box_metal|material|p7_zm_der_magic_box|xmodel|zmcore_magicbox|zbarrier|maps/zm/zm_nightmare.d3dbsp|col_map|zone_source/zm_nightmare.zone|csv
1426,material,mc/mtl_p7_zm_der_magic_box_metal,2082,0,|p7_zm_der_magic_box|xmodel|zmcore_magicbox|zbarrier|maps/zm/zm_nightmare.d3dbsp|col_map|zone_source/zm_nightmare.zone|csv
1427,image,i_mtl_p7_zm_der_magic_box_wood_02_n,164,1419992,|mc/mtl_p7_zm_der_magic_box_wood_02|material|p7_zm_der_magic_box|xmodel|zmcore_magicbox|zbarrier|maps/zm/zm_nightmare.d3dbsp|col_map|zone_source/zm_nightmare.zone|csv
1428,image,i_mtl_p7_zm_der_magic_box_wood_02_c,260,742712,|mc/mtl_p7_zm_der_magic_box_wood_02|material|p7_zm_der_magic_box|xmodel|zmcore_magicbox|zbarrier|maps/zm/zm_nightmare.d3dbsp|col_map|zone_source/zm_nightmare.zone|csv
1429,material,mc/mtl_p7_zm_der_magic_box_wood_02,1288,0,|p7_zm_der_magic_box|xmodel|zmcore_magicbox|zbarrier|maps/zm/zm_nightmare.d3dbsp|col_map|zone_source/zm_nightmare.zone|csv
1430,image,i_t7_rope_nylon_02_n,229,196680,|mc/t7_rope_nylon_02|material|p7_zm_der_magic_box|xmodel|zmcore_magicbox|zbarrier|maps/zm/zm_nightmare.d3dbsp|col_map|zone_source/zm_nightmare.zone|csv
1431,image,i_t7_rope_nylon_02_c,213,109176,|mc/t7_rope_nylon_02|material|p7_zm_der_magic_box|xmodel|zmcore_magicbox|zbarrier|maps/zm/zm_nightmare.d3dbsp|col_map|zone_source/zm_nightmare.zone|csv
1432,image,i_t7_detail_acrylic_01_n,233,131048,|mc/t7_rope_nylon_02|material|p7_zm_der_magic_box|xmodel|zmcore_magicbox|zbarrier|maps/zm/zm_nightmare.d3dbsp|col_map|zone_source/zm_nightmare.zone|csv
1433,material,mc/t7_rope_nylon_02,1501,0,|p7_zm_der_magic_box|xmodel|zmcore_magicbox|zbarrier|maps/zm/zm_nightmare.d3dbsp|col_map|zone_source/zm_nightmare.zone|csv
1434,techset,mc/lit_emissive_scroll_3layer_transparent#e6142445,1152299,0,|mc/mtl_p7_zm_der_magic_box_qmark_trim|material|p7_zm_der_magic_box|xmodel|zmcore_magicbox|zbarrier|maps/zm/zm_nightmare.d3dbsp|col_map|zone_source/zm_nightmare.zone|csv
1435,image,i_generic_lookup,18,0,|wc/t7_zm_chalk_buy_m8a4|material|maps/zm/zm_nightmare.d3dbsp|gfx_map|zone_source/zm_nightmare.zone|csv
1436,image,i_mtl_p7_zm_der_magic_box_qmark_bg_c,277,393216,|mc/mtl_p7_zm_der_magic_box_qmark_bg|material|p7_zm_der_magic_box|xmodel|zmcore_magicbox|zbarrier|maps/zm/zm_nightmare.d3dbsp|col_map|zone_source/zm_nightmare.zone|csv
1437,image,i_mtl_p7_zm_der_magic_box_qmark_clds_c,295,393216,|mc/mtl_p7_zm_der_magic_box_qmark_trim|material|p7_zm_der_magic_box|xmodel|zmcore_magicbox|zbarrier|maps/zm/zm_nightmare.d3dbsp|col_map|zone_source/zm_nightmare.zone|csv
1438,material,mc/mtl_p7_zm_der_magic_box_qmark_bg,1775,0,|p7_zm_der_magic_box|xmodel|zmcore_magicbox|zbarrier|maps/zm/zm_nightmare.d3dbsp|col_map|zone_source/zm_nightmare.zone|csv
1439,image,i_mtl_p7_zm_der_magic_box_qmark_trim_c,279,393216,|mc/mtl_p7_zm_der_magic_box_qmark_trim|material|p7_zm_der_magic_box|xmodel|zmcore_magicbox|zbarrier|maps/zm/zm_nightmare.d3dbsp|col_map|zone_source/zm_nightmare.zone|csv
1440,material,mc/mtl_p7_zm_der_magic_box_qmark_trim,1769,0,|p7_zm_der_magic_box|xmodel|zmcore_magicbox|zbarrier|maps/zm/zm_nightmare.d3dbsp|col_map|zone_source/zm_nightmare.zone|csv
1441,xmodelmesh,p7_zm_der_magic_box_lod1b2f92034,920,249888,|p7_zm_der_magic_box|xmodel|zmcore_magicbox|zbarrier|maps/zm/zm_nightmare.d3dbsp|col_map|zone_source/zm_nightmare.zone|csv
1442,xmodelmesh,p7_zm_der_magic_box_lod061c503b5,920,401648,|p7_zm_der_magic_box|xmodel|zmcore_magicbox|zbarrier|maps/zm/zm_nightmare.d3dbsp|col_map|zone_source/zm_nightmare.zone|csv
1443,xmodelmesh,p7_zm_der_magic_box_col5fdd4284,3696,0,|p7_zm_der_magic_box|xmodel|zmcore_magicbox|zbarrier|maps/zm/zm_nightmare.d3dbsp|col_map|zone_source/zm_nightmare.zone|csv
1444,xmodel,p7_zm_der_magic_box,3000,0,|zmcore_magicbox|zbarrier|maps/zm/zm_nightmare.d3dbsp|col_map|zone_source/zm_nightmare.zone|csv
1445,xmodel,tag_origin,12,0,|zmcore_magicbox|zbarrier|maps/zm/zm_nightmare.d3dbsp|col_map|zone_source/zm_nightmare.zone|csv
1446,xanim,o_zombie_magic_box_fake_idle_twitch_a,486,0,|zmcore_magicbox|zbarrier|maps/zm/zm_nightmare.d3dbsp|col_map|zone_source/zm_nightmare.zone|csv
1447,xanim,o_zombie_magic_box_fake_idle_twitch_b,526,0,|zmcore_magicbox|zbarrier|maps/zm/zm_nightmare.d3dbsp|col_map|zone_source/zm_nightmare.zone|csv
1448,xanim,o_zombie_magic_box_leave,3558,0,|zmcore_magicbox|zbarrier|maps/zm/zm_nightmare.d3dbsp|col_map|zone_source/zm_nightmare.zone|csv
1449,xanim,o_zombie_magic_box_arrive,3276,0,|zmcore_magicbox|zbarrier|maps/zm/zm_nightmare.d3dbsp|col_map|zone_source/zm_nightmare.zone|csv
1450,xanim,o_zombie_magic_box_close,268,0,|zmcore_magicbox|zbarrier|maps/zm/zm_nightmare.d3dbsp|col_map|zone_source/zm_nightmare.zone|csv
1451,xanim,o_zombie_magic_box_open,230,0,|zmcore_magicbox|zbarrier|maps/zm/zm_nightmare.d3dbsp|col_map|zone_source/zm_nightmare.zone|csv
1452,xanim,o_zombie_magic_box_teddy_rise,784,0,|zmcore_magicbox|zbarrier|maps/zm/zm_nightmare.d3dbsp|col_map|zone_source/zm_nightmare.zone|csv
1453,xanim,o_zombie_magic_box_weapon_rise,968,0,|zmcore_magicbox|zbarrier|maps/zm/zm_nightmare.d3dbsp|col_map|zone_source/zm_nightmare.zone|csv
1454,xanim,o_zombie_magic_box_weapon_dual_rise,328,0,|zmcore_magicbox|zbarrier|maps/zm/zm_nightmare.d3dbsp|col_map|zone_source/zm_nightmare.zone|csv
1455,zbarrier,zmcore_magicbox,16,0,|maps/zm/zm_nightmare.d3dbsp|col_map|zone_source/zm_nightmare.zone|csv
1456,com_map,maps/zm/zm_nightmare.d3dbsp,51408,0,|maps/zm/zm_nightmare.d3dbsp|col_map|zone_source/zm_nightmare.zone|csv
1457,techset,mc/sky_hdr#e6142445,151036,0,|mc/mtl_skybox_default_black|material|skybox_default_black|xmodel|maps/zm/zm_nightmare.d3dbsp|gfx_map|zone_source/zm_nightmare.zone|csv
1458,image,skybox_default_black#ec07c58e,30,0,|mc/mtl_skybox_default_black|material|skybox_default_black|xmodel|maps/zm/zm_nightmare.d3dbsp|gfx_map|zone_source/zm_nightmare.zone|csv
1459,material,mc/mtl_skybox_default_black,618,0,|skybox_default_black|xmodel|maps/zm/zm_nightmare.d3dbsp|gfx_map|zone_source/zm_nightmare.zone|csv
1460,xmodel,skybox_default_black,92,0,|maps/zm/zm_nightmare.d3dbsp|gfx_map|zone_source/zm_nightmare.zone|csv
1461,image,zm_nightmare_sky_img#ec07c58e,30,0,|mc/mtl_skybox_zm_nightmare|material|zm_nightmare_sky_mdl|xmodel|maps/zm/zm_nightmare.d3dbsp|gfx_map|zone_source/zm_nightmare.zone|csv
1462,material,mc/mtl_skybox_zm_nightmare,486,0,|zm_nightmare_sky_mdl|xmodel|maps/zm/zm_nightmare.d3dbsp|gfx_map|zone_source/zm_nightmare.zone|csv
1463,xmodelmesh,p7_lgt_skybake_modeleb38e49,224,16992,|zm_nightmare_sky_mdl|xmodel|maps/zm/zm_nightmare.d3dbsp|gfx_map|zone_source/zm_nightmare.zone|csv
1464,xmodel,zm_nightmare_sky_mdl,152,0,|maps/zm/zm_nightmare.d3dbsp|gfx_map|zone_source/zm_nightmare.zone|csv
1465,techset,wc/lit_emissive_scroll_transparent#882572b8,1257548,0,|wc/t7_zm_chalk_buy_m8a4|material|maps/zm/zm_nightmare.d3dbsp|gfx_map|zone_source/zm_nightmare.zone|csv
1466,image,$camo_base_gloss,18,0,|wc/t7_zm_chalk_buy_m8a4|material|maps/zm/zm_nightmare.d3dbsp|gfx_map|zone_source/zm_nightmare.zone|csv
1467,image,i_t7_zm_chalk_buy_shiva_c,234,729584,|wc/t7_zm_chalk_buy_shiva|material|maps/zm/zm_nightmare.d3dbsp|gfx_map|zone_source/zm_nightmare.zone|csv
1468,image,$camo_base_mask,17,0,|wc/t7_zm_chalk_buy_m8a4|material|maps/zm/zm_nightmare.d3dbsp|gfx_map|zone_source/zm_nightmare.zone|csv
1469,image,$camo_base_normal,19,0,|wc/t7_zm_chalk_buy_m8a4|material|maps/zm/zm_nightmare.d3dbsp|gfx_map|zone_source/zm_nightmare.zone|csv
1470,material,wc/t7_zm_chalk_buy_shiva,1436,0,|maps/zm/zm_nightmare.d3dbsp|gfx_map|zone_source/zm_nightmare.zone|csv
1471,image,i_t7_zm_chalk_buy_bowie_c,282,720896,|wc/t7_zm_chalk_buy_bowie|material|maps/zm/zm_nightmare.d3dbsp|gfx_map|zone_source/zm_nightmare.zone|csv
1472,material,wc/t7_zm_chalk_buy_bowie,1030,0,|maps/zm/zm_nightmare.d3dbsp|gfx_map|zone_source/zm_nightmare.zone|csv
1473,image,i_t7_zm_chalk_buy_triton_c,267,371360,|wc/t7_zm_chalk_buy_triton|material|maps/zm/zm_nightmare.d3dbsp|gfx_map|zone_source/zm_nightmare.zone|csv
1474,material,wc/t7_zm_chalk_buy_triton,1029,0,|maps/zm/zm_nightmare.d3dbsp|gfx_map|zone_source/zm_nightmare.zone|csv
1475,techset,wc/lit_decal_reveal#882572b8,131333,0,|wc/t7_decal_roof_direction_arrow|material|maps/zm/zm_nightmare.d3dbsp|gfx_map|zone_source/zm_nightmare.zone|csv
1476,image,i_t7_decal_roof_direction_arrow_r,114,393208,|wc/t7_decal_roof_direction_arrow|material|maps/zm/zm_nightmare.d3dbsp|gfx_map|zone_source/zm_nightmare.zone|csv
1477,image,i_t7_decal_roof_direction_paint_c,290,393216,|wc/t7_decal_roof_direction_arrow|material|maps/zm/zm_nightmare.d3dbsp|gfx_map|zone_source/zm_nightmare.zone|csv
1478,material,wc/t7_decal_roof_direction_arrow,1415,0,|maps/zm/zm_nightmare.d3dbsp|gfx_map|zone_source/zm_nightmare.zone|csv
1479,techset,wc/shadowcaster#882572b8,158241,0,|wc/shadowcaster|material|maps/zm/zm_nightmare.d3dbsp|gfx_map|zone_source/zm_nightmare.zone|csv
1480,image,shadow,43775,0,|wc/shadowcaster|material|maps/zm/zm_nightmare.d3dbsp|gfx_map|zone_source/zm_nightmare.zone|csv
1481,material,wc/shadowcaster,1072,0,|maps/zm/zm_nightmare.d3dbsp|gfx_map|zone_source/zm_nightmare.zone|csv
1482,techset,wc/lit_micro_tile_blend_plus#882572b8,260630,0,|wc/t7_metal_black_rusty|material|maps/zm/zm_nightmare.d3dbsp|gfx_map|zone_source/zm_nightmare.zone|csv
1483,image,i_t7_micro_metal_grunge_lathed_01_m,44,87376,|wc/t7_metal_black_rusty|material|maps/zm/zm_nightmare.d3dbsp|gfx_map|zone_source/zm_nightmare.zone|csv
1484,image,i_t7_metal_rust_01_n,285,109240,|wc/t7_metal_black_rusty|material|maps/zm/zm_nightmare.d3dbsp|gfx_map|zone_source/zm_nightmare.zone|csv
1485,image,i_t7_metal_copper_oxidized_02_n,288,393216,|wc/t7_metal_black_rusty|material|maps/zm/zm_nightmare.d3dbsp|gfx_map|zone_source/zm_nightmare.zone|csv
1486,image,i_t7_metal_copper_oxidized_02_g,280,742728,|wc/t7_metal_black_rusty|material|maps/zm/zm_nightmare.d3dbsp|gfx_map|zone_source/zm_nightmare.zone|csv
1487,image,i_t7_micro_metal_grunge_lathed_01_n,300,371384,|wc/t7_metal_black_rusty|material|maps/zm/zm_nightmare.d3dbsp|gfx_map|zone_source/zm_nightmare.zone|csv
1488,image,i_t7_metal_rust_01_g,269,218440,|wc/t7_metal_black_rusty|material|maps/zm/zm_nightmare.d3dbsp|gfx_map|zone_source/zm_nightmare.zone|csv
1489,image,i_t7_metal_copper_oxidized_02_c,288,196608,|wc/t7_metal_black_rusty|material|maps/zm/zm_nightmare.d3dbsp|gfx_map|zone_source/zm_nightmare.zone|csv
1490,image,i_t7_metal_rust_01_c,277,196608,|wc/t7_metal_black_rusty|material|maps/zm/zm_nightmare.d3dbsp|gfx_map|zone_source/zm_nightmare.zone|csv
1491,material,wc/t7_metal_black_rusty,1379,0,|maps/zm/zm_nightmare.d3dbsp|gfx_map|zone_source/zm_nightmare.zone|csv
1492,techset,wc/lit#882572b8,109024,0,|wc/t7_dirt_fertile_dark|material|maps/zm/zm_nightmare.d3dbsp|gfx_map|zone_source/zm_nightmare.zone|csv
1493,image,i_p7_vld_wood_roof_base_n,290,1419960,|wc/p7_vld_wood_roof_base|material|maps/zm/zm_nightmare.d3dbsp|gfx_map|zone_source/zm_nightmare.zone|csv
1494,image,i_p7_vld_wood_roof_base_c,274,742728,|wc/p7_vld_wood_roof_base|material|maps/zm/zm_nightmare.d3dbsp|gfx_map|zone_source/zm_nightmare.zone|csv
1495,material,wc/p7_vld_wood_roof_base,820,0,|maps/zm/zm_nightmare.d3dbsp|gfx_map|zone_source/zm_nightmare.zone|csv
1496,techset,wc/lit_water_sim_flow_normal#882572b8,39,0,|wc/t7_water_ocean_surface_flow|material|maps/zm/zm_nightmare.d3dbsp|gfx_map|zone_source/zm_nightmare.zone|csv
1497,image,i_t7_water_ocean_surface_f,67,65536,|wc/t7_water_ocean_surface_flow|material|maps/zm/zm_nightmare.d3dbsp|gfx_map|zone_source/zm_nightmare.zone|csv
1498,image,img_refraction_zfeather_small_ramp,795,0,|wc/t7_water_zm_der_vats|material|maps/zm/zm_nightmare.d3dbsp|gfx_map|zone_source/zm_nightmare.zone|csv
1499,image,i_t7_water_ocean_surface_n,43,1419960,|wc/t7_water_ocean_surface_flow|material|maps/zm/zm_nightmare.d3dbsp|gfx_map|zone_source/zm_nightmare.zone|csv
1500,image,i_t7_water_variant_opacity_100_c,289,1441792,|wc/t7_water_zm_der_vats|material|maps/zm/zm_nightmare.d3dbsp|gfx_map|zone_source/zm_nightmare.zone|csv
1501,material,wc/t7_water_ocean_surface_flow,2359,0,|maps/zm/zm_nightmare.d3dbsp|gfx_map|zone_source/zm_nightmare.zone|csv
1502,image,i_t7_stone_travertine_n,120,1441792,|wc/t7_stone_marble_dark_01|material|maps/zm/zm_nightmare.d3dbsp|gfx_map|zone_source/zm_nightmare.zone|csv
1503,image,i_t7_stone_marble_light_01_c,277,742728,|wc/t7_stone_marble_dark_01|material|maps/zm/zm_nightmare.d3dbsp|gfx_map|zone_source/zm_nightmare.zone|csv
1504,material,wc/t7_stone_marble_dark_01,1483,0,|maps/zm/zm_nightmare.d3dbsp|gfx_map|zone_source/zm_nightmare.zone|csv
1505,techset,wc/lit_micro_tile_blend#882572b8,208329,0,|wc/t7_stone_cobblestone_01_mossy_r02_wet|material|maps/zm/zm_nightmare.d3dbsp|gfx_map|zone_source/zm_nightmare.zone|csv
1506,image,i_t7_stone_cobblestone_01_r02,118,196608,|wc/t7_stone_cobblestone_01_mossy_r02_wet|material|maps/zm/zm_nightmare.d3dbsp|gfx_map|zone_source/zm_nightmare.zone|csv
1507,image,i_t7_stone_cobblestone_01_n,292,1419960,|wc/t7_stone_cobblestone_01_mossy_r02_wet|material|maps/zm/zm_nightmare.d3dbsp|gfx_map|zone_source/zm_nightmare.zone|csv
1508,image,i_t7_mud_ground_dirt_wet_01_n,286,1441792,|wc/t7_stone_cobblestone_01_mossy_r02_wet|material|maps/zm/zm_nightmare.d3dbsp|gfx_map|zone_source/zm_nightmare.zone|csv
1509,image,i_t7_mud_ground_dirt_wet_01_c,278,742728,|wc/t7_stone_cobblestone_01_mossy_r02_wet|material|maps/zm/zm_nightmare.d3dbsp|gfx_map|zone_source/zm_nightmare.zone|csv
1510,image,i_t7_stone_cobblestone_01_c,284,720896,|wc/t7_stone_cobblestone_01_mossy_r02_wet|material|maps/zm/zm_nightmare.d3dbsp|gfx_map|zone_source/zm_nightmare.zone|csv
1511,material,wc/t7_stone_cobblestone_01_mossy_r02_wet,1653,0,|maps/zm/zm_nightmare.d3dbsp|gfx_map|zone_source/zm_nightmare.zone|csv
1512,image,i_t7_wood_planks_rustic_n,106,1419960,|wc/t7_wood_planks_rustic_drk|material|maps/zm/zm_nightmare.d3dbsp|gfx_map|zone_source/zm_nightmare.zone|csv
1513,image,i_t7_wood_planks_rustic_c,274,742728,|wc/t7_wood_planks_rustic_drk|material|maps/zm/zm_nightmare.d3dbsp|gfx_map|zone_source/zm_nightmare.zone|csv
1514,material,wc/t7_wood_planks_rustic_drk,1260,0,|maps/zm/zm_nightmare.d3dbsp|gfx_map|zone_source/zm_nightmare.zone|csv
1515,techset,wc/lit_detail#882572b8,183007,0,|wc/t7_brick_worn_dirty_red|material|maps/zm/zm_nightmare.d3dbsp|gfx_map|zone_source/zm_nightmare.zone|csv
1516,image,i_t7_brick_worn_dirty_red_n,108,1419960,|wc/t7_brick_worn_dirty_red|material|maps/zm/zm_nightmare.d3dbsp|gfx_map|zone_source/zm_nightmare.zone|csv
1517,image,i_t7_brick_worn_dirty_red_c,276,742728,|wc/t7_brick_worn_dirty_red|material|maps/zm/zm_nightmare.d3dbsp|gfx_map|zone_source/zm_nightmare.zone|csv
1518,image,i_t7_detail_concrete_01,288,109240,|wc/t7_brick_worn_dirty_red|material|maps/zm/zm_nightmare.d3dbsp|gfx_map|zone_source/zm_nightmare.zone|csv
1519,material,wc/t7_brick_worn_dirty_red,1289,0,|maps/zm/zm_nightmare.d3dbsp|gfx_map|zone_source/zm_nightmare.zone|csv
1520,image,i_t7_dirt_fertile_n,276,1441792,|wc/t7_dirt_fertile_dark|material|maps/zm/zm_nightmare.d3dbsp|gfx_map|zone_source/zm_nightmare.zone|csv
1521,image,i_t7_dirt_fertile_dark_c,273,742728,|wc/t7_dirt_fertile_dark|material|maps/zm/zm_nightmare.d3dbsp|gfx_map|zone_source/zm_nightmare.zone|csv
1522,material,wc/t7_dirt_fertile_dark,819,0,|maps/zm/zm_nightmare.d3dbsp|gfx_map|zone_source/zm_nightmare.zone|csv
1523,techset,wc/lit_water_sim_flow_normal_color#882572b8,45,0,|wc/t7_water_zm_der_vats|material|maps/zm/zm_nightmare.d3dbsp|gfx_map|zone_source/zm_nightmare.zone|csv
1524,image,i_t7_water_cp_nw_vat_flow_2,124,1419932,|wc/t7_water_zm_der_vats|material|maps/zm/zm_nightmare.d3dbsp|gfx_map|zone_source/zm_nightmare.zone|csv
1525,image,i_t7_water_foam_r,218,742756,|wc/t7_water_zm_der_vats|material|maps/zm/zm_nightmare.d3dbsp|gfx_map|zone_source/zm_nightmare.zone|csv
1526,material,wc/t7_water_zm_der_vats,2349,0,|maps/zm/zm_nightmare.d3dbsp|gfx_map|zone_source/zm_nightmare.zone|csv
1527,image,i_t7_zm_chalk_buy_krm_c,304,720920,|wc/t7_zm_chalk_buy_krm|material|maps/zm/zm_nightmare.d3dbsp|gfx_map|zone_source/zm_nightmare.zone|csv
1528,material,wc/t7_zm_chalk_buy_krm,1008,0,|maps/zm/zm_nightmare.d3dbsp|gfx_map|zone_source/zm_nightmare.zone|csv
1529,image,i_t7_zm_chalk_buy_vmp_c,280,720896,|wc/t7_zm_chalk_buy_vmp|material|maps/zm/zm_nightmare.d3dbsp|gfx_map|zone_source/zm_nightmare.zone|csv
1530,material,wc/t7_zm_chalk_buy_vmp,1000,0,|maps/zm/zm_nightmare.d3dbsp|gfx_map|zone_source/zm_nightmare.zone|csv
1531,image,i_t7_zm_chalk_buy_kuda_c,281,720896,|wc/t7_zm_chalk_buy_kuda|material|maps/zm/zm_nightmare.d3dbsp|gfx_map|zone_source/zm_nightmare.zone|csv
1532,material,wc/t7_zm_chalk_buy_kuda,1015,0,|maps/zm/zm_nightmare.d3dbsp|gfx_map|zone_source/zm_nightmare.zone|csv
1533,image,i_t7_zm_chalk_buy_arak_c,281,720896,|wc/t7_zm_chalk_buy_arak|material|maps/zm/zm_nightmare.d3dbsp|gfx_map|zone_source/zm_nightmare.zone|csv
1534,material,wc/t7_zm_chalk_buy_arak,1015,0,|maps/zm/zm_nightmare.d3dbsp|gfx_map|zone_source/zm_nightmare.zone|csv
1535,image,i_t7_zm_chalk_buy_m8a4_c,281,720896,|wc/t7_zm_chalk_buy_m8a4|material|maps/zm/zm_nightmare.d3dbsp|gfx_map|zone_source/zm_nightmare.zone|csv
1536,material,wc/t7_zm_chalk_buy_m8a4,1015,0,|maps/zm/zm_nightmare.d3dbsp|gfx_map|zone_source/zm_nightmare.zone|csv
1537,shadowTrees,maps/zm/zm_nightmare.d3dbsp,476,985868,|maps/zm/zm_nightmare.d3dbsp|sunVolumes
1538,shadowTrees,maps/zm/zm_nightmare.d3dbsp,0,0,|maps/zm/zm_nightmare.d3dbsp|sunVolumes
1539,shadowTrees,maps/zm/zm_nightmare.d3dbsp,20640,0,|maps/zm/zm_nightmare.d3dbsp|sunVolumes
1540,shadowTrees,maps/zm/zm_nightmare.d3dbsp,0,0,|maps/zm/zm_nightmare.d3dbsp|sunVolumes
1541,sstMinMaxCPU,maps/zm/zm_nightmare.d3dbsp,699048,0,|maps/zm/zm_nightmare.d3dbsp|sunVolumes
1542,image,sstMinMax_0_0,699316,0,|maps/zm/zm_nightmare.d3dbsp|sunVolumes
1543,sstMinMaxCPU,maps/zm/zm_nightmare.d3dbsp,0,0,|maps/zm/zm_nightmare.d3dbsp|sunVolumes
1544,sstMinMaxCPU,maps/zm/zm_nightmare.d3dbsp,699048,0,|maps/zm/zm_nightmare.d3dbsp|sunVolumes
1545,image,sstMinMax_dummy,699152,0,|maps/zm/zm_nightmare.d3dbsp|sunVolumes
1546,sstMinMaxCPU,maps/zm/zm_nightmare.d3dbsp,0,0,|maps/zm/zm_nightmare.d3dbsp|sunVolumes
1547,image,volume0_state0_reflection_probes_ec07c58e,42,0,|maps/zm/zm_nightmare.d3dbsp|reflectionProbes
1548,image,volume0_state1_reflection_probes_ec07c58e,42,0,|maps/zm/zm_nightmare.d3dbsp|reflectionProbes
1549,image,volume0_state2_reflection_probes_ec07c58e,42,0,|maps/zm/zm_nightmare.d3dbsp|reflectionProbes
1550,image,volume0_state3_reflection_probes_ec07c58e,42,0,|maps/zm/zm_nightmare.d3dbsp|reflectionProbes
1551,reflectionProbes,maps/zm/zm_nightmare.d3dbsp,20926,13650404,|maps/zm/zm_nightmare.d3dbsp|sunVolumes
1552,image,volume0_state0_probe_x_texture_ec07c58e,40,0,|maps/zm/zm_nightmare.d3dbsp|sunVolumes
1553,image,volume0_state0_probe_y_texture_ec07c58e,40,0,|maps/zm/zm_nightmare.d3dbsp|sunVolumes
1554,image,volume0_state0_probe_z_texture_ec07c58e,40,0,|maps/zm/zm_nightmare.d3dbsp|sunVolumes
1555,image,volume0_state1_probe_x_texture_ec07c58e,40,0,|maps/zm/zm_nightmare.d3dbsp|sunVolumes
1556,image,volume0_state1_probe_y_texture_ec07c58e,40,0,|maps/zm/zm_nightmare.d3dbsp|sunVolumes
1557,image,volume0_state1_probe_z_texture_ec07c58e,40,0,|maps/zm/zm_nightmare.d3dbsp|sunVolumes
1558,image,volume0_state2_probe_x_dummy_ec07c58e,38,0,|maps/zm/zm_nightmare.d3dbsp|sunVolumes
1559,image,volume0_state2_probe_y_dummy_ec07c58e,38,0,|maps/zm/zm_nightmare.d3dbsp|sunVolumes
1560,image,volume0_state2_probe_z_dummy_ec07c58e,38,0,|maps/zm/zm_nightmare.d3dbsp|sunVolumes
1561,image,volume0_state3_probe_x_dummy_ec07c58e,38,0,|maps/zm/zm_nightmare.d3dbsp|sunVolumes
1562,image,volume0_state3_probe_y_dummy_ec07c58e,38,0,|maps/zm/zm_nightmare.d3dbsp|sunVolumes
1563,image,volume0_state3_probe_z_dummy_ec07c58e,38,0,|maps/zm/zm_nightmare.d3dbsp|sunVolumes
1564,skyBox,maps/zm/zm_nightmare.d3dbsp,72,33603200,|maps/zm/zm_nightmare.d3dbsp|sunVolumes
1565,skyBox,maps/zm/zm_nightmare.d3dbsp,0,0,|maps/zm/zm_nightmare.d3dbsp|sunVolumes
1566,skyBox,maps/zm/zm_nightmare.d3dbsp,72,384,|maps/zm/zm_nightmare.d3dbsp|sunVolumes
1567,skyBox,maps/zm/zm_nightmare.d3dbsp,0,0,|maps/zm/zm_nightmare.d3dbsp|sunVolumes
1568,shadowTrees,maps/zm/zm_nightmare.d3dbsp,0,0,|maps/zm/zm_nightmare.d3dbsp|sunVolumes
1569,shadowTrees,maps/zm/zm_nightmare.d3dbsp,0,0,|maps/zm/zm_nightmare.d3dbsp|sunVolumes
1570,shadowTrees,maps/zm/zm_nightmare.d3dbsp,0,0,|maps/zm/zm_nightmare.d3dbsp|sunVolumes
1571,shadowTrees,maps/zm/zm_nightmare.d3dbsp,0,0,|maps/zm/zm_nightmare.d3dbsp|sunVolumes
1572,sstMinMaxCPU,maps/zm/zm_nightmare.d3dbsp,0,0,|maps/zm/zm_nightmare.d3dbsp|sunVolumes
1573,sstMinMaxCPU,maps/zm/zm_nightmare.d3dbsp,0,0,|maps/zm/zm_nightmare.d3dbsp|sunVolumes
1574,sstMinMaxCPU,maps/zm/zm_nightmare.d3dbsp,0,0,|maps/zm/zm_nightmare.d3dbsp|sunVolumes
1575,sstMinMaxCPU,maps/zm/zm_nightmare.d3dbsp,0,0,|maps/zm/zm_nightmare.d3dbsp|sunVolumes
1576,image,volume1_state0_reflection_probes_ec07c58e,42,0,|maps/zm/zm_nightmare.d3dbsp|reflectionProbes
1577,image,volume1_state1_reflection_probes_ec07c58e,42,0,|maps/zm/zm_nightmare.d3dbsp|reflectionProbes
1578,image,volume1_state2_reflection_probes_ec07c58e,42,0,|maps/zm/zm_nightmare.d3dbsp|reflectionProbes
1579,image,volume1_state3_reflection_probes_ec07c58e,42,0,|maps/zm/zm_nightmare.d3dbsp|reflectionProbes
1580,reflectionProbes,maps/zm/zm_nightmare.d3dbsp,2904,4259392,|maps/zm/zm_nightmare.d3dbsp|sunVolumes
1581,image,dummy_probe_X_texture0_ec07c58e,32,0,|maps/zm/zm_nightmare.d3dbsp|sunVolumes
1582,image,dummy_probe_Y_texture0_ec07c58e,32,0,|maps/zm/zm_nightmare.d3dbsp|sunVolumes
1583,image,dummy_probe_Z_texture0_ec07c58e,32,0,|maps/zm/zm_nightmare.d3dbsp|sunVolumes
1584,image,dummy_probe_X_texture1_ec07c58e,32,0,|maps/zm/zm_nightmare.d3dbsp|sunVolumes
1585,image,dummy_probe_Y_texture1_ec07c58e,32,0,|maps/zm/zm_nightmare.d3dbsp|sunVolumes
1586,image,dummy_probe_Z_texture1_ec07c58e,32,0,|maps/zm/zm_nightmare.d3dbsp|sunVolumes
1587,image,dummy_probe_X_texture2_ec07c58e,32,0,|maps/zm/zm_nightmare.d3dbsp|sunVolumes
1588,image,dummy_probe_Y_texture2_ec07c58e,32,0,|maps/zm/zm_nightmare.d3dbsp|sunVolumes
1589,image,dummy_probe_Z_texture2_ec07c58e,32,0,|maps/zm/zm_nightmare.d3dbsp|sunVolumes
1590,image,dummy_probe_X_texture3_ec07c58e,32,0,|maps/zm/zm_nightmare.d3dbsp|sunVolumes
1591,image,dummy_probe_Y_texture3_ec07c58e,32,0,|maps/zm/zm_nightmare.d3dbsp|sunVolumes
1592,image,dummy_probe_Z_texture3_ec07c58e,32,0,|maps/zm/zm_nightmare.d3dbsp|sunVolumes
1593,skyBox,maps/zm/zm_nightmare.d3dbsp,0,0,|maps/zm/zm_nightmare.d3dbsp|sunVolumes
1594,skyBox,maps/zm/zm_nightmare.d3dbsp,0,0,|maps/zm/zm_nightmare.d3dbsp|sunVolumes
1595,skyBox,maps/zm/zm_nightmare.d3dbsp,0,0,|maps/zm/zm_nightmare.d3dbsp|sunVolumes
1596,skyBox,maps/zm/zm_nightmare.d3dbsp,0,0,|maps/zm/zm_nightmare.d3dbsp|sunVolumes
1597,sunVolumes,maps/zm/zm_nightmare.d3dbsp,319506,9781696,|maps/zm/zm_nightmare.d3dbsp|gfx_map|zone_source/zm_nightmare.zone|csv
1598,image,*cookie_array,270,0,|maps/zm/zm_nightmare.d3dbsp|cookieArray
1599,cookieArray,maps/zm/zm_nightmare.d3dbsp,12,0,|maps/zm/zm_nightmare.d3dbsp|gfx_map|zone_source/zm_nightmare.zone|csv
1600,vertexData0,maps/zm/zm_nightmare.d3dbsp,218458,0,|maps/zm/zm_nightmare.d3dbsp|gfx_map|zone_source/zm_nightmare.zone|csv
1601,vertexData1,maps/zm/zm_nightmare.d3dbsp,364128,0,|maps/zm/zm_nightmare.d3dbsp|gfx_map|zone_source/zm_nightmare.zone|csv
1602,indices,maps/zm/zm_nightmare.d3dbsp,67116,0,|maps/zm/zm_nightmare.d3dbsp|gfx_map|zone_source/zm_nightmare.zone|csv
1603,image,vdReveal,262,0,|maps/zm/zm_nightmare.d3dbsp|gfx_map|zone_source/zm_nightmare.zone|csv
1604,gfx_map,maps/zm/zm_nightmare.d3dbsp,802760,0,|zone_source/zm_nightmare.zone|csv
1605,game_map,maps/zm/zm_nightmare.d3dbsp,30751,0,|maps/zm/zm_nightmare.d3dbsp|col_map|zone_source/zm_nightmare.zone|csv
1606,navmesh,maps/zm/zm_nightmare_navmesh,107696,0,|maps/zm/zm_nightmare.d3dbsp|col_map|zone_source/zm_nightmare.zone|csv
1607,col_map,maps/zm/zm_nightmare.d3dbsp,751840,0,|zone_source/zm_nightmare.zone|csv
1608,sound,zm_nightmare.all,1828,0,||assetlist
1609,techset,ei/effect_distortion#2843f95a,31,0,|ei/gfx_distort_heat|material|zombie/fx_ritual_barrier_defend_door_wide_zod_zmb|fx|zone_source/zm_nightmare.zone|csv
1610,material,ei/gfx_distort_heat,21,0,|zombie/fx_ritual_barrier_defend_door_wide_zod_zmb|fx|zone_source/zm_nightmare.zone|csv
1611,material,ei/gfx_spark_omni_em,22,0,|zombie/fx_ritual_barrier_defend_door_wide_zod_zmb|fx|zone_source/zm_nightmare.zone|csv
1612,material,ei/gfx_light_ray_superwide_em,98,0,|zombie/fx_ritual_barrier_defend_door_wide_zod_zmb|fx|zone_source/zm_nightmare.zone|csv
1613,fx,zombie/fx_ritual_barrier_defend_door_wide_zod_zmb,10056,0,|zone_source/zm_nightmare.zone|csv
1614,stringtable,gamedata/weapons/zm/zm_nightmare_weapons.csv,20596,0,|zone_source/zm_nightmare.zone|csv
1615,scriptparsetree,scripts/zm/zm_nightmare.gsc,4693,0,|zone_source/zm_nightmare.zone|csv
1616,scriptparsetree,scripts/zm/zm_nightmare.csc,1344,0,|zone_source/zm_nightmare.zone|csv
1617,scriptparsetree,scripts/zm/zm_custom_power.gsc,5820,0,|zone_source/zm_nightmare.zone|csv
1618,scriptparsetree,scripts/zm/zm_zombie_death.gsc,544,0,|zone_source/zm_nightmare.zone|csv
1619,scriptparsetree,scripts/zm/zm_soulboxes.gsc,2548,0,|zone_source/zm_nightmare.zone|csv
1620,scriptparsetree,scripts/zm/zm_usermap.gsc,11892,0,|zone_source/zm_nightmare.zone|csv
1621,scriptparsetree,scripts/zm/zm_elevator.gsc,1484,0,|zone_source/zm_nightmare.zone|csv
1622,scriptparsetree,scripts/zm/_zm_powerup_strange_idol.gsc,2148,0,|zone_source/zm_nightmare.zone|csv
1623,scriptparsetree,scripts/zm/_zm_powerup_strange_idol.csc,548,0,|zone_source/zm_nightmare.zone|csv
1624,scriptparsetree,scripts/zm/_zm_altar_bonus_points.gsc,804,0,|zone_source/zm_nightmare.zone|csv
1625,scriptparsetree,scripts/zm/_zm_altar_double_points.gsc,932,0,|zone_source/zm_nightmare.zone|csv
1626,scriptparsetree,scripts/zm/_zm_altar_full_ammo.gsc,944,0,|zone_source/zm_nightmare.zone|csv
1627,scriptparsetree,scripts/zm/_zm_altar_insta_kill.gsc,904,0,|zone_source/zm_nightmare.zone|csv
1628,scriptparsetree,scripts/zm/_zm_altar_strange_idol.gsc,2504,0,|zone_source/zm_nightmare.zone|csv
1629,keyvaluepairs,zm_nightmare,2926,0,||assetlist
1630,material,gfx_decal_blood_nonfatal_01|dup,33,0,||assetlist
1631,material,vd/gfx_decal_blood_nonfatal_01|dup,36,0,||assetlist
1632,material,vdd/gfx_decal_blood_nonfatal_01|dup,37,0,||assetlist
1633,material,gfx_decal_blood_nonfatal_02|dup,33,0,||assetlist
1634,material,vd/gfx_decal_blood_nonfatal_02|dup,36,0,||assetlist
1635,material,vdd/gfx_decal_blood_nonfatal_02|dup,37,0,||assetlist
1636,material,gfx_decal_blood_fatal_01|dup,30,0,||assetlist
1637,material,vd/gfx_decal_blood_fatal_01|dup,33,0,||assetlist
1638,material,vdd/gfx_decal_blood_fatal_01|dup,34,0,||assetlist
1639,material,gfx_decal_blood_fatal_02|dup,30,0,||assetlist
1640,material,vd/gfx_decal_blood_fatal_02|dup,33,0,||assetlist
1641,material,vdd/gfx_decal_blood_fatal_02|dup,34,0,||assetlist
1642,bgcache,zm_nightmare,12147,0,||assetlist
1643,image,i_t7_micro_stone_jagged_c,27,0,|mc/mtl_p7_debris_concrete_rubble_med_03_fx|material|p7_debris_concrete_rubble_med_06_no_metal_fx|xmodel|maps/zm/zm_nightmare.d3dbsp|gfx_map|zone_source/zm_nightmare.zone|csv
1644,image,i_t7_micro_stone_jagged_n,27,0,|mc/mtl_p7_debris_concrete_rubble_med_03_fx|material|p7_debris_concrete_rubble_med_06_no_metal_fx|xmodel|maps/zm/zm_nightmare.d3dbsp|gfx_map|zone_source/zm_nightmare.zone|csv
1645,image,i_c_gen_gib_gore_arm_right_c,30,0,|mc/mtl_c_gen_gib_gore_arm_right_a|material|c_zom_zod_zombie_fem_body1_g_larmspawn|xmodel|c_zom_der_zombie_gib_def|scriptbundle|c_zom_der_zombie2_nohat|character|spawner_zm_factory_zombie|aitype|maps/zm/zm_nightmare.d3dbsp|col_map|zone_source/zm_nightmare.zone|csv
1646,image,i_c_gen_gib_gore_arm_right_g,30,0,|mc/mtl_c_gen_gib_gore_arm_right_a|material|c_zom_zod_zombie_fem_body1_g_larmspawn|xmodel|c_zom_der_zombie_gib_def|scriptbundle|c_zom_der_zombie2_nohat|character|spawner_zm_factory_zombie|aitype|maps/zm/zm_nightmare.d3dbsp|col_map|zone_source/zm_nightmare.zone|csv
1647,image,fxt_gel_splat_full_n,22,0,|ei/gfx_gel_splat_full_spec|material|blood/fx_blood_gib_leg_sever_burst|fx|c_zom_der_zombie_gib_def|scriptbundle|c_zom_der_zombie2_nohat|character|spawner_zm_factory_zombie|aitype|maps/zm/zm_nightmare.d3dbsp|col_map|zone_source/zm_nightmare.zone|csv
1648,image,fxt_gel_trail,15,0,|el/gfx_gel_trail_lit|material|blood/fx_blood_trail_zmb|fx|c_zom_der_zombie_gib_def|scriptbundle|c_zom_der_zombie2_nohat|character|spawner_zm_factory_zombie|aitype|maps/zm/zm_nightmare.d3dbsp|col_map|zone_source/zm_nightmare.zone|csv
1649,image,fxt_decal_blood_nonfatal_01,29,0,|vdd/gfx_decal_blood_nonfatal_01|material|blood/fx_blood_decal_impact_ground_sm|fx|blood/fx_blood_gib_leg_sever_burst|fx|c_zom_der_zombie_gib_def|scriptbundle|c_zom_der_zombie2_nohat|character|spawner_zm_factory_zombie|aitype|maps/zm/zm_nightmare.d3dbsp|col_map|zone_source/zm_nightmare.zone|csv
1650,image,fxt_decal_blood_nonfatal_01_n,31,0,|vdd/gfx_decal_blood_nonfatal_01|material|blood/fx_blood_decal_impact_ground_sm|fx|blood/fx_blood_gib_leg_sever_burst|fx|c_zom_der_zombie_gib_def|scriptbundle|c_zom_der_zombie2_nohat|character|spawner_zm_factory_zombie|aitype|maps/zm/zm_nightmare.d3dbsp|col_map|zone_source/zm_nightmare.zone|csv
1651,image,fxt_decal_blood_nonfatal_02,29,0,|vdd/gfx_decal_blood_nonfatal_02|material|blood/fx_blood_decal_impact_ground_sm|fx|blood/fx_blood_gib_leg_sever_burst|fx|c_zom_der_zombie_gib_def|scriptbundle|c_zom_der_zombie2_nohat|character|spawner_zm_factory_zombie|aitype|maps/zm/zm_nightmare.d3dbsp|col_map|zone_source/zm_nightmare.zone|csv
1652,image,fxt_decal_blood_nonfatal_02_n,31,0,|vdd/gfx_decal_blood_nonfatal_02|material|blood/fx_blood_decal_impact_ground_sm|fx|blood/fx_blood_gib_leg_sever_burst|fx|c_zom_der_zombie_gib_def|scriptbundle|c_zom_der_zombie2_nohat|character|spawner_zm_factory_zombie|aitype|maps/zm/zm_nightmare.d3dbsp|col_map|zone_source/zm_nightmare.zone|csv
1653,image,fxt_gel_splat_wide,20,0,|ei/gfx_gel_splat_wide_spec|material|blood/fx_blood_gib_leg_sever_burst|fx|c_zom_der_zombie_gib_def|scriptbundle|c_zom_der_zombie2_nohat|character|spawner_zm_factory_zombie|aitype|maps/zm/zm_nightmare.d3dbsp|col_map|zone_source/zm_nightmare.zone|csv
1654,image,fxt_gel_splat_wide_n,22,0,|ei/gfx_gel_splat_wide_spec|material|blood/fx_blood_gib_leg_sever_burst|fx|c_zom_der_zombie_gib_def|scriptbundle|c_zom_der_zombie2_nohat|character|spawner_zm_factory_zombie|aitype|maps/zm/zm_nightmare.d3dbsp|col_map|zone_source/zm_nightmare.zone|csv
1655,image,fxt_gel_splat_spread_n,24,0,|ei/gfx_gel_splat_spread_spec|material|blood/fx_blood_gib_leg_sever_burst|fx|c_zom_der_zombie_gib_def|scriptbundle|c_zom_der_zombie2_nohat|character|spawner_zm_factory_zombie|aitype|maps/zm/zm_nightmare.d3dbsp|col_map|zone_source/zm_nightmare.zone|csv
1656,image,fxt_gel_splat_radial_n,24,0,|ei/gfx_gel_splat_radial_spec|material|blood/fx_blood_gib_leg_sever_burst|fx|c_zom_der_zombie_gib_def|scriptbundle|c_zom_der_zombie2_nohat|character|spawner_zm_factory_zombie|aitype|maps/zm/zm_nightmare.d3dbsp|col_map|zone_source/zm_nightmare.zone|csv
1657,image,i_mtl_p7_gib_chunk_set_c,26,0,|mc/mtl_gib_chunk_set|material|p7_gib_chunk_bone_03|xmodel|blood/fx_blood_gib_leg_sever_burst|fx|c_zom_der_zombie_gib_def|scriptbundle|c_zom_der_zombie2_nohat|character|spawner_zm_factory_zombie|aitype|maps/zm/zm_nightmare.d3dbsp|col_map|zone_source/zm_nightmare.zone|csv
1658,image,i_mtl_p7_gib_chunk_set_n,26,0,|mc/mtl_gib_chunk_set|material|p7_gib_chunk_bone_03|xmodel|blood/fx_blood_gib_leg_sever_burst|fx|c_zom_der_zombie_gib_def|scriptbundle|c_zom_der_zombie2_nohat|character|spawner_zm_factory_zombie|aitype|maps/zm/zm_nightmare.d3dbsp|col_map|zone_source/zm_nightmare.zone|csv
1659,image,$thickness_base,17,0,|mc/mtl_gib_chunk_set|material|p7_gib_chunk_bone_03|xmodel|blood/fx_blood_gib_leg_sever_burst|fx|c_zom_der_zombie_gib_def|scriptbundle|c_zom_der_zombie2_nohat|character|spawner_zm_factory_zombie|aitype|maps/zm/zm_nightmare.d3dbsp|col_map|zone_source/zm_nightmare.zone|csv
1660,xmodelmesh,p7_gib_chunk_flesh_02_lod0130547db,36,0,|p7_gib_chunk_flesh_02|xmodel|blood/fx_blood_gib_leg_sever_burst|fx|c_zom_der_zombie_gib_def|scriptbundle|c_zom_der_zombie2_nohat|character|spawner_zm_factory_zombie|aitype|maps/zm/zm_nightmare.d3dbsp|col_map|zone_source/zm_nightmare.zone|csv
1661,xmodelmesh,p7_gib_chunk_flesh_02_lod0e9138a03,36,0,|p7_gib_chunk_flesh_02|xmodel|blood/fx_blood_gib_leg_sever_burst|fx|c_zom_der_zombie_gib_def|scriptbundle|c_zom_der_zombie2_nohat|character|spawner_zm_factory_zombie|aitype|maps/zm/zm_nightmare.d3dbsp|col_map|zone_source/zm_nightmare.zone|csv
1662,xmodelmesh,p7_gib_chunk_flesh_02_lod0f19e5642,36,0,|p7_gib_chunk_flesh_02|xmodel|blood/fx_blood_gib_leg_sever_burst|fx|c_zom_der_zombie_gib_def|scriptbundle|c_zom_der_zombie2_nohat|character|spawner_zm_factory_zombie|aitype|maps/zm/zm_nightmare.d3dbsp|col_map|zone_source/zm_nightmare.zone|csv
1663,xmodelmesh,p7_gib_chunk_flesh_02_lod054b1f95a,36,0,|p7_gib_chunk_flesh_02|xmodel|blood/fx_blood_gib_leg_sever_burst|fx|c_zom_der_zombie_gib_def|scriptbundle|c_zom_der_zombie2_nohat|character|spawner_zm_factory_zombie|aitype|maps/zm/zm_nightmare.d3dbsp|col_map|zone_source/zm_nightmare.zone|csv
1664,xmodelmesh,p7_gib_chunk_flesh_02_lod07358800,35,0,|p7_gib_chunk_flesh_02|xmodel|blood/fx_blood_gib_leg_sever_burst|fx|c_zom_der_zombie_gib_def|scriptbundle|c_zom_der_zombie2_nohat|character|spawner_zm_factory_zombie|aitype|maps/zm/zm_nightmare.d3dbsp|col_map|zone_source/zm_nightmare.zone|csv
1665,xmodelmesh,p7_gib_chunk_bone_01_lod0df5d9e09,35,0,|p7_gib_chunk_bone_01|xmodel|blood/fx_blood_gib_leg_sever_burst|fx|c_zom_der_zombie_gib_def|scriptbundle|c_zom_der_zombie2_nohat|character|spawner_zm_factory_zombie|aitype|maps/zm/zm_nightmare.d3dbsp|col_map|zone_source/zm_nightmare.zone|csv
1666,xmodelmesh,p7_gib_chunk_bone_01_lod02c625ab4,35,0,|p7_gib_chunk_bone_01|xmodel|blood/fx_blood_gib_leg_sever_burst|fx|c_zom_der_zombie_gib_def|scriptbundle|c_zom_der_zombie2_nohat|character|spawner_zm_factory_zombie|aitype|maps/zm/zm_nightmare.d3dbsp|col_map|zone_source/zm_nightmare.zone|csv
1667,xmodelmesh,p7_gib_chunk_bone_01_lod0d83e3ca,34,0,|p7_gib_chunk_bone_01|xmodel|blood/fx_blood_gib_leg_sever_burst|fx|c_zom_der_zombie_gib_def|scriptbundle|c_zom_der_zombie2_nohat|character|spawner_zm_factory_zombie|aitype|maps/zm/zm_nightmare.d3dbsp|col_map|zone_source/zm_nightmare.zone|csv
1668,xmodelmesh,p7_gib_chunk_bone_01_lod08581075,34,0,|p7_gib_chunk_bone_01|xmodel|blood/fx_blood_gib_leg_sever_burst|fx|c_zom_der_zombie_gib_def|scriptbundle|c_zom_der_zombie2_nohat|character|spawner_zm_factory_zombie|aitype|maps/zm/zm_nightmare.d3dbsp|col_map|zone_source/zm_nightmare.zone|csv
1669,xmodelmesh,p7_gib_chunk_bone_02_lod0b1c9f59f,35,0,|p7_gib_chunk_bone_02|xmodel|blood/fx_blood_gib_leg_sever_burst|fx|c_zom_der_zombie_gib_def|scriptbundle|c_zom_der_zombie2_nohat|character|spawner_zm_factory_zombie|aitype|maps/zm/zm_nightmare.d3dbsp|col_map|zone_source/zm_nightmare.zone|csv
1670,xmodelmesh,p7_gib_chunk_bone_02_lod09b494f22,35,0,|p7_gib_chunk_bone_02|xmodel|blood/fx_blood_gib_leg_sever_burst|fx|c_zom_der_zombie_gib_def|scriptbundle|c_zom_der_zombie2_nohat|character|spawner_zm_factory_zombie|aitype|maps/zm/zm_nightmare.d3dbsp|col_map|zone_source/zm_nightmare.zone|csv
1671,xmodelmesh,p7_gib_chunk_bone_02_lod026e71683,35,0,|p7_gib_chunk_bone_02|xmodel|blood/fx_blood_gib_leg_sever_burst|fx|c_zom_der_zombie_gib_def|scriptbundle|c_zom_der_zombie2_nohat|character|spawner_zm_factory_zombie|aitype|maps/zm/zm_nightmare.d3dbsp|col_map|zone_source/zm_nightmare.zone|csv
1672,xmodelmesh,p7_gib_chunk_bone_02_lod0143ec579,35,0,|p7_gib_chunk_bone_02|xmodel|blood/fx_blood_gib_leg_sever_burst|fx|c_zom_der_zombie_gib_def|scriptbundle|c_zom_der_zombie2_nohat|character|spawner_zm_factory_zombie|aitype|maps/zm/zm_nightmare.d3dbsp|col_map|zone_source/zm_nightmare.zone|csv
1673,image,fxt_gel_splat_side,20,0,|ei/gfx_gel_splat_side_spec|material|blood/fx_blood_gib_leg_sever_burst|fx|c_zom_der_zombie_gib_def|scriptbundle|c_zom_der_zombie2_nohat|character|spawner_zm_factory_zombie|aitype|maps/zm/zm_nightmare.d3dbsp|col_map|zone_source/zm_nightmare.zone|csv
1674,image,fxt_gel_splat_side_n,22,0,|ei/gfx_gel_splat_side_spec|material|blood/fx_blood_gib_leg_sever_burst|fx|c_zom_der_zombie_gib_def|scriptbundle|c_zom_der_zombie2_nohat|character|spawner_zm_factory_zombie|aitype|maps/zm/zm_nightmare.d3dbsp|col_map|zone_source/zm_nightmare.zone|csv
1675,image,fxt_decal_blood_fatal_01,26,0,|vdd/gfx_decal_blood_fatal_01|material|blood/fx_blood_decal_impact_ground|fx|impacts/fx_bul_impact_blood_head_fatal_exit|fx|c_zom_der_zombie_gib_def|scriptbundle|c_zom_der_zombie2_nohat|character|spawner_zm_factory_zombie|aitype|maps/zm/zm_nightmare.d3dbsp|col_map|zone_source/zm_nightmare.zone|csv
1676,image,fxt_decal_blood_fatal_01_n,28,0,|vdd/gfx_decal_blood_fatal_01|material|blood/fx_blood_decal_impact_ground|fx|impacts/fx_bul_impact_blood_head_fatal_exit|fx|c_zom_der_zombie_gib_def|scriptbundle|c_zom_der_zombie2_nohat|character|spawner_zm_factory_zombie|aitype|maps/zm/zm_nightmare.d3dbsp|col_map|zone_source/zm_nightmare.zone|csv
1677,image,fxt_decal_blood_fatal_02,26,0,|vdd/gfx_decal_blood_fatal_02|material|blood/fx_blood_decal_impact_ground|fx|impacts/fx_bul_impact_blood_head_fatal_exit|fx|c_zom_der_zombie_gib_def|scriptbundle|c_zom_der_zombie2_nohat|character|spawner_zm_factory_zombie|aitype|maps/zm/zm_nightmare.d3dbsp|col_map|zone_source/zm_nightmare.zone|csv
1678,image,fxt_decal_blood_fatal_02_n,28,0,|vdd/gfx_decal_blood_fatal_02|material|blood/fx_blood_decal_impact_ground|fx|impacts/fx_bul_impact_blood_head_fatal_exit|fx|c_zom_der_zombie_gib_def|scriptbundle|c_zom_der_zombie2_nohat|character|spawner_zm_factory_zombie|aitype|maps/zm/zm_nightmare.d3dbsp|col_map|zone_source/zm_nightmare.zone|csv
1679,image,fxt_water_splash,18,0,|ei/gfx_water_splash_spec|material|blood/fx_blood_gib_leg_sever_burst|fx|c_zom_der_zombie_gib_def|scriptbundle|c_zom_der_zombie2_nohat|character|spawner_zm_factory_zombie|aitype|maps/zm/zm_nightmare.d3dbsp|col_map|zone_source/zm_nightmare.zone|csv
1680,image,fxt_water_splash_n,20,0,|ei/gfx_water_splash_spec|material|blood/fx_blood_gib_leg_sever_burst|fx|c_zom_der_zombie_gib_def|scriptbundle|c_zom_der_zombie2_nohat|character|spawner_zm_factory_zombie|aitype|maps/zm/zm_nightmare.d3dbsp|col_map|zone_source/zm_nightmare.zone|csv
1681,image,$color_black_40,17,0,|mc/mtl_char_ger_zombie_eyes|material|c_zom_der_zombie_head3|xmodel|c_zom_der_zombie_headalias|xmodelalias|c_zom_der_zombie2_nohat|character|spawner_zm_factory_zombie|aitype|maps/zm/zm_nightmare.d3dbsp|col_map|zone_source/zm_nightmare.zone|csv
1682,image,zombie_eye,12,0,|mc/mtl_char_ger_zombie_eyes|material|c_zom_der_zombie_head3|xmodel|c_zom_der_zombie_headalias|xmodelalias|c_zom_der_zombie2_nohat|character|spawner_zm_factory_zombie|aitype|maps/zm/zm_nightmare.d3dbsp|col_map|zone_source/zm_nightmare.zone|csv
1683,xmodelmesh,tag_origin712ed15b,20,0,|tag_origin|xmodel|zmcore_magicbox|zbarrier|maps/zm/zm_nightmare.d3dbsp|col_map|zone_source/zm_nightmare.zone|csv
1684,image,fxt_distort_heat,18,0,|ei/gfx_distort_heat|material|zombie/fx_ritual_barrier_defend_door_wide_zod_zmb|fx|zone_source/zm_nightmare.zone|csv
1685,assetlist,,25591,0,
